ticker,period_end,revenue,net_income,eps,source,filed,first_seen,last_updated,revisions
A,2023-10-31,1688000000.0,475000000.0,1.6000000000000005,edgar,2023-12-20,2026-10-03,2026-10-03,0
A,2024-01-31,1658000000.0,348000000.0,1.18,edgar,2024-03-05,2026-10-03,2026-10-03,0
A,2024-04-30,1573000000.0,308000000.0,1.05,edgar,2024-06-03,2026-10-03,2026-10-03,0
A,2024-07-31,1578000000.0,282000000.0,0.97,edgar,2024-08-30,2026-10-03,2026-10-03,0
A,2024-10-31,1701000000.0,351000000.0,1.2299999999999995,edgar,2024-12-20,2026-10-03,2026-10-03,0
A,2025-01-31,1681000000.0,318000000.0,1.11,edgar,2025-03-03,2026-10-03,2026-10-03,0
A,2025-04-30,1668000000.0,215000000.0,0.75,edgar,2025-06-02,2026-10-03,2026-10-03,0
A,2025-07-31,1738000000.0,336000000.0,1.18,edgar,2025-08-29,2026-10-03,2026-10-03,0
A,2025-10-31,1861000000.0,434000000.0,1.5300000000000002,edgar,2025-12-22,2026-10-03,2026-10-03,0
A,2026-01-31,1798000000.0,305000000.0,1.07,edgar,2026-03-03,2026-10-03,2026-10-03,0
A,2026-04-30,1835000000.0,339000000.0,1.2,edgar,2026-06-01,2026-10-03,2026-10-03,0
A,2026-07-31,1878000000.0,362000000.0,1.28,edgar,2026-09-01,2026-10-03,2026-10-03,0
AAMI,2023-09-30,107300000.0,19600000.0,0.46,edgar,2023-11-08,2026-10-03,2026-10-03,0
AAMI,2023-12-31,131200000.0,22800000.0,0.54,edgar,2025-02-27,2026-10-03,2026-10-03,0
AAMI,2024-03-31,105700000.0,14600000.0,0.37,edgar,2024-05-09,2026-10-03,2026-10-03,0
AAMI,2024-06-30,109000000.0,11000000.0,0.29,edgar,2024-08-08,2026-10-03,2026-10-03,0
AAMI,2024-09-30,123100000.0,16900000.0,0.45,edgar,2024-11-07,2026-10-03,2026-10-03,0
AAMI,2024-12-31,167800000.0,42500000.0,1.1100000000000003,edgar,2025-02-27,2026-10-03,2026-10-03,0
AAMI,2025-03-31,119900000.0,20100000.0,0.54,edgar,2025-05-08,2026-10-03,2026-10-03,0
AAMI,2025-06-30,127400000.0,10100000.0,0.28,edgar,2025-08-07,2026-10-03,2026-10-03,0
AAMI,2025-09-30,144200000.0,15100000.0,0.42,edgar,2025-11-06,2026-10-03,2026-10-03,0
AAMI,2025-12-31,172200000.0,34700000.0,0.97,edgar,2026-02-27,2026-10-03,2026-10-03,0
AAMI,2026-03-31,167000000.0,24300000.0,0.68,edgar,2026-05-07,2026-10-03,2026-10-03,0
AAMI,2026-06-30,185100000.0,27300000.0,0.76,edgar,2026-08-06,2026-10-03,2026-10-03,0
AAPL,2023-09-30,89498000000.0,22956000000.0,1.4699999999999998,edgar,2023-11-03,2026-10-03,2026-10-03,0
AAPL,2023-12-30,119575000000.0,33916000000.0,2.18,edgar,2024-02-02,2026-10-03,2026-10-03,0
AAPL,2024-03-30,90753000000.0,23636000000.0,1.53,edgar,2024-05-03,2026-10-03,2026-10-03,0
AAPL,2024-06-29,85777000000.0,21448000000.0,1.4,edgar,2024-08-02,2026-10-03,2026-10-03,0
AAPL,2024-09-28,94930000000.0,14736000000.0,0.9699999999999998,edgar,2024-11-01,2026-10-03,2026-10-03,0
AAPL,2024-12-28,124300000000.0,36330000000.0,2.4,edgar,2025-01-31,2026-10-03,2026-10-03,0
AAPL,2025-03-29,95359000000.0,24780000000.0,1.65,edgar,2025-05-02,2026-10-03,2026-10-03,0
AAPL,2025-06-28,94036000000.0,23434000000.0,1.57,edgar,2025-08-01,2026-10-03,2026-10-03,0
AAPL,2025-09-27,102466000000.0,27466000000.0,1.8399999999999999,edgar,2025-10-31,2026-10-03,2026-10-03,0
AAPL,2025-12-27,143756000000.0,42097000000.0,2.84,edgar,2026-01-30,2026-10-03,2026-10-03,0
AAPL,2026-03-28,111184000000.0,29578000000.0,2.01,edgar,2026-05-01,2026-10-03,2026-10-03,0
AAPL,2026-06-27,109417000000.0,29789000000.0,2.02,edgar,2026-07-31,2026-10-03,2026-10-03,0
ABCL,2023-09-30,6599000.0,-28610000.0,-0.1,edgar,2023-11-02,2026-10-03,2026-10-03,0
ABCL,2023-12-31,9178000.0,-47150000.0,-0.15999999999999998,edgar,2024-02-20,2026-10-03,2026-10-03,0
ABCL,2024-03-31,9954000.0,-40610000.0,-0.14,edgar,2024-05-07,2026-10-03,2026-10-03,0
ABCL,2024-06-30,7323000.0,-36930000.0,-0.13,edgar,2024-08-06,2026-10-03,2026-10-03,0
ABCL,2024-09-30,6507000.0,-51107000.0,-0.17,edgar,2024-11-04,2026-10-03,2026-10-03,0
ABCL,2024-12-31,5049000.0,-34210000.0,-0.10999999999999999,edgar,2025-02-27,2026-10-03,2026-10-03,0
ABCL,2025-03-31,4235000.0,-45621000.0,-0.15,edgar,2025-05-08,2026-10-03,2026-10-03,0
ABCL,2025-06-30,17084000.0,-34727000.0,-0.12,edgar,2025-08-07,2026-10-03,2026-10-03,0
ABCL,2025-09-30,8955000.0,-57119000.0,-0.19,edgar,2025-11-06,2026-10-03,2026-10-03,0
ABCL,2025-12-31,44854000.0,-8945000.0,-0.030000000000000027,edgar,2026-02-24,2026-10-03,2026-10-03,0
ABCL,2026-03-31,8315000.0,-43165000.0,-0.14,edgar,2026-05-11,2026-10-03,2026-10-03,0
ABCL,2026-06-30,4050000.0,-55427000.0,-0.18,edgar,2026-08-05,2026-10-03,2026-10-03,0
ABEO,2018-06-30,276000.0,-12243000.0,-0.26,edgar,2019-08-09,2026-10-03,2026-10-03,0
ABEO,2018-09-30,1709000.0,-16419000.0,-0.34,edgar,2019-11-12,2026-10-03,2026-10-03,0
ABEO,2018-12-31,482000.0,-17479000.0,-0.36,edgar,2019-03-18,2026-10-03,2026-10-03,0
ABEO,2019-03-31,0.0,-18555000.0,-0.39,edgar,2019-05-10,2026-10-03,2026-10-03,0
ABEO,2019-06-30,0.0,-23924000.0,-0.49,edgar,2019-08-09,2026-10-03,2026-10-03,0
ABEO,2020-09-30,7000000.0,-7237000.0,-0.08,edgar,2020-11-09,2026-10-03,2026-10-03,0
ABEO,2022-03-31,346000.0,-22044000.0,-3.8,edgar,2022-05-13,2026-10-03,2026-10-03,0
ABEO,2022-06-30,1000000.0,-4097000.0,1.36,edgar,2022-08-11,2026-10-03,2026-10-03,0
ABEO,2023-06-30,3500000.0,-16654000.0,-0.92,edgar,2023-08-08,2026-10-03,2026-10-03,0
ABEO,2025-06-30,400000.0,108833000.0,1.71,edgar,2025-08-14,2026-10-03,2026-10-03,0
ABEO,2026-03-31,8720000.0,-17075000.0,-0.3,edgar,2026-05-13,2026-10-03,2026-10-03,0
ABEO,2026-06-30,11380000.0,-20191000.0,-0.35,edgar,2026-08-13,2026-10-03,2026-10-03,0
ABM,2023-10-31,2092900000.0,62800000.0,0.96,edgar,2023-12-18,2026-10-03,2026-10-03,0
ABM,2024-01-31,2069600000.0,44700000.0,0.7,edgar,2024-03-07,2026-10-03,2026-10-03,0
ABM,2024-04-30,2018200000.0,43800000.0,0.69,edgar,2024-06-06,2026-10-03,2026-10-03,0
ABM,2024-07-31,2094200000.0,4700000.0,0.07,edgar,2024-09-06,2026-10-03,2026-10-03,0
ABM,2024-10-31,2177400000.0,-11800000.0,-0.17999999999999994,edgar,2024-12-19,2026-10-03,2026-10-03,0
ABM,2025-01-31,2114900000.0,43600000.0,0.69,edgar,2025-03-12,2026-10-03,2026-10-03,0
ABM,2025-04-30,2111700000.0,42200000.0,0.67,edgar,2025-06-06,2026-10-03,2026-10-03,0
ABM,2025-07-31,2224000000.0,41800000.0,0.67,edgar,2025-09-05,2026-10-03,2026-10-03,0
ABM,2025-10-31,2295300000.0,34800000.0,0.5599999999999996,edgar,2025-12-19,2026-10-03,2026-10-03,0
ABM,2026-01-31,2243500000.0,38800000.0,0.64,edgar,2026-03-10,2026-10-03,2026-10-03,0
ABM,2026-04-30,2290000000.0,43100000.0,0.73,edgar,2026-06-05,2026-10-03,2026-10-03,0
ABM,2026-07-31,2317100000.0,49700000.0,0.84,edgar,2026-09-08,2026-10-03,2026-10-03,0
ABNB,2023-09-30,3397000000.0,4374000000.0,,edgar,2023-11-01,2026-10-03,2026-10-03,0
ABNB,2023-12-31,2218000000.0,-349205000.0,,edgar,2024-02-16,2026-10-03,2026-10-03,0
ABNB,2024-03-31,2142000000.0,264000000.0,,edgar,2024-05-08,2026-10-03,2026-10-03,0
ABNB,2024-06-30,2748000000.0,555000000.0,,edgar,2024-08-06,2026-10-03,2026-10-03,0
ABNB,2024-09-30,3732000000.0,1368000000.0,,edgar,2024-11-07,2026-10-03,2026-10-03,0
ABNB,2024-12-31,2480000000.0,461349000.0,,edgar,2025-02-13,2026-10-03,2026-10-03,0
ABNB,2025-03-31,2272000000.0,154000000.0,,edgar,2025-05-01,2026-10-03,2026-10-03,0
ABNB,2025-06-30,3096000000.0,642000000.0,,edgar,2025-08-06,2026-10-03,2026-10-03,0
ABNB,2025-09-30,4095000000.0,1374000000.0,,edgar,2025-11-06,2026-10-03,2026-10-03,0
ABNB,2025-12-31,2778000000.0,341277000.0,,edgar,2026-02-12,2026-10-03,2026-10-03,0
ABNB,2026-03-31,2678000000.0,160000000.0,,edgar,2026-05-07,2026-10-03,2026-10-03,0
ABNB,2026-06-30,3608000000.0,816000000.0,,edgar,2026-08-06,2026-10-03,2026-10-03,0
ABSI,2023-09-30,744000.0,-21994000.0,-0.24,edgar,2023-11-14,2026-10-03,2026-10-03,0
ABSI,2023-12-31,338000.0,-23545000.0,-0.25,edgar,2024-03-21,2026-10-03,2026-10-03,0
ABSI,2024-03-31,898000.0,-21975000.0,-0.22,edgar,2024-05-14,2026-10-03,2026-10-03,0
ABSI,2024-06-30,1270000.0,-24750000.0,-0.22,edgar,2024-08-14,2026-10-03,2026-10-03,0
ABSI,2024-09-30,1701000.0,-27398000.0,-0.24,edgar,2024-11-12,2026-10-03,2026-10-03,0
ABSI,2024-12-31,665000.0,-28983000.0,-0.26,edgar,2025-03-18,2026-10-03,2026-10-03,0
ABSI,2025-03-31,1179000.0,-26346000.0,-0.21,edgar,2025-05-13,2026-10-03,2026-10-03,0
ABSI,2025-06-30,593000.0,-30569000.0,-0.24,edgar,2025-08-12,2026-10-03,2026-10-03,0
ABSI,2025-09-30,378000.0,-28706000.0,-0.2,edgar,2025-11-12,2026-10-03,2026-10-03,0
ABSI,2025-12-31,650000.0,-29562000.0,-0.18999999999999995,edgar,2026-03-24,2026-10-03,2026-10-03,0
ABSI,2026-03-31,215000.0,-29599000.0,-0.19,edgar,2026-05-07,2026-10-03,2026-10-03,0
ABSI,2026-06-30,318000.0,-33210000.0,-0.21,edgar,2026-08-11,2026-10-03,2026-10-03,0
ABUS,2023-09-30,4658000.0,-20104000.0,-0.12,edgar,2023-11-07,2026-10-03,2026-10-03,0
ABUS,2023-12-31,2145000.0,-19312000.0,-0.12,edgar,2024-03-05,2026-10-03,2026-10-03,0
ABUS,2024-03-31,1532000.0,-17875000.0,-0.1,edgar,2024-05-02,2026-10-03,2026-10-03,0
ABUS,2024-06-30,1726000.0,-19796000.0,-0.11,edgar,2024-08-08,2026-10-03,2026-10-03,0
ABUS,2024-09-30,1339000.0,-19717000.0,-0.1,edgar,2024-11-06,2026-10-03,2026-10-03,0
ABUS,2024-12-31,1574000.0,-12532000.0,-0.07,edgar,2025-03-27,2026-10-03,2026-10-03,0
ABUS,2025-03-31,1764000.0,-24526000.0,-0.13,edgar,2025-05-14,2026-10-03,2026-10-03,0
ABUS,2025-06-30,10739000.0,2523000.0,0.01,edgar,2025-08-06,2026-10-03,2026-10-03,0
ABUS,2025-09-30,529000.0,-7742000.0,-0.04,edgar,2025-11-13,2026-10-03,2026-10-03,0
ABUS,2025-12-31,1051000.0,-3756000.0,-0.010000000000000009,edgar,2026-03-23,2026-10-03,2026-10-03,0
ABUS,2026-03-31,179126000.0,169695000.0,0.87,edgar,2026-05-13,2026-10-03,2026-10-03,0
ABUS,2026-06-30,1014000.0,-5143000.0,-0.03,edgar,2026-08-12,2026-10-03,2026-10-03,0
ACAD,2023-09-30,211699000.0,-65176000.0,-0.4,edgar,2023-11-03,2026-10-03,2026-10-03,0
ACAD,2023-12-31,231041000.0,45797000.0,0.28,edgar,2024-02-28,2026-10-03,2026-10-03,0
ACAD,2024-03-31,205831000.0,16555000.0,0.1,edgar,2024-05-09,2026-10-03,2026-10-03,0
ACAD,2024-06-30,241963000.0,33389000.0,0.2,edgar,2024-08-07,2026-10-03,2026-10-03,0
ACAD,2024-09-30,250401000.0,32765000.0,0.2,edgar,2024-11-07,2026-10-03,2026-10-03,0
ACAD,2024-12-31,259602000.0,143291000.0,0.8600000000000001,edgar,2025-02-27,2026-10-03,2026-10-03,0
ACAD,2025-03-31,244317000.0,18987000.0,0.11,edgar,2025-05-08,2026-10-03,2026-10-03,0
ACAD,2025-06-30,264566000.0,26666000.0,0.16,edgar,2025-08-07,2026-10-03,2026-10-03,0
ACAD,2025-09-30,278633000.0,71779000.0,0.42,edgar,2025-11-06,2026-10-03,2026-10-03,0
ACAD,2025-12-31,283989000.0,273568000.0,1.6099999999999999,edgar,2026-02-26,2026-10-03,2026-10-03,0
ACAD,2026-03-31,268062000.0,3637000.0,0.02,edgar,2026-05-07,2026-10-03,2026-10-03,0
ACAD,2026-06-30,307959000.0,31500000.0,0.18,edgar,2026-08-05,2026-10-03,2026-10-03,0
ACRS,2023-09-30,9282000.0,-29261000.0,-0.41,edgar,2023-11-06,2026-10-03,2026-10-03,0
ACRS,2023-12-31,17570000.0,-1491000.0,-0.020000000000000018,edgar,2024-02-27,2026-10-03,2026-10-03,0
ACRS,2024-03-31,2398000.0,-16941000.0,-0.24,edgar,2024-05-07,2026-10-03,2026-10-03,0
ACRS,2024-06-30,2766000.0,-10986000.0,-0.15,edgar,2024-08-07,2026-10-03,2026-10-03,0
ACRS,2024-09-30,4346000.0,-7586000.0,-0.11,edgar,2024-11-06,2026-10-03,2026-10-03,0
ACRS,2024-12-31,9210000.0,-96552000.0,-1.21,edgar,2025-02-27,2026-10-03,2026-10-03,0
ACRS,2025-03-31,1455000.0,-15085000.0,-0.12,edgar,2025-05-08,2026-10-03,2026-10-03,0
ACRS,2025-06-30,1777000.0,-15429000.0,-0.13,edgar,2025-08-07,2026-10-03,2026-10-03,0
ACRS,2025-09-30,3299000.0,-14614000.0,-0.12,edgar,2025-11-06,2026-10-03,2026-10-03,0
ACRS,2025-12-31,1295000.0,-19795000.0,-0.16000000000000003,edgar,2026-02-26,2026-10-03,2026-10-03,0
ACRS,2026-03-31,1996000.0,-19824000.0,-0.15,edgar,2026-05-07,2026-10-03,2026-10-03,0
ACRS,2026-06-30,1629000.0,-21505000.0,-0.15,edgar,2026-08-06,2026-10-03,2026-10-03,0
ACT,2023-09-30,299035000.0,,1.02,edgar,2023-11-02,2026-10-03,2026-10-03,0
ACT,2023-12-31,296190000.0,,0.9700000000000002,edgar,2024-02-29,2026-10-03,2026-10-03,0
ACT,2024-03-31,291576000.0,,1.01,edgar,2024-05-03,2026-10-03,2026-10-03,0
ACT,2024-06-30,298834000.0,,1.16,edgar,2024-08-02,2026-10-03,2026-10-03,0
ACT,2024-09-30,309588000.0,,1.15,edgar,2024-11-07,2026-10-03,2026-10-03,0
ACT,2024-12-31,301776000.0,,1.0500000000000003,edgar,2025-02-28,2026-10-03,2026-10-03,0
ACT,2025-03-31,306776000.0,,1.08,edgar,2025-05-02,2026-10-03,2026-10-03,0
ACT,2025-06-30,304890000.0,,1.11,edgar,2025-08-01,2026-10-03,2026-10-03,0
ACT,2025-09-30,311455000.0,,1.1,edgar,2025-11-06,2026-10-03,2026-10-03,0
ACT,2025-12-31,312706000.0,,1.2299999999999995,edgar,2026-02-27,2026-10-03,2026-10-03,0
ACT,2026-03-31,312069000.0,,1.18,edgar,2026-05-06,2026-10-03,2026-10-03,0
ACT,2026-06-30,317308000.0,,1.25,edgar,2026-08-06,2026-10-03,2026-10-03,0
ACVA,2023-09-30,4000000.0,-18238000.0,-0.11,edgar,2023-11-06,2026-10-03,2026-10-03,0
ACVA,2023-12-31,118377000.0,-23280000.0,-0.14999999999999997,edgar,2024-02-21,2026-10-03,2026-10-03,0
ACVA,2024-03-31,145689000.0,-20471000.0,-0.13,edgar,2024-05-08,2026-10-03,2026-10-03,0
ACVA,2024-06-30,160624000.0,-17063000.0,-0.1,edgar,2024-08-07,2026-10-03,2026-10-03,0
ACVA,2024-09-30,171329000.0,-16029000.0,-0.1,edgar,2024-11-07,2026-10-03,2026-10-03,0
ACVA,2024-12-31,159514000.0,-26137000.0,-0.14999999999999997,edgar,2025-02-19,2026-10-03,2026-10-03,0
ACVA,2025-03-31,182697000.0,-14817000.0,-0.09,edgar,2025-05-07,2026-10-03,2026-10-03,0
ACVA,2025-06-30,193703000.0,-7298000.0,-0.04,edgar,2025-08-11,2026-10-03,2026-10-03,0
ACVA,2025-09-30,199561000.0,-24465000.0,-0.14,edgar,2025-11-05,2026-10-03,2026-10-03,0
ACVA,2025-12-31,183645000.0,-19520000.0,-0.12,edgar,2026-02-23,2026-10-03,2026-10-03,0
ACVA,2026-03-31,204192000.0,-10892000.0,-0.06,edgar,2026-05-06,2026-10-03,2026-10-03,0
ACVA,2026-06-30,213941000.0,-8227000.0,-0.05,edgar,2026-08-10,2026-10-03,2026-10-03,0
ADP,2023-09-30,4512400000.0,859400000.0,2.08,edgar,2023-11-02,2026-10-03,2026-10-03,0
ADP,2023-12-31,4668000000.0,878400000.0,2.13,edgar,2024-02-01,2026-10-03,2026-10-03,0
ADP,2024-03-31,5253800000.0,1184900000.0,2.88,edgar,2024-05-02,2026-10-03,2026-10-03,0
ADP,2024-06-30,4768400000.0,829300000.0,2.01,edgar,2024-08-07,2026-10-03,2026-10-03,0
ADP,2024-09-30,4832700000.0,956300000.0,2.34,edgar,2024-11-01,2026-10-03,2026-10-03,0
ADP,2024-12-31,5048400000.0,963200000.0,2.35,edgar,2025-01-30,2026-10-03,2026-10-03,0
ADP,2025-03-31,5553000000.0,1249500000.0,3.06,edgar,2025-05-01,2026-10-03,2026-10-03,0
ADP,2025-06-30,5126800000.0,910700000.0,2.2300000000000004,edgar,2025-08-06,2026-10-03,2026-10-03,0
ADP,2025-09-30,5175200000.0,1013000000.0,2.49,edgar,2025-10-31,2026-10-03,2026-10-03,0
ADP,2025-12-31,5359300000.0,1062000000.0,2.62,edgar,2026-01-29,2026-10-03,2026-10-03,0
ADP,2026-03-31,5939200000.0,1359800000.0,3.38,edgar,2026-04-30,2026-10-03,2026-10-03,0
ADP,2026-06-30,5473700000.0,978700000.0,2.4499999999999993,edgar,2026-08-05,2026-10-03,2026-10-03,0
ADPT,2023-09-30,37919000.0,-50300000.0,-0.35,edgar,2023-11-09,2026-10-03,2026-10-03,0
ADPT,2023-12-31,45784000.0,-69441000.0,-0.48,edgar,2024-02-29,2026-10-03,2026-10-03,0
ADPT,2024-03-31,41873000.0,-47507000.0,-0.33,edgar,2024-05-07,2026-10-03,2026-10-03,0
ADPT,2024-06-30,43190000.0,-46222000.0,-0.31,edgar,2024-08-01,2026-10-03,2026-10-03,0
ADPT,2024-09-30,46435000.0,-32071000.0,-0.22,edgar,2024-11-07,2026-10-03,2026-10-03,0
ADPT,2024-12-31,47459000.0,-33692000.0,-0.22000000000000008,edgar,2025-03-03,2026-10-03,2026-10-03,0
ADPT,2025-03-31,52443000.0,-29852000.0,-0.2,edgar,2025-05-01,2026-10-03,2026-10-03,0
ADPT,2025-06-30,58879000.0,-25614000.0,-0.17,edgar,2025-08-05,2026-10-03,2026-10-03,0
ADPT,2025-09-30,93973000.0,9546000.0,0.06,edgar,2025-11-05,2026-10-03,2026-10-03,0
ADPT,2025-12-31,71681000.0,-13579000.0,-0.07999999999999996,edgar,2026-02-26,2026-10-03,2026-10-03,0
ADPT,2026-03-31,70874000.0,-20033000.0,-0.13,edgar,2026-05-05,2026-10-03,2026-10-03,0
ADPT,2026-06-30,71553000.0,-39788000.0,-0.25,edgar,2026-08-04,2026-10-03,2026-10-03,0
ADSK,2023-10-31,1414000000.0,241000000.0,1.12,edgar,2023-12-04,2026-10-03,2026-10-03,0
ADSK,2024-01-31,1469000000.0,282000000.0,1.29,edgar,2024-06-10,2026-10-03,2026-10-03,0
ADSK,2024-04-30,1417000000.0,252000000.0,1.16,edgar,2024-06-10,2026-10-03,2026-10-03,0
ADSK,2024-07-31,1505000000.0,282000000.0,1.3,edgar,2024-09-03,2026-10-03,2026-10-03,0
ADSK,2024-10-31,1570000000.0,275000000.0,1.27,edgar,2024-12-03,2026-10-03,2026-10-03,0
ADSK,2025-01-31,1639000000.0,303000000.0,1.3900000000000001,edgar,2025-03-06,2026-10-03,2026-10-03,0
ADSK,2025-04-30,1633000000.0,152000000.0,0.7,edgar,2025-05-29,2026-10-03,2026-10-03,0
ADSK,2025-07-31,1763000000.0,313000000.0,1.46,edgar,2025-09-02,2026-10-03,2026-10-03,0
ADSK,2025-10-31,1853000000.0,343000000.0,1.6,edgar,2025-11-26,2026-10-03,2026-10-03,0
ADSK,2026-01-31,1957000000.0,316000000.0,1.4700000000000006,edgar,2026-03-03,2026-10-03,2026-10-03,0
ADSK,2026-04-30,1934000000.0,491000000.0,2.32,edgar,2026-05-29,2026-10-03,2026-10-03,0
ADSK,2026-07-31,2046000000.0,492000000.0,2.33,edgar,2026-08-28,2026-10-03,2026-10-03,0
ADUS,2023-09-30,270721000.0,15411000.0,0.95,edgar,2023-10-31,2026-10-03,2026-10-03,0
ADUS,2023-12-31,276351000.0,19578000.0,1.19,edgar,2024-02-27,2026-10-03,2026-10-03,0
ADUS,2024-03-31,280746000.0,15830000.0,0.97,edgar,2024-05-07,2026-10-03,2026-10-03,0
ADUS,2024-06-30,286922000.0,18079000.0,1.1,edgar,2024-08-06,2026-10-03,2026-10-03,0
ADUS,2024-09-30,289787000.0,20163000.0,1.1,edgar,2024-11-05,2026-10-03,2026-10-03,0
ADUS,2024-12-31,297144000.0,19526000.0,1.0600000000000005,edgar,2025-02-25,2026-10-03,2026-10-03,0
ADUS,2025-03-31,337708000.0,21228000.0,1.16,edgar,2025-05-06,2026-10-03,2026-10-03,0
ADUS,2025-06-30,349443000.0,22052000.0,1.2,edgar,2025-08-05,2026-10-03,2026-10-03,0
ADUS,2025-09-30,362301000.0,22848000.0,1.24,edgar,2025-11-04,2026-10-03,2026-10-03,0
ADUS,2025-12-31,373078000.0,29782000.0,1.62,edgar,2026-02-24,2026-10-03,2026-10-03,0
ADUS,2026-03-31,363611000.0,25069000.0,1.36,edgar,2026-05-05,2026-10-03,2026-10-03,0
ADUS,2026-06-30,377417000.0,27607000.0,1.49,edgar,2026-08-04,2026-10-03,2026-10-03,0
AEHR,2023-08-31,20624000.0,4674000.0,0.16,edgar,2024-10-11,2026-10-03,2026-10-03,0
AEHR,2023-11-30,21431000.0,6089000.0,0.2,edgar,2024-01-12,2026-10-03,2026-10-03,0
AEHR,2024-02-29,7563000.0,-1471000.0,-0.05,edgar,2024-04-10,2026-10-03,2026-10-03,0
AEHR,2024-08-30,13119000.0,660000.0,0.02,edgar,2024-10-11,2026-10-03,2026-10-03,0
AEHR,2024-11-29,13453000.0,-1028000.0,-0.03,edgar,2025-01-13,2026-10-03,2026-10-03,0
AEHR,2025-02-28,18307000.0,-643000.0,-0.02,edgar,2025-04-10,2026-10-03,2026-10-03,0
AEHR,2025-05-30,14089000.0,,,edgar,2025-07-28,2026-10-03,2026-10-03,0
AEHR,2025-08-29,10969000.0,-2084000.0,-0.07,edgar,2025-10-08,2026-10-03,2026-10-03,0
AEHR,2025-11-28,9884000.0,-3230000.0,-0.11,edgar,2026-01-12,2026-10-03,2026-10-03,0
AEHR,2026-02-27,10313000.0,-3203000.0,-0.1,edgar,2026-04-08,2026-10-03,2026-10-03,0
AEHR,2026-05-29,18835000.0,1391000.0,0.05000000000000002,edgar,2026-07-27,2026-10-03,2026-10-03,0
AFG,2023-09-30,2164000000.0,177000000.0,2.09,edgar,2023-11-03,2026-10-03,2026-10-03,0
AFG,2023-12-31,2083000000.0,263000000.0,3.130000000000001,edgar,2024-02-23,2026-10-03,2026-10-03,0
AFG,2024-03-31,1906000000.0,242000000.0,2.89,edgar,2024-05-03,2026-10-03,2026-10-03,0
AFG,2024-06-30,1900000000.0,209000000.0,2.49,edgar,2024-08-08,2026-10-03,2026-10-03,0
AFG,2024-09-30,2369000000.0,181000000.0,2.16,edgar,2024-11-08,2026-10-03,2026-10-03,0
AFG,2024-12-31,2149000000.0,255000000.0,3.0299999999999994,edgar,2025-02-25,2026-10-03,2026-10-03,0
AFG,2025-03-31,1856000000.0,154000000.0,1.84,edgar,2025-05-08,2026-10-03,2026-10-03,0
AFG,2025-06-30,1924000000.0,174000000.0,2.07,edgar,2025-08-07,2026-10-03,2026-10-03,0
AFG,2025-09-30,2331000000.0,215000000.0,2.58,edgar,2025-11-06,2026-10-03,2026-10-03,0
AFG,2025-12-31,2063000000.0,299000000.0,3.59,edgar,2026-02-25,2026-10-03,2026-10-03,0
AFG,2026-03-31,1854000000.0,191000000.0,2.29,edgar,2026-05-07,2026-10-03,2026-10-03,0
AFG,2026-06-30,2030000000.0,248000000.0,2.99,edgar,2026-08-06,2026-10-03,2026-10-03,0
AFGB,2023-09-30,2164000000.0,177000000.0,2.09,edgar,2023-11-03,2026-10-03,2026-10-03,0
AFGB,2023-12-31,2083000000.0,263000000.0,3.130000000000001,edgar,2024-02-23,2026-10-03,2026-10-03,0
AFGB,2024-03-31,1906000000.0,242000000.0,2.89,edgar,2024-05-03,2026-10-03,2026-10-03,0
AFGB,2024-06-30,1900000000.0,209000000.0,2.49,edgar,2024-08-08,2026-10-03,2026-10-03,0
AFGB,2024-09-30,2369000000.0,181000000.0,2.16,edgar,2024-11-08,2026-10-03,2026-10-03,0
AFGB,2024-12-31,2149000000.0,255000000.0,3.0299999999999994,edgar,2025-02-25,2026-10-03,2026-10-03,0
AFGB,2025-03-31,1856000000.0,154000000.0,1.84,edgar,2025-05-08,2026-10-03,2026-10-03,0
AFGB,2025-06-30,1924000000.0,174000000.0,2.07,edgar,2025-08-07,2026-10-03,2026-10-03,0
AFGB,2025-09-30,2331000000.0,215000000.0,2.58,edgar,2025-11-06,2026-10-03,2026-10-03,0
AFGB,2025-12-31,2063000000.0,299000000.0,3.59,edgar,2026-02-25,2026-10-03,2026-10-03,0
AFGB,2026-03-31,1854000000.0,191000000.0,2.29,edgar,2026-05-07,2026-10-03,2026-10-03,0
AFGB,2026-06-30,2030000000.0,248000000.0,2.99,edgar,2026-08-06,2026-10-03,2026-10-03,0
AFRM,2023-09-30,179426000.0,-171783000.0,-0.57,edgar,2023-11-08,2026-10-03,2026-10-03,0
AFRM,2023-12-31,227626000.0,-166902000.0,-0.54,edgar,2024-02-08,2026-10-03,2026-10-03,0
AFRM,2024-03-31,194968000.0,-133936000.0,-0.43,edgar,2024-05-08,2026-10-03,2026-10-03,0
AFRM,2024-06-30,223988000.0,-45136000.0,-0.1299999999999999,edgar,2024-08-28,2026-10-03,2026-10-03,0
AFRM,2024-09-30,231819000.0,-100222000.0,-0.31,edgar,2024-11-07,2026-10-03,2026-10-03,0
AFRM,2024-12-31,303037000.0,80360000.0,0.23,edgar,2025-02-06,2026-10-03,2026-10-03,0
AFRM,2025-03-31,272545000.0,2804000.0,0.01,edgar,2025-05-09,2026-10-03,2026-10-03,0
AFRM,2025-06-30,306565000.0,69244000.0,0.21999999999999997,edgar,2025-08-28,2026-10-03,2026-10-03,0
AFRM,2025-09-30,320477000.0,80694000.0,0.23,edgar,2025-11-06,2026-10-03,2026-10-03,0
AFRM,2025-12-31,401415000.0,129586000.0,0.37,edgar,2026-02-05,2026-10-03,2026-10-03,0
AFRM,2026-03-31,334494000.0,102900000.0,0.3,edgar,2026-05-07,2026-10-03,2026-10-03,0
AFRM,2026-06-30,387536000.0,1616613000.0,4.63,edgar,2026-08-27,2026-10-03,2026-10-03,0
AGCO,2023-09-30,3455500000.0,280600000.0,3.74,edgar,2023-11-08,2026-10-03,2026-10-03,0
AGCO,2023-12-31,3800700000.0,339000000.0,4.530000000000001,edgar,2024-02-27,2026-10-03,2026-10-03,0
AGCO,2024-03-31,2928700000.0,168000000.0,2.25,edgar,2024-05-03,2026-10-03,2026-10-03,0
AGCO,2024-06-30,3246600000.0,-367100000.0,-4.92,edgar,2024-08-08,2026-10-03,2026-10-03,0
AGCO,2024-09-30,2599300000.0,30000000.0,0.4,edgar,2024-11-07,2026-10-03,2026-10-03,0
AGCO,2024-12-31,2887300000.0,-255700000.0,-3.4200000000000004,edgar,2025-02-24,2026-10-03,2026-10-03,0
AGCO,2025-03-31,2050500000.0,10500000.0,0.14,edgar,2025-05-01,2026-10-03,2026-10-03,0
AGCO,2025-06-30,2635000000.0,314800000.0,4.22,edgar,2025-07-31,2026-10-03,2026-10-03,0
AGCO,2025-09-30,2476300000.0,305700000.0,4.09,edgar,2025-10-31,2026-10-03,2026-10-03,0
AGCO,2025-12-31,2920200000.0,95500000.0,1.3000000000000007,edgar,2026-02-13,2026-10-03,2026-10-03,0
AGCO,2026-03-31,2342900000.0,55000000.0,0.76,edgar,2026-05-05,2026-10-03,2026-10-03,0
AGCO,2026-06-30,2609700000.0,77200000.0,1.08,edgar,2026-07-30,2026-10-03,2026-10-03,0
AGEN,2023-09-30,24314000.0,-64532000.0,-3.29,edgar,2023-11-09,2026-10-03,2026-10-03,0
AGEN,2023-12-31,83802000.0,-48582000.0,-2.2200000000000006,edgar,2024-03-14,2026-10-03,2026-10-03,0
AGEN,2024-03-31,28005000.0,-63454000.0,-3.04,edgar,2024-05-07,2026-10-03,2026-10-03,0
AGEN,2024-06-30,23509000.0,-54797000.0,-2.52,edgar,2024-08-08,2026-10-03,2026-10-03,0
AGEN,2024-09-30,25112000.0,-67214000.0,-3.08,edgar,2024-11-12,2026-10-03,2026-10-03,0
AGEN,2024-12-31,26837000.0,-46806000.0,-1.9499999999999993,edgar,2025-03-17,2026-10-03,2026-10-03,0
AGEN,2025-03-31,24066000.0,-26370000.0,-1.03,edgar,2025-05-12,2026-10-03,2026-10-03,0
AGEN,2025-06-30,25691000.0,-30012000.0,-1.0,edgar,2025-08-11,2026-10-03,2026-10-03,0
AGEN,2025-09-30,30235000.0,63911000.0,1.94,edgar,2025-11-10,2026-10-03,2026-10-03,0
AGEN,2025-12-31,34204000.0,-10612000.0,0.09000000000000008,edgar,2026-03-16,2026-10-03,2026-10-03,0
AGEN,2026-03-31,33736000.0,39206000.0,1.02,edgar,2026-05-11,2026-10-03,2026-10-03,0
AGEN,2026-06-30,34518000.0,-567000.0,-0.01,edgar,2026-08-07,2026-10-03,2026-10-03,0
AHR,2023-09-30,416206000.0,-5989000.0,-0.09,edgar,2023-11-13,2026-10-03,2026-10-03,0
AHR,2023-12-31,433284000.0,-32843000.0,-0.41000000000000003,edgar,2024-03-22,2026-10-03,2026-10-03,0
AHR,2024-03-31,452118000.0,-3892000.0,-0.04,edgar,2024-05-14,2026-10-03,2026-10-03,0
AHR,2024-06-30,458013000.0,1979000.0,0.01,edgar,2024-08-09,2026-10-03,2026-10-03,0
AHR,2024-09-30,476834000.0,-4126000.0,-0.03,edgar,2024-11-13,2026-10-03,2026-10-03,0
AHR,2024-12-31,496833000.0,-29561000.0,-0.22999999999999998,edgar,2025-02-28,2026-10-03,2026-10-03,0
AHR,2025-03-31,497176000.0,-6804000.0,-0.04,edgar,2025-05-09,2026-10-03,2026-10-03,0
AHR,2025-06-30,501285000.0,9908000.0,0.06,edgar,2025-08-08,2026-10-03,2026-10-03,0
AHR,2025-09-30,532058000.0,55927000.0,0.33,edgar,2025-11-07,2026-10-03,2026-10-03,0
AHR,2025-12-31,563987000.0,11787000.0,0.06999999999999995,edgar,2026-02-27,2026-10-03,2026-10-03,0
AHR,2026-03-31,609767000.0,23713000.0,0.13,edgar,2026-05-08,2026-10-03,2026-10-03,0
AHR,2026-06-30,634519000.0,30606000.0,0.16,edgar,2026-08-07,2026-10-03,2026-10-03,0
AII,2024-03-31,44308000.0,12106000.0,0.9,edgar,2025-06-10,2026-10-03,2026-10-03,0
AII,2024-06-30,46383000.0,14724000.0,1.09,edgar,2025-08-13,2026-10-03,2026-10-03,0
AII,2024-09-30,46543000.0,4513000.0,0.33,edgar,2025-11-13,2026-10-03,2026-10-03,0
AII,2024-12-31,67120000.0,8399000.0,0.62,edgar,2026-02-27,2026-10-03,2026-10-03,0
AII,2025-03-31,71886000.0,38096000.0,2.78,edgar,2025-06-10,2026-10-03,2026-10-03,0
AII,2025-06-30,74499000.0,27494000.0,1.62,edgar,2025-08-13,2026-10-03,2026-10-03,0
AII,2025-09-30,62026000.0,13163000.0,0.67,edgar,2025-11-13,2026-10-03,2026-10-03,0
AII,2025-12-31,68075000.0,20869000.0,1.07,edgar,2026-02-27,2026-10-03,2026-10-03,0
AII,2026-03-31,90931000.0,19910000.0,1.02,edgar,2026-05-14,2026-10-03,2026-10-03,0
AII,2026-06-30,115171000.0,34146000.0,1.74,edgar,2026-08-13,2026-10-03,2026-10-03,0
AIR,2023-11-30,545400000.0,23800000.0,0.67,edgar,2023-12-21,2026-10-03,2026-10-03,0
AIR,2024-02-29,567300000.0,14000000.0,0.39,edgar,2024-03-21,2026-10-03,2026-10-03,0
AIR,2024-05-31,656500000.0,9100000.0,0.25,edgar,2024-07-19,2026-10-03,2026-10-03,0
AIR,2024-08-31,661700000.0,18000000.0,0.5,edgar,2024-09-24,2026-10-03,2026-10-03,0
AIR,2024-11-30,686100000.0,-30600000.0,-0.87,edgar,2025-01-08,2026-10-03,2026-10-03,0
AIR,2025-02-28,678200000.0,-8900000.0,-0.25,edgar,2025-03-28,2026-10-03,2026-10-03,0
AIR,2025-05-31,754500000.0,34000000.0,0.97,edgar,2025-07-22,2026-10-03,2026-10-03,0
AIR,2025-08-31,739600000.0,34400000.0,0.95,edgar,2025-09-23,2026-10-03,2026-10-03,0
AIR,2025-11-30,795300000.0,34600000.0,0.9,edgar,2026-01-07,2026-10-03,2026-10-03,0
AIR,2026-02-28,845100000.0,68000000.0,1.71,edgar,2026-03-25,2026-10-03,2026-10-03,0
AIR,2026-05-31,928000000.0,50700000.0,1.3000000000000003,edgar,2026-07-22,2026-10-03,2026-10-03,0
AIR,2026-08-31,918000000.0,40100000.0,1.0,edgar,2026-09-29,2026-10-03,2026-10-03,0
AIZ,2023-09-30,2774100000.0,190100000.0,3.54,edgar,2023-11-02,2026-10-03,2026-10-03,0
AIZ,2023-12-31,2983100000.0,182500000.0,3.389999999999999,edgar,2024-02-15,2026-10-03,2026-10-03,0
AIZ,2024-03-31,2880100000.0,236400000.0,4.47,edgar,2024-05-09,2026-10-03,2026-10-03,0
AIZ,2024-06-30,2924900000.0,188700000.0,3.58,edgar,2024-08-08,2026-10-03,2026-10-03,0
AIZ,2024-09-30,2967700000.0,133800000.0,2.55,edgar,2024-11-07,2026-10-03,2026-10-03,0
AIZ,2024-12-31,3104800000.0,201300000.0,3.860000000000001,edgar,2025-02-20,2026-10-03,2026-10-03,0
AIZ,2025-03-31,3074000000.0,146600000.0,2.83,edgar,2025-05-08,2026-10-03,2026-10-03,0
AIZ,2025-06-30,3158400000.0,235300000.0,4.56,edgar,2025-08-07,2026-10-03,2026-10-03,0
AIZ,2025-09-30,3231500000.0,265600000.0,5.17,edgar,2025-11-06,2026-10-03,2026-10-03,0
AIZ,2025-12-31,3350400000.0,225200000.0,4.370000000000001,edgar,2026-02-19,2026-10-03,2026-10-03,0
AIZ,2026-03-31,3420100000.0,274100000.0,5.41,edgar,2026-05-07,2026-10-03,2026-10-03,0
AIZ,2026-06-30,3454200000.0,298600000.0,5.95,edgar,2026-08-06,2026-10-03,2026-10-03,0
ALAB,2023-09-30,36928000.0,-3124000.0,-0.08,edgar,2024-11-05,2026-10-03,2026-10-03,0
ALAB,2023-12-31,50514000.0,14325000.0,0.41000000000000014,edgar,2025-02-14,2026-10-03,2026-10-03,0
ALAB,2024-03-31,65258000.0,-92995000.0,-1.77,edgar,2024-05-08,2026-10-03,2026-10-03,0
ALAB,2024-06-30,76850000.0,-7546000.0,-0.05,edgar,2024-08-07,2026-10-03,2026-10-03,0
ALAB,2024-09-30,113086000.0,-7593000.0,-0.05,edgar,2024-11-05,2026-10-03,2026-10-03,0
ALAB,2024-12-31,141096000.0,24713000.0,1.23,edgar,2025-02-14,2026-10-03,2026-10-03,0
ALAB,2025-03-31,159442000.0,31819000.0,0.18,edgar,2025-05-07,2026-10-03,2026-10-03,0
ALAB,2025-06-30,191925000.0,51219000.0,0.29,edgar,2025-08-06,2026-10-03,2026-10-03,0
ALAB,2025-09-30,230575000.0,91114000.0,0.5,edgar,2025-11-05,2026-10-03,2026-10-03,0
ALAB,2025-12-31,270583000.0,44982000.0,0.25,edgar,2026-02-20,2026-10-03,2026-10-03,0
ALAB,2026-03-31,308361000.0,80310000.0,0.44,edgar,2026-05-06,2026-10-03,2026-10-03,0
ALAB,2026-06-30,392400000.0,153088000.0,0.83,edgar,2026-08-05,2026-10-03,2026-10-03,0
ALKT,2023-06-30,65763000.0,-17761000.0,-0.19,edgar,2023-08-03,2026-10-03,2026-10-03,0
ALKT,2023-09-30,67703000.0,-15476000.0,-0.16,edgar,2023-11-02,2026-10-03,2026-10-03,0
ALKT,2023-12-31,71369000.0,28924000.0,-0.14,edgar,2024-02-29,2026-10-03,2026-10-03,0
ALKT,2024-03-31,76127000.0,-62913000.0,-0.12,edgar,2024-05-02,2026-10-03,2026-10-03,0
ALKT,2024-06-30,82160000.0,-12317000.0,-0.13,edgar,2024-08-01,2026-10-03,2026-10-03,0
ALKT,2024-09-30,85906000.0,-9442000.0,-0.09,edgar,2024-10-31,2026-10-03,2026-10-03,0
ALKT,2024-12-31,89656000.0,43837000.0,-0.07,edgar,2025-02-28,2026-10-03,2026-10-03,0
ALKT,2025-03-31,97835000.0,-40835000.0,-0.08,edgar,2025-05-01,2026-10-03,2026-10-03,0
ALKT,2025-06-30,112059000.0,-13591000.0,-0.13,edgar,2025-07-31,2026-10-03,2026-10-03,0
ALKT,2025-09-30,112954000.0,-14804000.0,-0.14,edgar,2025-10-31,2026-10-03,2026-10-03,0
ALKT,2025-12-31,120791000.0,21578000.0,-0.10999999999999999,edgar,2026-02-26,2026-10-03,2026-10-03,0
ALKT,2026-06-30,129844000.0,-8900000.0,-0.08,edgar,2026-07-30,2026-10-03,2026-10-03,0
ALNT,2023-09-30,145319000.0,,0.41,edgar,2023-11-01,2026-10-03,2026-10-03,0
ALNT,2023-12-31,140997000.0,,0.26,edgar,2024-03-05,2026-10-03,2026-10-03,0
ALNT,2024-03-31,146713000.0,6902000.0,0.42,edgar,2024-05-08,2026-10-03,2026-10-03,0
ALNT,2024-06-30,136032000.0,1150000.0,0.07,edgar,2024-08-07,2026-10-03,2026-10-03,0
ALNT,2024-09-30,125213000.0,2101000.0,0.13,edgar,2024-11-06,2026-10-03,2026-10-03,0
ALNT,2024-12-31,122010000.0,3013000.0,0.17000000000000004,edgar,2025-03-05,2026-10-03,2026-10-03,0
ALNT,2025-03-31,132803000.0,3557000.0,0.21,edgar,2025-05-07,2026-10-03,2026-10-03,0
ALNT,2025-06-30,139578000.0,5617000.0,0.34,edgar,2025-08-06,2026-10-03,2026-10-03,0
ALNT,2025-09-30,138743000.0,6477000.0,0.39,edgar,2025-11-05,2026-10-03,2026-10-03,0
ALNT,2025-12-31,143354000.0,6383000.0,0.38,edgar,2026-03-05,2026-10-03,2026-10-03,0
ALNT,2026-03-31,138915000.0,5357000.0,0.32,edgar,2026-05-06,2026-10-03,2026-10-03,0
ALNT,2026-06-30,153770000.0,10391000.0,0.61,edgar,2026-08-05,2026-10-03,2026-10-03,0
ALRM,2023-09-30,221854000.0,19524000.0,0.37,edgar,2023-11-09,2026-10-03,2026-10-03,0
ALRM,2023-12-31,226237000.0,31304000.0,0.58,edgar,2024-02-22,2026-10-03,2026-10-03,0
ALRM,2024-03-31,223283000.0,23595000.0,0.44,edgar,2024-05-10,2026-10-03,2026-10-03,0
ALRM,2024-06-30,233807000.0,33511000.0,0.62,edgar,2024-08-08,2026-10-03,2026-10-03,0
ALRM,2024-09-30,240497000.0,36682000.0,0.67,edgar,2024-11-07,2026-10-03,2026-10-03,0
ALRM,2024-12-31,242240000.0,30328000.0,0.56,edgar,2025-02-20,2026-10-03,2026-10-03,0
ALRM,2025-03-31,238822000.0,27712000.0,0.52,edgar,2025-05-09,2026-10-03,2026-10-03,0
ALRM,2025-06-30,254308000.0,34217000.0,0.63,edgar,2025-08-07,2026-10-03,2026-10-03,0
ALRM,2025-09-30,256400000.0,35100000.0,0.65,edgar,2025-11-06,2026-10-03,2026-10-03,0
ALRM,2025-12-31,261657000.0,34599000.0,0.6599999999999999,edgar,2026-02-19,2026-10-03,2026-10-03,0
ALRM,2026-03-31,265193000.0,23382000.0,0.47,edgar,2026-05-07,2026-10-03,2026-10-03,0
ALRM,2026-06-30,277734000.0,24208000.0,0.48,edgar,2026-08-06,2026-10-03,2026-10-03,0
AMBQ,2024-06-30,20252000.0,-10633000.0,-34.59,edgar,2025-09-04,2026-10-03,2026-10-03,0
AMBQ,2024-09-30,20266000.0,-9438000.0,-26.03,edgar,2025-11-06,2026-10-03,2026-10-03,0
AMBQ,2025-03-31,15732000.0,-8284000.0,-18.96,edgar,2026-05-12,2026-10-03,2026-10-03,0
AMBQ,2025-06-30,17873000.0,-8496000.0,-18.89,edgar,2025-09-04,2026-10-03,2026-10-03,0
AMBQ,2025-09-30,18165000.0,-9002000.0,-0.72,edgar,2025-11-06,2026-10-03,2026-10-03,0
AMBQ,2025-12-31,20744000.0,-10679000.0,34.0,edgar,2026-03-05,2026-10-03,2026-10-03,0
AMBQ,2026-03-31,25060000.0,-10171000.0,-0.5,edgar,2026-05-12,2026-10-03,2026-10-03,0
AMBQ,2026-06-30,33901000.0,-7115000.0,-0.32,edgar,2026-08-11,2026-10-03,2026-10-03,0
AMC,2023-09-30,1405900000.0,12300000.0,0.08,edgar,2023-11-08,2026-10-03,2026-10-03,0
AMC,2023-12-31,1104400000.0,-182000000.0,-0.8,edgar,2024-02-28,2026-10-03,2026-10-03,0
AMC,2024-03-31,951400000.0,-163500000.0,-0.62,edgar,2024-05-08,2026-10-03,2026-10-03,0
AMC,2024-06-30,1030600000.0,-32800000.0,-0.1,edgar,2024-08-02,2026-10-03,2026-10-03,0
AMC,2024-09-30,1348800000.0,-20700000.0,-0.06,edgar,2024-11-06,2026-10-03,2026-10-03,0
AMC,2024-12-31,1306400000.0,-135600000.0,-0.28,edgar,2025-02-26,2026-10-03,2026-10-03,0
AMC,2025-03-31,862500000.0,-202100000.0,-0.47,edgar,2025-05-07,2026-10-03,2026-10-03,0
AMC,2025-06-30,1397900000.0,-4700000.0,-0.01,edgar,2025-08-11,2026-10-03,2026-10-03,0
AMC,2025-09-30,1300200000.0,-298200000.0,-0.58,edgar,2025-11-05,2026-10-03,2026-10-03,0
AMC,2025-12-31,1288300000.0,-127400000.0,-0.28000000000000025,edgar,2026-02-23,2026-10-03,2026-10-03,0
AMC,2026-03-31,1045400000.0,-117100000.0,-0.22,edgar,2026-05-05,2026-10-03,2026-10-03,0
AMC,2026-06-30,1596700000.0,-11400000.0,-0.02,edgar,2026-07-23,2026-10-03,2026-10-03,0
AMCX,2023-09-30,636954000.0,63424000.0,1.44,edgar,2023-11-03,2026-10-03,2026-10-03,0
AMCX,2023-12-31,678848000.0,-21809000.0,-0.5,edgar,2024-02-09,2026-10-03,2026-10-03,0
AMCX,2024-03-31,596461000.0,45803000.0,1.03,edgar,2024-05-10,2026-10-03,2026-10-03,0
AMCX,2024-06-30,625934000.0,-29234000.0,-0.66,edgar,2024-08-09,2026-10-03,2026-10-03,0
AMCX,2024-09-30,599614000.0,41382000.0,0.76,edgar,2024-11-08,2026-10-03,2026-10-03,0
AMCX,2024-12-31,599305000.0,-284497000.0,-6.2299999999999995,edgar,2025-02-14,2026-10-03,2026-10-03,0
AMCX,2025-03-31,555233000.0,18049000.0,0.34,edgar,2025-05-09,2026-10-03,2026-10-03,0
AMCX,2025-06-30,600024000.0,50289000.0,0.91,edgar,2025-08-08,2026-10-03,2026-10-03,0
AMCX,2025-09-30,561741000.0,76529000.0,1.38,edgar,2025-11-07,2026-10-03,2026-10-03,0
AMCX,2025-12-31,594803000.0,-55467000.0,-0.97,edgar,2026-02-11,2026-10-03,2026-10-03,0
AMCX,2026-03-31,542127000.0,-18870000.0,-0.43,edgar,2026-05-08,2026-10-03,2026-10-03,0
AMCX,2026-06-30,547495000.0,-21943000.0,-0.51,edgar,2026-07-30,2026-10-03,2026-10-03,0
AMD,2023-09-30,5800000000.0,299000000.0,0.18,edgar,2023-11-01,2026-10-03,2026-10-03,0
AMD,2023-12-30,6168000000.0,667000000.0,0.42000000000000004,edgar,2024-01-31,2026-10-03,2026-10-03,0
AMD,2024-03-30,5473000000.0,123000000.0,0.07,edgar,2024-05-01,2026-10-03,2026-10-03,0
AMD,2024-06-29,5835000000.0,265000000.0,0.16,edgar,2024-07-31,2026-10-03,2026-10-03,0
AMD,2024-09-28,6819000000.0,771000000.0,0.47,edgar,2024-10-30,2026-10-03,2026-10-03,0
AMD,2024-12-28,7658000000.0,482000000.0,0.30000000000000004,edgar,2025-02-05,2026-10-03,2026-10-03,0
AMD,2025-03-29,7438000000.0,709000000.0,0.44,edgar,2025-05-07,2026-10-03,2026-10-03,0
AMD,2025-06-28,7685000000.0,872000000.0,0.54,edgar,2025-08-06,2026-10-03,2026-10-03,0
AMD,2025-09-27,9246000000.0,1243000000.0,0.75,edgar,2025-11-05,2026-10-03,2026-10-03,0
AMD,2025-12-27,10270000000.0,1511000000.0,0.9199999999999999,edgar,2026-02-04,2026-10-03,2026-10-03,0
AMD,2026-03-28,10253000000.0,1383000000.0,0.84,edgar,2026-05-06,2026-10-03,2026-10-03,0
AMD,2026-06-27,11536000000.0,2297000000.0,1.38,edgar,2026-08-05,2026-10-03,2026-10-03,0
AMGN,2023-09-30,6903000000.0,1730000000.0,3.22,edgar,2023-10-31,2026-10-03,2026-10-03,0
AMGN,2023-12-31,8196000000.0,767000000.0,1.42,edgar,2024-02-14,2026-10-03,2026-10-03,0
AMGN,2024-03-31,7447000000.0,-113000000.0,-0.21,edgar,2024-05-03,2026-10-03,2026-10-03,0
AMGN,2024-06-30,8388000000.0,746000000.0,1.38,edgar,2024-08-07,2026-10-03,2026-10-03,0
AMGN,2024-09-30,8503000000.0,2830000000.0,5.22,edgar,2024-10-31,2026-10-03,2026-10-03,0
AMGN,2024-12-31,9086000000.0,627000000.0,1.17,edgar,2025-02-14,2026-10-03,2026-10-03,0
AMGN,2025-03-31,8149000000.0,1730000000.0,3.2,edgar,2025-05-02,2026-10-03,2026-10-03,0
AMGN,2025-06-30,9179000000.0,1432000000.0,2.65,edgar,2025-08-06,2026-10-03,2026-10-03,0
AMGN,2025-09-30,9557000000.0,3216000000.0,5.93,edgar,2025-11-05,2026-10-03,2026-10-03,0
AMGN,2025-12-31,9866000000.0,1333000000.0,2.450000000000001,edgar,2026-02-13,2026-10-03,2026-10-03,0
AMGN,2026-03-31,8618000000.0,1819000000.0,3.34,edgar,2026-05-01,2026-10-03,2026-10-03,0
AMGN,2026-06-30,10054000000.0,2375000000.0,4.37,edgar,2026-08-05,2026-10-03,2026-10-03,0
AMLX,2023-03-31,71428000.0,1573000.0,0.02,edgar,2023-05-11,2026-10-03,2026-10-03,0
AMLX,2023-06-30,98216000.0,22074000.0,0.31,edgar,2023-08-10,2026-10-03,2026-10-03,0
AMLX,2023-09-30,102693000.0,20893000.0,0.3,edgar,2023-11-09,2026-10-03,2026-10-03,0
AMLX,2023-12-31,108449000.0,4731000.0,0.06999999999999995,edgar,2024-02-22,2026-10-03,2026-10-03,0
AMLX,2024-03-31,88643000.0,-118793000.0,-1.75,edgar,2024-05-09,2026-10-03,2026-10-03,0
AMLX,2024-06-30,-1023000.0,-72700000.0,-1.07,edgar,2024-08-08,2026-10-03,2026-10-03,0
AMLX,2024-09-30,416000.0,-72704000.0,-1.07,edgar,2024-11-07,2026-10-03,2026-10-03,0
AMLX,2024-12-31,-665000.0,-37546000.0,-0.5399999999999996,edgar,2025-03-04,2026-10-03,2026-10-03,0
AMLX,2025-03-31,0.0,-35907000.0,-0.42,edgar,2025-05-08,2026-10-03,2026-10-03,0
AMLX,2025-06-30,0.0,-41443000.0,-0.46,edgar,2025-08-07,2026-10-03,2026-10-03,0
AMLX,2025-09-30,0.0,-34386000.0,-0.37,edgar,2025-11-06,2026-10-03,2026-10-03,0
AMLX,2025-12-31,0.0,-32999000.0,-0.28,edgar,2026-03-03,2026-10-03,2026-10-03,0
AMP,2023-09-30,4076000000.0,872000000.0,8.14,edgar,2023-11-02,2026-10-03,2026-10-03,0
AMP,2023-12-31,4168000000.0,377000000.0,3.57,edgar,2024-02-22,2026-10-03,2026-10-03,0
AMP,2024-03-31,4325000000.0,990000000.0,9.46,edgar,2024-05-06,2026-10-03,2026-10-03,0
AMP,2024-06-30,4392000000.0,829000000.0,8.02,edgar,2024-08-06,2026-10-03,2026-10-03,0
AMP,2024-09-30,4560000000.0,511000000.0,5.0,edgar,2024-11-01,2026-10-03,2026-10-03,0
AMP,2024-12-31,4649000000.0,1071000000.0,10.569999999999997,edgar,2025-02-20,2026-10-03,2026-10-03,0
AMP,2025-03-31,4481000000.0,583000000.0,5.83,edgar,2025-05-02,2026-10-03,2026-10-03,0
AMP,2025-06-30,4490000000.0,1060000000.0,10.73,edgar,2025-08-05,2026-10-03,2026-10-03,0
AMP,2025-09-30,4893000000.0,912000000.0,9.33,edgar,2025-10-31,2026-10-03,2026-10-03,0
AMP,2025-12-31,5047000000.0,1008000000.0,10.39,edgar,2026-02-19,2026-10-03,2026-10-03,0
AMP,2026-03-31,4886000000.0,915000000.0,9.68,edgar,2026-05-07,2026-10-03,2026-10-03,0
AMP,2026-06-30,5013000000.0,1113000000.0,11.98,edgar,2026-08-04,2026-10-03,2026-10-03,0
AMRX,2023-09-30,620040000.0,9682000.0,0.06,edgar,2023-11-09,2026-10-03,2026-10-03,0
AMRX,2023-12-31,616981000.0,-98649000.0,-0.57,edgar,2024-03-14,2026-10-03,2026-10-03,0
AMRX,2024-03-31,659191000.0,-91643000.0,-0.3,edgar,2024-05-08,2026-10-03,2026-10-03,0
AMRX,2024-06-30,701780000.0,5994000.0,0.02,edgar,2024-08-09,2026-10-03,2026-10-03,0
AMRX,2024-09-30,702468000.0,-156000.0,0.0,edgar,2024-11-12,2026-10-03,2026-10-03,0
AMRX,2024-12-31,730518000.0,-31081000.0,-0.10000000000000003,edgar,2025-02-28,2026-10-03,2026-10-03,0
AMRX,2025-03-31,695420000.0,12195000.0,0.04,edgar,2025-05-07,2026-10-03,2026-10-03,0
AMRX,2025-06-30,724508000.0,22417000.0,0.07,edgar,2025-08-07,2026-10-03,2026-10-03,0
AMRX,2025-09-30,784513000.0,2369000.0,0.01,edgar,2025-11-06,2026-10-03,2026-10-03,0
AMRX,2025-12-31,814319000.0,35076000.0,0.09999999999999999,edgar,2026-02-27,2026-10-03,2026-10-03,0
AMRX,2026-03-31,722519000.0,62256000.0,0.19,edgar,2026-05-07,2026-10-03,2026-10-03,0
AMRX,2026-06-30,796197000.0,57662000.0,0.18,edgar,2026-08-06,2026-10-03,2026-10-03,0
ANAB,2023-06-30,3460000.0,-39845000.0,-1.5,edgar,2023-08-07,2026-10-03,2026-10-03,0
ANAB,2023-09-30,3318000.0,-37308000.0,-1.41,edgar,2023-11-02,2026-10-03,2026-10-03,0
ANAB,2023-12-31,9005000.0,-42211000.0,-1.5899999999999999,edgar,2024-03-11,2026-10-03,2026-10-03,0
ANAB,2024-03-31,7179000.0,-43936000.0,-1.64,edgar,2024-05-09,2026-10-03,2026-10-03,0
ANAB,2024-06-30,10971000.0,-46660000.0,-1.71,edgar,2024-08-05,2026-10-03,2026-10-03,0
ANAB,2024-09-30,30017000.0,-32851000.0,-1.14,edgar,2024-11-05,2026-10-03,2026-10-03,0
ANAB,2024-12-31,43113000.0,-21784000.0,-0.4299999999999997,edgar,2025-02-27,2026-10-03,2026-10-03,0
ANAB,2025-03-31,27771000.0,-39329000.0,-1.28,edgar,2025-05-05,2026-10-03,2026-10-03,0
ANAB,2025-06-30,22263000.0,-38630000.0,-1.34,edgar,2025-08-06,2026-10-03,2026-10-03,0
ANAB,2025-09-30,76320000.0,15113000.0,0.52,edgar,2025-11-04,2026-10-03,2026-10-03,0
ANAB,2025-12-31,108249000.0,49614000.0,1.6600000000000001,edgar,2026-03-03,2026-10-03,2026-10-03,0
ANAB,2026-03-31,25556000.0,-52884000.0,-1.84,edgar,2026-05-12,2026-10-03,2026-10-03,0
ANDG,2025-03-31,208067000.0,50576000.0,,edgar,2026-05-12,2026-10-03,2026-10-03,0
ANDG,2025-06-30,175991000.0,-95983000.0,,edgar,2026-08-12,2026-10-03,2026-10-03,0
ANDG,2026-03-31,240746000.0,494000.0,0.03,edgar,2026-05-12,2026-10-03,2026-10-03,0
ANDG,2026-06-30,217658000.0,-1008000.0,-0.09,edgar,2026-08-12,2026-10-03,2026-10-03,0
ANF,2023-10-28,1056431000.0,96211000.0,1.83,edgar,2023-12-04,2026-10-03,2026-10-03,0
ANF,2024-02-03,1452907000.0,158447000.0,2.9699999999999998,edgar,2024-04-01,2026-10-03,2026-10-03,0
ANF,2024-05-04,1020730000.0,113850000.0,2.14,edgar,2024-06-07,2026-10-03,2026-10-03,0
ANF,2024-08-03,1133974000.0,133168000.0,2.5,edgar,2024-09-06,2026-10-03,2026-10-03,0
ANF,2024-11-02,1208966000.0,131979000.0,2.5,edgar,2024-12-06,2026-10-03,2026-10-03,0
ANF,2025-02-01,1584917000.0,177226000.0,3.549999999999999,edgar,2025-03-31,2026-10-03,2026-10-03,0
ANF,2025-05-03,1097311000.0,80413000.0,1.59,edgar,2025-06-06,2026-10-03,2026-10-03,0
ANF,2025-08-02,1208560000.0,141383000.0,2.91,edgar,2025-09-05,2026-10-03,2026-10-03,0
ANF,2025-11-01,1290619000.0,112995000.0,2.36,edgar,2025-12-05,2026-10-03,2026-10-03,0
ANF,2026-01-31,1669802000.0,172130000.0,3.6000000000000005,edgar,2026-03-26,2026-10-03,2026-10-03,0
ANF,2026-05-02,1113821000.0,67134000.0,1.47,edgar,2026-06-05,2026-10-03,2026-10-03,0
ANF,2026-08-01,1266689000.0,183720000.0,4.17,edgar,2026-09-04,2026-10-03,2026-10-03,0
ANGO,2023-08-31,78679000.0,45884000.0,1.15,edgar,2023-10-05,2026-10-03,2026-10-03,0
ANGO,2023-11-30,79073000.0,-29048000.0,-0.72,edgar,2024-01-08,2026-10-03,2026-10-03,0
ANGO,2024-02-29,75182000.0,-187736000.0,-4.67,edgar,2024-04-09,2026-10-03,2026-10-03,0
ANGO,2024-05-31,70980000.0,-13450000.0,-0.34999999999999964,edgar,2024-07-25,2026-10-03,2026-10-03,0
ANGO,2024-08-31,67491000.0,-12798000.0,-0.31,edgar,2024-10-03,2026-10-03,2026-10-03,0
ANGO,2024-11-30,72845000.0,-10738000.0,-0.26,edgar,2025-01-08,2026-10-03,2026-10-03,0
ANGO,2025-02-28,72004000.0,-4407000.0,-0.11,edgar,2025-04-02,2026-10-03,2026-10-03,0
ANGO,2025-05-31,80158000.0,-6050000.0,-0.1499999999999999,edgar,2025-07-18,2026-10-03,2026-10-03,0
ANGO,2025-08-31,75711000.0,-10903000.0,-0.26,edgar,2025-10-02,2026-10-03,2026-10-03,0
ANGO,2025-11-30,79433000.0,-6350000.0,-0.15,edgar,2026-01-06,2026-10-03,2026-10-03,0
ANGO,2026-02-28,78423000.0,-8084000.0,-0.19,edgar,2026-04-02,2026-10-03,2026-10-03,0
ANGO,2026-05-31,86607000.0,-11405000.0,-0.28,edgar,2026-07-14,2026-10-03,2026-10-03,0
APA,2021-03-31,0.0,450000000.0,1.02,edgar,2021-05-07,2026-10-03,2026-10-03,0
APA,2021-06-30,0.0,408000000.0,0.82,edgar,2021-08-05,2026-10-03,2026-10-03,0
APPS,2023-09-30,143259000.0,-161482000.0,-1.61,edgar,2023-11-08,2026-10-03,2026-10-03,0
APPS,2023-12-31,142634000.0,-14061000.0,-0.14,edgar,2024-02-07,2026-10-03,2026-10-03,0
APPS,2024-03-31,112223000.0,-236506000.0,-2.33,edgar,2024-05-28,2026-10-03,2026-10-03,0
APPS,2024-06-30,117989000.0,-25156000.0,-0.25,edgar,2024-08-07,2026-10-03,2026-10-03,0
APPS,2024-09-30,118728000.0,-24986000.0,-0.24,edgar,2024-11-06,2026-10-03,2026-10-03,0
APPS,2024-12-31,134637000.0,-23131000.0,-0.22,edgar,2025-02-05,2026-10-03,2026-10-03,0
APPS,2025-03-31,119152000.0,-18826000.0,-0.18000000000000005,edgar,2025-06-16,2026-10-03,2026-10-03,0
APPS,2025-06-30,130926000.0,-14104000.0,-0.13,edgar,2025-08-05,2026-10-03,2026-10-03,0
APPS,2025-09-30,140377000.0,-21395000.0,-0.2,edgar,2025-11-04,2026-10-03,2026-10-03,0
APPS,2025-12-31,151399000.0,5107000.0,0.03,edgar,2026-02-03,2026-10-03,2026-10-03,0
APPS,2026-03-31,142549000.0,-7340000.0,-0.02999999999999997,edgar,2026-05-26,2026-10-03,2026-10-03,0
APPS,2026-06-30,165983000.0,-11329000.0,-0.09,edgar,2026-08-05,2026-10-03,2026-10-03,0
AQNB,2017-06-30,337123000.0,35320000.0,0.09,edgar,2018-08-15,2026-10-03,2026-10-03,0
AQNB,2018-06-30,366143000.0,65462000.0,0.14,edgar,2019-08-09,2026-10-03,2026-10-03,0
AQNB,2019-06-30,343578000.0,156625000.0,0.31,edgar,2019-08-09,2026-10-03,2026-10-03,0
AQNB,2020-06-30,343638000.0,286219000.0,0.53,edgar,2020-08-14,2026-10-03,2026-10-03,0
AQNB,2021-06-30,527523000.0,103222000.0,0.16,edgar,2021-08-13,2026-10-03,2026-10-03,0
AQNB,2022-06-30,619385000.0,-33387000.0,-0.05,edgar,2022-08-12,2026-10-03,2026-10-03,0
AQNB,2023-06-30,627871000.0,-253231000.0,-0.37,edgar,2023-08-10,2026-10-03,2026-10-03,0
AQNB,2024-06-30,515300000.0,200700000.0,0.28,edgar,2024-08-09,2026-10-03,2026-10-03,0
AQNB,2025-06-30,527800000.0,24100000.0,0.03,edgar,2025-08-08,2026-10-03,2026-10-03,0
ARCT,2023-09-30,45140000.0,-16222000.0,-0.61,edgar,2023-11-14,2026-10-03,2026-10-03,0
ARCT,2023-12-31,30855000.0,-11707000.0,-0.40000000000000024,edgar,2024-03-14,2026-10-03,2026-10-03,0
ARCT,2024-03-31,38012000.0,-26817000.0,-1.0,edgar,2024-05-08,2026-10-03,2026-10-03,0
ARCT,2024-06-30,49859000.0,-17216000.0,-0.64,edgar,2024-08-05,2026-10-03,2026-10-03,0
ARCT,2024-09-30,41673000.0,-6903000.0,-0.26,edgar,2024-11-07,2026-10-03,2026-10-03,0
ARCT,2024-12-31,22766000.0,-30005000.0,-1.1,edgar,2025-03-06,2026-10-03,2026-10-03,0
ARCT,2025-03-31,29382000.0,-14076000.0,-0.52,edgar,2025-05-12,2026-10-03,2026-10-03,0
ARCT,2025-06-30,28301000.0,-9180000.0,-0.34,edgar,2025-08-11,2026-10-03,2026-10-03,0
ARCT,2025-09-30,17151000.0,-13448000.0,-0.49,edgar,2025-11-12,2026-10-03,2026-10-03,0
ARCT,2025-12-31,7197000.0,-29079000.0,-1.0499999999999998,edgar,2026-03-03,2026-10-03,2026-10-03,0
ARCT,2026-03-31,2061000.0,-26964000.0,-0.95,edgar,2026-05-07,2026-10-03,2026-10-03,0
ARCT,2026-06-30,2959000.0,-23785000.0,-0.84,edgar,2026-08-06,2026-10-03,2026-10-03,0
ARDT,2023-06-30,1368734000.0,33076000.0,0.26,edgar,2024-08-14,2026-10-03,2026-10-03,0
ARDT,2023-09-30,1377727000.0,20838000.0,0.17,edgar,2024-11-07,2026-10-03,2026-10-03,0
ARDT,2024-03-31,1439046000.0,27047000.0,0.21,edgar,2025-05-07,2026-10-03,2026-10-03,0
ARDT,2024-06-30,1470920000.0,42770000.0,0.34,edgar,2024-08-14,2026-10-03,2026-10-03,0
ARDT,2024-09-30,1449817000.0,26322000.0,0.19,edgar,2024-11-07,2026-10-03,2026-10-03,0
ARDT,2024-12-31,1606289000.0,114204000.0,0.8400000000000001,edgar,2025-02-27,2026-10-03,2026-10-03,0
ARDT,2025-03-31,1497234000.0,41383000.0,0.29,edgar,2025-05-07,2026-10-03,2026-10-03,0
ARDT,2025-06-30,1645280000.0,72950000.0,0.52,edgar,2025-08-06,2026-10-03,2026-10-03,0
ARDT,2025-09-30,1576746000.0,-23478000.0,-0.17,edgar,2025-11-14,2026-10-03,2026-10-03,0
ARDT,2025-12-31,1605079000.0,44956000.0,0.31999999999999995,edgar,2026-03-16,2026-10-03,2026-10-03,0
ARDT,2026-03-31,1601870000.0,39850000.0,0.28,edgar,2026-05-06,2026-10-03,2026-10-03,0
ARDT,2026-06-30,1622245000.0,16899000.0,0.12,edgar,2026-08-10,2026-10-03,2026-10-03,0
ARHS,2023-09-30,326229000.0,19741000.0,0.14,edgar,2023-11-02,2026-10-03,2026-10-03,0
ARHS,2023-12-31,344008000.0,31216000.0,0.22000000000000008,edgar,2024-03-11,2026-10-03,2026-10-03,0
ARHS,2024-03-31,295162000.0,15099000.0,0.11,edgar,2024-05-10,2026-10-03,2026-10-03,0
ARHS,2024-06-30,309801000.0,22234000.0,0.16,edgar,2024-08-08,2026-10-03,2026-10-03,0
ARHS,2024-09-30,319133000.0,9923000.0,0.07,edgar,2024-11-07,2026-10-03,2026-10-03,0
ARHS,2024-12-31,347011000.0,21294000.0,0.14999999999999997,edgar,2025-02-26,2026-10-03,2026-10-03,0
ARHS,2025-03-31,311372000.0,4882000.0,0.03,edgar,2025-05-08,2026-10-03,2026-10-03,0
ARHS,2025-06-30,358435000.0,35066000.0,0.25,edgar,2025-08-07,2026-10-03,2026-10-03,0
ARHS,2025-09-30,344570000.0,12218000.0,0.09,edgar,2025-11-06,2026-10-03,2026-10-03,0
ARHS,2025-12-31,364845000.0,15090000.0,0.10999999999999999,edgar,2026-02-26,2026-10-03,2026-10-03,0
ARHS,2026-03-31,314276000.0,2223000.0,0.02,edgar,2026-05-07,2026-10-03,2026-10-03,0
ARHS,2026-06-30,384897000.0,39646000.0,0.28,edgar,2026-08-06,2026-10-03,2026-10-03,0
ARM,2023-09-30,806000000.0,-110000000.0,-0.11,edgar,2023-11-09,2026-10-03,2026-10-03,0
ARM,2023-12-31,824000000.0,87000000.0,0.08,edgar,2024-02-08,2026-10-03,2026-10-03,0
ARM,2024-03-31,928000000.0,224000000.0,0.21999999999999997,edgar,2024-05-29,2026-10-03,2026-10-03,0
ARM,2024-06-30,939000000.0,223000000.0,0.21,edgar,2024-08-01,2026-10-03,2026-10-03,0
ARM,2024-09-30,844000000.0,107000000.0,0.1,edgar,2024-11-07,2026-10-03,2026-10-03,0
ARM,2024-12-31,983000000.0,252000000.0,0.24,edgar,2025-02-05,2026-10-03,2026-10-03,0
ARM,2025-03-31,1241000000.0,210000000.0,0.19999999999999996,edgar,2025-05-28,2026-10-03,2026-10-03,0
ARM,2025-06-30,1053000000.0,130000000.0,0.12,edgar,2025-07-30,2026-10-03,2026-10-03,0
ARM,2025-09-30,1135000000.0,238000000.0,0.22,edgar,2025-11-05,2026-10-03,2026-10-03,0
ARM,2025-12-31,1242000000.0,223000000.0,0.21,edgar,2026-02-04,2026-10-03,2026-10-03,0
ARM,2026-03-31,1490000000.0,313000000.0,0.29999999999999993,edgar,2026-05-26,2026-10-03,2026-10-03,0
ARM,2026-06-30,1289000000.0,270000000.0,0.25,edgar,2026-07-29,2026-10-03,2026-10-03,0
ARMK,2023-09-29,4200286000.0,205432000.0,0.7899999999999998,edgar,2023-11-21,2026-10-03,2026-10-03,0
ARMK,2023-12-29,4407765000.0,28536000.0,0.11,edgar,2024-02-06,2026-10-03,2026-10-03,0
ARMK,2024-03-29,4199913000.0,53449000.0,0.2,edgar,2024-05-07,2026-10-03,2026-10-03,0
ARMK,2024-06-28,4376076000.0,58126000.0,0.22,edgar,2024-08-06,2026-10-03,2026-10-03,0
ARMK,2024-09-27,4416947000.0,122411000.0,0.45999999999999996,edgar,2024-11-19,2026-10-03,2026-10-03,0
ARMK,2024-12-27,4552086000.0,105619000.0,0.39,edgar,2025-02-04,2026-10-03,2026-10-03,0
ARMK,2025-03-28,4279298000.0,61854000.0,0.23,edgar,2025-05-06,2026-10-03,2026-10-03,0
ARMK,2025-06-27,4626451000.0,71783000.0,0.27,edgar,2025-08-05,2026-10-03,2026-10-03,0
ARMK,2025-10-03,5048464000.0,87138000.0,0.32999999999999996,edgar,2025-11-25,2026-10-03,2026-10-03,0
ARMK,2026-01-02,4831549000.0,96161000.0,0.36,edgar,2026-02-10,2026-10-03,2026-10-03,0
ARMK,2026-04-03,4907342000.0,101950000.0,0.38,edgar,2026-05-12,2026-10-03,2026-10-03,0
ARMK,2026-07-03,5057909000.0,97658000.0,0.36,edgar,2026-08-11,2026-10-03,2026-10-03,0
ARTV,2023-06-30,3497000.0,-11284000.0,-14.09,edgar,2024-08-29,2026-10-03,2026-10-03,0
ARTV,2023-09-30,26656000.0,11279000.0,1.62,edgar,2024-11-12,2026-10-03,2026-10-03,0
ARTV,2024-03-31,251000.0,-13963000.0,-17.24,edgar,2025-05-08,2026-10-03,2026-10-03,0
ARWR,2023-09-30,16097000.0,-109679000.0,-1.02,edgar,2023-11-29,2026-10-03,2026-10-03,0
ARWR,2023-12-31,3551000.0,-132864000.0,-1.24,edgar,2024-02-06,2026-10-03,2026-10-03,0
ARWR,2024-03-31,0.0,-125300000.0,-1.02,edgar,2024-05-09,2026-10-03,2026-10-03,0
ARWR,2024-06-30,0.0,-170793000.0,-1.38,edgar,2024-08-08,2026-10-03,2026-10-03,0
ARWR,2024-09-30,0.0,-170536000.0,-1.3600000000000003,edgar,2024-11-26,2026-10-03,2026-10-03,0
ARWR,2024-12-31,2500000.0,-173085000.0,-1.39,edgar,2025-02-10,2026-10-03,2026-10-03,0
ARWR,2025-03-31,542709000.0,370445000.0,2.75,edgar,2025-05-12,2026-10-03,2026-10-03,0
ARWR,2025-06-30,27767000.0,-175241000.0,-1.26,edgar,2025-08-07,2026-10-03,2026-10-03,0
ARWR,2025-09-30,256472000.0,-23750000.0,-0.11000000000000008,edgar,2025-11-25,2026-10-03,2026-10-03,0
ARWR,2025-12-31,264033000.0,30811000.0,0.22,edgar,2026-02-05,2026-10-03,2026-10-03,0
ARWR,2026-03-31,73737000.0,-132732000.0,-0.93,edgar,2026-05-07,2026-10-03,2026-10-03,0
ARWR,2026-06-30,75253000.0,-194280000.0,-1.36,edgar,2026-08-04,2026-10-03,2026-10-03,0
ARX,2024-06-30,130100000.0,-9000000.0,-0.05,edgar,2025-08-28,2026-10-03,2026-10-03,0
ARX,2024-09-30,153700000.0,8100000.0,0.04,edgar,2025-11-12,2026-10-03,2026-10-03,0
ARX,2025-03-31,178000000.0,7800000.0,0.03,edgar,2026-05-13,2026-10-03,2026-10-03,0
ARX,2025-06-30,219100000.0,8800000.0,0.04,edgar,2025-08-28,2026-10-03,2026-10-03,0
ARX,2025-09-30,267400000.0,-1368800000.0,-6.99,edgar,2025-11-12,2026-10-03,2026-10-03,0
ARX,2025-12-31,248400000.0,900000.0,-0.5700000000000003,edgar,2026-03-18,2026-10-03,2026-10-03,0
ARX,2026-03-31,273300000.0,-4100000.0,-0.02,edgar,2026-05-13,2026-10-03,2026-10-03,0
ARX,2026-06-30,356900000.0,80000000.0,0.36,edgar,2026-08-13,2026-10-03,2026-10-03,0
ASBA,2021-12-31,268265000.0,76877000.0,0.48,edgar,2022-02-08,2026-10-03,2026-10-03,0
ASBA,2022-03-31,262214000.0,74262000.0,0.47,edgar,2022-04-28,2026-10-03,2026-10-03,0
ASBA,2022-06-30,291604000.0,86824000.0,0.56,edgar,2022-07-28,2026-10-03,2026-10-03,0
ASBA,2022-09-30,335227000.0,96275000.0,0.62,edgar,2022-10-27,2026-10-03,2026-10-03,0
ASBA,2022-12-31,350646000.0,108761000.0,0.69,edgar,2023-02-13,2026-10-03,2026-10-03,0
ASBA,2023-03-31,336083000.0,103360000.0,0.66,edgar,2023-04-27,2026-10-03,2026-10-03,0
ASBA,2023-06-30,323460000.0,87154000.0,0.56,edgar,2023-07-27,2026-10-03,2026-10-03,0
ASBA,2023-09-30,320823000.0,83248000.0,0.53,edgar,2023-10-26,2026-10-03,2026-10-03,0
ASBA,2023-12-31,122390000.0,-90806000.0,-0.6200000000000001,edgar,2024-02-08,2026-10-03,2026-10-03,0
ASBA,2024-03-31,322842000.0,81169000.0,0.52,edgar,2024-04-30,2026-10-03,2026-10-03,0
ASBA,2024-06-30,321752000.0,115573000.0,0.74,edgar,2024-07-30,2026-10-03,2026-10-03,0
ASBA,2024-09-30,329730000.0,88018000.0,0.56,edgar,2024-10-29,2026-10-03,2026-10-03,0
ASIC,2024-06-30,74366000.0,4944000.0,0.14,edgar,2025-08-14,2026-10-03,2026-10-03,0
ASIC,2024-09-30,88745000.0,12863000.0,0.36,edgar,2025-11-12,2026-10-03,2026-10-03,0
ASIC,2025-03-31,83122000.0,8461000.0,0.2,edgar,2026-05-07,2026-10-03,2026-10-03,0
ASIC,2025-06-30,101780000.0,17622000.0,0.39,edgar,2025-08-14,2026-10-03,2026-10-03,0
ASIC,2025-09-30,116100000.0,22664000.0,0.45,edgar,2025-11-12,2026-10-03,2026-10-03,0
ASIC,2025-12-31,123337000.0,25255000.0,0.54,edgar,2026-03-06,2026-10-03,2026-10-03,0
ASIC,2026-03-31,128964000.0,25467000.0,0.51,edgar,2026-05-07,2026-10-03,2026-10-03,0
ASIC,2026-06-30,148484000.0,33451000.0,0.67,edgar,2026-08-13,2026-10-03,2026-10-03,0
ASMB,2023-06-30,0.0,-16896000.0,-3.88,edgar,2024-08-08,2026-10-03,2026-10-03,0
ASMB,2023-09-30,0.0,-14420000.0,-3.29,edgar,2024-11-07,2026-10-03,2026-10-03,0
ASMB,2023-12-31,7163000.0,-10962000.0,-1.7500000000000018,edgar,2024-03-28,2026-10-03,2026-10-03,0
ASMB,2024-03-31,5785000.0,-9077000.0,-1.66,edgar,2024-05-08,2026-10-03,2026-10-03,0
ASMB,2024-06-30,8533000.0,-11152000.0,-1.98,edgar,2024-08-08,2026-10-03,2026-10-03,0
ASMB,2024-09-30,6845000.0,-9613000.0,-1.51,edgar,2024-11-07,2026-10-03,2026-10-03,0
ASMB,2024-12-31,7357000.0,-10335000.0,-1.54,edgar,2025-03-20,2026-10-03,2026-10-03,0
ASMB,2025-03-31,9419000.0,-8818000.0,-1.17,edgar,2025-05-08,2026-10-03,2026-10-03,0
ASMB,2025-06-30,9626000.0,-10198000.0,-1.33,edgar,2025-08-06,2026-10-03,2026-10-03,0
ASMB,2025-09-30,10789000.0,-9196000.0,-0.72,edgar,2025-11-10,2026-10-03,2026-10-03,0
ASMB,2026-03-31,8213000.0,-9079000.0,-0.54,edgar,2026-05-07,2026-10-03,2026-10-03,0
ASMB,2026-06-30,13374000.0,-3857000.0,-0.2,edgar,2026-08-13,2026-10-03,2026-10-03,0
ASO,2023-10-28,1397777000.0,99978000.0,1.31,edgar,2023-11-30,2026-10-03,2026-10-03,0
ASO,2024-02-03,1794828000.0,168167000.0,2.21,edgar,2024-03-21,2026-10-03,2026-10-03,0
ASO,2024-05-04,1364220000.0,76465000.0,1.01,edgar,2024-06-11,2026-10-03,2026-10-03,0
ASO,2024-08-03,1548980000.0,142588000.0,1.95,edgar,2024-09-10,2026-10-03,2026-10-03,0
ASO,2024-11-02,1343330000.0,65763000.0,0.92,edgar,2024-12-10,2026-10-03,2026-10-03,0
ASO,2025-02-01,1676920000.0,133631000.0,1.89,edgar,2025-03-20,2026-10-03,2026-10-03,0
ASO,2025-05-03,1351409000.0,46084000.0,0.68,edgar,2025-06-10,2026-10-03,2026-10-03,0
ASO,2025-08-02,1599838000.0,125434000.0,1.85,edgar,2025-09-02,2026-10-03,2026-10-03,0
ASO,2025-11-01,1383696000.0,71562000.0,1.05,edgar,2025-12-09,2026-10-03,2026-10-03,0
ASO,2026-01-31,1718471000.0,133688000.0,1.96,edgar,2026-03-17,2026-10-03,2026-10-03,0
ASO,2026-05-02,1442003000.0,52703000.0,0.8,edgar,2026-06-10,2026-10-03,2026-10-03,0
ASO,2026-08-01,1647285000.0,137897000.0,2.17,edgar,2026-09-09,2026-10-03,2026-10-03,0
ASPN,2023-09-30,60755000.0,-13073000.0,-0.19,edgar,2023-11-02,2026-10-03,2026-10-03,0
ASPN,2023-12-31,84219000.0,-519000.0,-0.010000000000000009,edgar,2024-03-07,2026-10-03,2026-10-03,0
ASPN,2024-03-31,94501000.0,-1835000.0,-0.02,edgar,2024-05-02,2026-10-03,2026-10-03,0
ASPN,2024-06-30,117770000.0,16818000.0,0.21,edgar,2024-08-08,2026-10-03,2026-10-03,0
ASPN,2024-09-30,117340000.0,-12970000.0,-0.17,edgar,2024-11-07,2026-10-03,2026-10-03,0
ASPN,2024-12-31,123088000.0,11362000.0,0.15000000000000002,edgar,2025-02-27,2026-10-03,2026-10-03,0
ASPN,2025-03-31,78723000.0,-301249000.0,-3.67,edgar,2025-05-08,2026-10-03,2026-10-03,0
ASPN,2025-06-30,78024000.0,-9056000.0,-0.11,edgar,2025-08-07,2026-10-03,2026-10-03,0
ASPN,2025-09-30,73017000.0,-6334000.0,-0.08,edgar,2025-11-06,2026-10-03,2026-10-03,0
ASPN,2025-12-31,41339000.0,-72913000.0,-0.8700000000000006,edgar,2026-03-13,2026-10-03,2026-10-03,0
ASPN,2026-03-31,37884000.0,-23691000.0,-0.29,edgar,2026-05-08,2026-10-03,2026-10-03,0
ASPN,2026-06-30,49849000.0,-23264000.0,-0.28,edgar,2026-08-07,2026-10-03,2026-10-03,0
ASST,2023-03-31,61135.0,-1071251.0,-0.06,edgar,2023-05-11,2026-10-03,2026-10-03,0
ASST,2023-06-30,74912.0,-1321057.0,-0.48,edgar,2023-08-14,2026-10-03,2026-10-03,0
ASST,2023-09-30,60135.0,-1190491.0,-0.43,edgar,2023-11-14,2026-10-03,2026-10-03,0
ASST,2023-12-31,80856.0,-1348398.0,-0.8800000000000001,edgar,2024-04-02,2026-10-03,2026-10-03,0
ASST,2024-03-31,124841.0,-4791000.0,-0.49,edgar,2024-05-15,2026-10-03,2026-10-03,0
ASST,2024-06-30,92966.0,-5869000.0,-0.58,edgar,2024-08-14,2026-10-03,2026-10-03,0
ASST,2024-09-30,984000.0,-6802000.0,-3.06,edgar,2025-11-14,2026-10-03,2026-10-03,0
ASST,2024-12-31,212761.0,-4118000.0,-5.62,edgar,2025-03-31,2026-10-03,2026-10-03,0
ASST,2025-03-31,1423000.0,-3749000.0,-1.65,edgar,2026-05-14,2026-10-03,2026-10-03,0
ASST,2025-06-30,1511000.0,-8875000.0,-3.86,edgar,2026-08-10,2026-10-03,2026-10-03,0
ASST,2026-03-31,2760000.0,-265906000.0,-4.53,edgar,2026-05-14,2026-10-03,2026-10-03,0
ASST,2026-06-30,2941000.0,-257603000.0,-3.77,edgar,2026-08-10,2026-10-03,2026-10-03,0
ATEX,2023-09-30,1052000.0,2073000.0,0.11,edgar,2023-11-13,2026-10-03,2026-10-03,0
ATEX,2023-12-31,1271000.0,328000.0,0.02,edgar,2024-02-14,2026-10-03,2026-10-03,0
ATEX,2024-03-31,1260000.0,-292128.0,-0.51,edgar,2024-06-26,2026-10-03,2026-10-03,0
ATEX,2024-06-30,1525000.0,-15524000.0,-0.84,edgar,2024-08-06,2026-10-03,2026-10-03,0
ATEX,2024-09-30,1551000.0,-12766000.0,-0.69,edgar,2024-11-13,2026-10-03,2026-10-03,0
ATEX,2024-12-31,1566000.0,7710000.0,0.41,edgar,2025-02-11,2026-10-03,2026-10-03,0
ATEX,2025-03-31,1389000.0,9208000.0,0.5099999999999999,edgar,2025-06-24,2026-10-03,2026-10-03,0
ATEX,2025-06-30,1418000.0,25180000.0,1.35,edgar,2025-08-12,2026-10-03,2026-10-03,0
ATEX,2025-09-30,1552000.0,53536000.0,2.86,edgar,2025-11-12,2026-10-03,2026-10-03,0
ATEX,2025-12-31,1573000.0,-6601000.0,-0.35,edgar,2026-02-11,2026-10-03,2026-10-03,0
ATEX,2026-03-31,1958000.0,18520000.0,0.9700000000000002,edgar,2026-06-25,2026-10-03,2026-10-03,0
ATEX,2026-06-30,1958000.0,240000.0,0.01,edgar,2026-08-11,2026-10-03,2026-10-03,0
ATI,2023-10-01,1025600000.0,90200000.0,0.62,edgar,2024-02-23,2026-10-03,2026-10-03,0
ATI,2023-12-31,1064000000.0,145700000.0,0.99,edgar,2024-02-23,2026-10-03,2026-10-03,0
ATI,2024-03-31,1042900000.0,66100000.0,0.46,edgar,2024-04-30,2026-10-03,2026-10-03,0
ATI,2024-06-30,1095300000.0,81900000.0,0.58,edgar,2024-08-06,2026-10-03,2026-10-03,0
ATI,2024-09-29,1051200000.0,82700000.0,0.57,edgar,2024-10-29,2026-10-03,2026-10-03,0
ATI,2024-12-29,1172700000.0,137100000.0,0.94,edgar,2025-02-21,2026-10-03,2026-10-03,0
ATI,2025-03-30,1144400000.0,97000000.0,0.67,edgar,2025-05-01,2026-10-03,2026-10-03,0
ATI,2025-06-29,1140400000.0,100700000.0,0.7,edgar,2025-07-31,2026-10-03,2026-10-03,0
ATI,2025-09-28,1125500000.0,110000000.0,0.78,edgar,2025-10-28,2026-10-03,2026-10-03,0
ATI,2025-12-28,1177100000.0,96600000.0,0.7000000000000002,edgar,2026-02-20,2026-10-03,2026-10-03,0
ATI,2026-03-29,1151500000.0,118200000.0,0.85,edgar,2026-04-30,2026-10-03,2026-10-03,0
ATI,2026-06-28,1261100000.0,151000000.0,1.09,edgar,2026-08-06,2026-10-03,2026-10-03,0
ATLCL,2023-09-30,294907000.0,25240000.0,1.03,edgar,2023-11-09,2026-10-03,2026-10-03,0
ATLCL,2023-12-31,309090000.0,25413000.0,1.1100000000000003,edgar,2024-03-04,2026-10-03,2026-10-03,0
ATLCL,2024-03-31,290706000.0,26170000.0,1.09,edgar,2024-05-10,2026-10-03,2026-10-03,0
ATLCL,2024-06-30,316023000.0,24280000.0,0.99,edgar,2024-08-08,2026-10-03,2026-10-03,0
ATLCL,2024-09-30,351224000.0,29543000.0,1.27,edgar,2024-11-07,2026-10-03,2026-10-03,0
ATLCL,2024-12-31,353491000.0,30113000.0,1.4199999999999995,edgar,2025-03-13,2026-10-03,2026-10-03,0
ATLCL,2025-03-31,345166000.0,31520000.0,1.49,edgar,2025-05-08,2026-10-03,2026-10-03,0
ATLCL,2025-06-30,394163000.0,30573000.0,1.51,edgar,2025-08-07,2026-10-03,2026-10-03,0
ATLCL,2025-09-30,494676000.0,24977000.0,1.21,edgar,2025-11-10,2026-10-03,2026-10-03,0
ATLCL,2025-12-31,734394000.0,33539000.0,1.75,edgar,2026-03-12,2026-10-03,2026-10-03,0
ATLCL,2026-03-31,679589000.0,44175000.0,2.23,edgar,2026-05-07,2026-10-03,2026-10-03,0
ATLCL,2026-06-30,744323000.0,49719000.0,2.5,edgar,2026-08-06,2026-10-03,2026-10-03,0
ATRC,2023-09-30,98290000.0,-9055000.0,-0.2,edgar,2023-11-02,2026-10-03,2026-10-03,0
ATRC,2023-12-31,106543000.0,-9789000.0,-0.21000000000000002,edgar,2024-02-16,2026-10-03,2026-10-03,0
ATRC,2024-03-31,108851000.0,-13269000.0,-0.28,edgar,2024-05-02,2026-10-03,2026-10-03,0
ATRC,2024-06-30,116269000.0,-8008000.0,-0.17,edgar,2024-07-31,2026-10-03,2026-10-03,0
ATRC,2024-09-30,115910000.0,-7853000.0,-0.17,edgar,2024-10-30,2026-10-03,2026-10-03,0
ATRC,2024-12-31,124277000.0,-15568000.0,-0.32999999999999985,edgar,2025-02-14,2026-10-03,2026-10-03,0
ATRC,2025-03-31,123620000.0,-6747000.0,-0.14,edgar,2025-04-30,2026-10-03,2026-10-03,0
ATRC,2025-06-30,136139000.0,-6190000.0,-0.13,edgar,2025-07-30,2026-10-03,2026-10-03,0
ATRC,2025-09-30,134269000.0,-267000.0,-0.01,edgar,2025-10-30,2026-10-03,2026-10-03,0
ATRC,2025-12-31,140500000.0,1756000.0,0.040000000000000036,edgar,2026-02-19,2026-10-03,2026-10-03,0
ATRC,2026-03-31,141249000.0,108000.0,0.0,edgar,2026-05-06,2026-10-03,2026-10-03,0
ATRC,2026-06-30,153604000.0,8955000.0,0.18,edgar,2026-07-27,2026-10-03,2026-10-03,0
ATRO,2023-09-30,162922000.0,-16983000.0,-0.51,edgar,2023-11-09,2026-10-03,2026-10-03,0
ATRO,2023-12-31,195292000.0,6976000.0,0.2,edgar,2024-03-05,2026-10-03,2026-10-03,0
ATRO,2024-03-30,185074000.0,-3178000.0,-0.09,edgar,2024-05-06,2026-10-03,2026-10-03,0
ATRO,2024-06-29,198114000.0,1533000.0,0.04,edgar,2024-08-05,2026-10-03,2026-10-03,0
ATRO,2024-09-28,203698000.0,-11738000.0,-0.34,edgar,2024-11-07,2026-10-03,2026-10-03,0
ATRO,2024-12-31,208540000.0,-2832000.0,-0.08,edgar,2025-03-05,2026-10-03,2026-10-03,0
ATRO,2025-03-29,205936000.0,9528000.0,0.26,edgar,2025-05-07,2026-10-03,2026-10-03,0
ATRO,2025-06-28,204678000.0,1314000.0,0.03,edgar,2025-08-07,2026-10-03,2026-10-03,0
ATRO,2025-09-27,211447000.0,-11098000.0,-0.31,edgar,2025-11-06,2026-10-03,2026-10-03,0
ATRO,2025-12-31,240067000.0,29615000.0,0.78,edgar,2026-02-26,2026-10-03,2026-10-03,0
ATRO,2026-04-04,230619000.0,25540000.0,0.67,edgar,2026-05-13,2026-10-03,2026-10-03,0
ATRO,2026-07-04,259957000.0,35060000.0,0.75,edgar,2026-08-12,2026-10-03,2026-10-03,0
AUTL,2020-03-31,338000.0,-29873000.0,-0.6,edgar,2020-05-07,2026-10-03,2026-10-03,0
AUTL,2020-06-30,293000.0,-32045000.0,-0.62,edgar,2020-08-06,2026-10-03,2026-10-03,0
AUTL,2021-03-31,269000.0,-33266000.0,-0.53,edgar,2021-05-06,2026-10-03,2026-10-03,0
AUTL,2024-03-31,10091000.0,-52690000.0,-0.24,edgar,2025-05-08,2026-10-03,2026-10-03,0
AUTL,2024-06-30,0.0,-58272000.0,-0.22,edgar,2025-08-12,2026-10-03,2026-10-03,0
AUTL,2024-09-30,0.0,-82094000.0,-0.31,edgar,2025-11-12,2026-10-03,2026-10-03,0
AUTL,2025-03-31,8982000.0,-70161000.0,-0.26,edgar,2026-05-14,2026-10-03,2026-10-03,0
AUTL,2025-06-30,20923000.0,-47917000.0,-0.18,edgar,2025-08-12,2026-10-03,2026-10-03,0
AUTL,2025-09-30,21194000.0,-79118000.0,-0.3,edgar,2025-11-12,2026-10-03,2026-10-03,0
AUTL,2025-12-31,24289000.0,-90332000.0,-0.3400000000000001,edgar,2026-03-27,2026-10-03,2026-10-03,0
AUTL,2026-03-31,26218000.0,-71598000.0,-0.27,edgar,2026-05-14,2026-10-03,2026-10-03,0
AUTL,2026-06-30,45689000.0,-39111000.0,-0.15,edgar,2026-08-11,2026-10-03,2026-10-03,0
AVAH,2023-09-30,478010000.0,-102389000.0,-0.54,edgar,2023-11-09,2026-10-03,2026-10-03,0
AVAH,2023-12-30,478841000.0,108653476.0,-0.1299999999999999,edgar,2024-03-14,2026-10-03,2026-10-03,0
AVAH,2024-03-30,490653000.0,-11172000.0,-0.06,edgar,2024-05-09,2026-10-03,2026-10-03,0
AVAH,2024-06-29,504958000.0,13906000.0,0.07,edgar,2024-08-08,2026-10-03,2026-10-03,0
AVAH,2024-09-28,509023000.0,-42843000.0,-0.22,edgar,2024-11-07,2026-10-03,2026-10-03,0
AVAH,2024-12-28,519872000.0,40098071.0,0.15,edgar,2025-03-13,2026-10-03,2026-10-03,0
AVAH,2025-03-29,559224000.0,5193000.0,0.03,edgar,2025-05-08,2026-10-03,2026-10-03,0
AVAH,2025-06-28,589553000.0,27025000.0,0.13,edgar,2025-08-07,2026-10-03,2026-10-03,0
AVAH,2025-09-27,621942000.0,14064000.0,0.06,edgar,2025-11-06,2026-10-03,2026-10-03,0
AVAH,2026-01-03,662480000.0,-46056966.0,0.8300000000000001,edgar,2026-03-19,2026-10-03,2026-10-03,0
AVAH,2026-04-04,647915000.0,41653000.0,0.19,edgar,2026-05-14,2026-10-03,2026-10-03,0
AVAH,2026-07-04,670483000.0,40293000.0,0.18,edgar,2026-08-13,2026-10-03,2026-10-03,0
AVBH,2024-06-30,1098000.0,3466000.0,0.46,edgar,2025-09-18,2026-10-03,2026-10-03,0
AVBH,2024-09-30,1790000.0,5846000.0,0.77,edgar,2025-11-12,2026-10-03,2026-10-03,0
AVBH,2025-03-31,46000.0,5436000.0,0.71,edgar,2026-05-13,2026-10-03,2026-10-03,0
AVBH,2025-06-30,1538000.0,5797000.0,0.75,edgar,2025-09-18,2026-10-03,2026-10-03,0
AVBH,2025-09-30,-60852000.0,-37735000.0,-4.12,edgar,2025-11-12,2026-10-03,2026-10-03,0
AVBH,2026-03-31,101000.0,9021000.0,0.84,edgar,2026-05-13,2026-10-03,2026-10-03,0
AVIR,2021-03-31,65985000.0,30713000.0,0.34,edgar,2021-05-13,2026-10-03,2026-10-03,0
AVIR,2021-06-30,60391000.0,1539000.0,0.02,edgar,2021-08-12,2026-10-03,2026-10-03,0
AVIR,2021-09-30,32811000.0,-28194000.0,-0.34,edgar,2021-11-12,2026-10-03,2026-10-03,0
AVIR,2021-12-31,192180000.0,116942000.0,1.35,edgar,2022-02-28,2026-10-03,2026-10-03,0
AVO,2023-10-31,257900000.0,4000000.0,0.060000000000000005,edgar,2023-12-21,2026-10-03,2026-10-03,0
AVO,2024-01-31,258700000.0,0.0,0.0,edgar,2024-03-11,2026-10-03,2026-10-03,0
AVO,2024-04-30,297600000.0,7000000.0,0.1,edgar,2024-06-06,2026-10-03,2026-10-03,0
AVO,2024-07-31,324000000.0,12400000.0,0.17,edgar,2024-09-09,2026-10-03,2026-10-03,0
AVO,2024-10-31,354400000.0,17300000.0,0.25,edgar,2024-12-19,2026-10-03,2026-10-03,0
AVO,2025-01-31,334200000.0,3900000.0,0.05,edgar,2025-03-10,2026-10-03,2026-10-03,0
AVO,2025-04-30,380300000.0,3100000.0,0.04,edgar,2025-06-05,2026-10-03,2026-10-03,0
AVO,2025-07-31,357700000.0,14700000.0,0.21,edgar,2025-09-08,2026-10-03,2026-10-03,0
AVO,2025-10-31,319000000.0,16000000.0,0.23000000000000004,edgar,2025-12-18,2026-10-03,2026-10-03,0
AVO,2026-01-31,278600000.0,-700000.0,-0.01,edgar,2026-03-12,2026-10-03,2026-10-03,0
AVO,2026-04-30,290900000.0,-7200000.0,-0.1,edgar,2026-06-08,2026-10-03,2026-10-03,0
AVO,2026-07-31,450000000.0,-6500000.0,-0.08,edgar,2026-09-08,2026-10-03,2026-10-03,0
AVPT,2023-09-30,72760000.0,-4212000.0,-0.02,edgar,2023-11-09,2026-10-03,2026-10-03,0
AVPT,2023-12-31,74624000.0,4269000.0,0.020000000000000018,edgar,2024-02-29,2026-10-03,2026-10-03,0
AVPT,2024-03-31,74534000.0,-1954000.0,-0.01,edgar,2024-05-09,2026-10-03,2026-10-03,0
AVPT,2024-06-30,77961000.0,-12938000.0,-0.07,edgar,2024-08-08,2026-10-03,2026-10-03,0
AVPT,2024-09-30,88804000.0,2620000.0,0.01,edgar,2024-11-07,2026-10-03,2026-10-03,0
AVPT,2024-12-31,89183000.0,-17178000.0,-0.09,edgar,2025-02-28,2026-10-03,2026-10-03,0
AVPT,2025-03-31,93064000.0,3440000.0,0.02,edgar,2025-05-08,2026-10-03,2026-10-03,0
AVPT,2025-06-30,102018000.0,2698000.0,0.01,edgar,2025-08-07,2026-10-03,2026-10-03,0
AVPT,2025-09-30,109728000.0,13017000.0,0.06,edgar,2025-11-06,2026-10-03,2026-10-03,0
AVPT,2025-12-31,114687000.0,15644000.0,0.06,edgar,2026-02-26,2026-10-03,2026-10-03,0
AVPT,2026-03-31,117242000.0,15250000.0,0.07,edgar,2026-05-07,2026-10-03,2026-10-03,0
AVPT,2026-06-30,124495000.0,27570000.0,0.12,edgar,2026-08-06,2026-10-03,2026-10-03,0
AVT,2023-09-30,6335648000.0,209268000.0,2.25,edgar,2023-11-03,2026-10-03,2026-10-03,0
AVT,2023-12-30,6204914000.0,117931000.0,1.28,edgar,2024-02-02,2026-10-03,2026-10-03,0
AVT,2024-03-30,5653591000.0,88834000.0,0.97,edgar,2024-05-03,2026-10-03,2026-10-03,0
AVT,2024-06-29,5562976000.0,82666000.0,0.9299999999999997,edgar,2024-08-14,2026-10-03,2026-10-03,0
AVT,2024-09-28,5604152000.0,58956000.0,0.66,edgar,2024-11-01,2026-10-03,2026-10-03,0
AVT,2024-12-28,5663384000.0,87253000.0,0.99,edgar,2025-01-31,2026-10-03,2026-10-03,0
AVT,2025-03-29,5315423000.0,87919000.0,1.01,edgar,2025-05-02,2026-10-03,2026-10-03,0
AVT,2025-06-28,5617795000.0,6089000.0,0.08999999999999986,edgar,2025-08-15,2026-10-03,2026-10-03,0
AVT,2025-09-27,5898572000.0,51745000.0,0.61,edgar,2025-10-31,2026-10-03,2026-10-03,0
AVT,2025-12-27,6318955000.0,61733000.0,0.75,edgar,2026-01-30,2026-10-03,2026-10-03,0
AVT,2026-03-28,7119779000.0,94332000.0,1.14,edgar,2026-05-01,2026-10-03,2026-10-03,0
AVT,2026-06-27,8295377000.0,126579000.0,1.5099999999999998,edgar,2026-08-14,2026-10-03,2026-10-03,0
AVTR,2023-06-30,1743900000.0,-7300000.0,-0.01,edgar,2023-07-28,2026-10-03,2026-10-03,0
AVTR,2023-09-30,1720200000.0,108400000.0,0.16,edgar,2023-10-27,2026-10-03,2026-10-03,0
AVTR,2023-12-31,1722800000.0,98500000.0,0.13999999999999996,edgar,2024-02-14,2026-10-03,2026-10-03,0
AVTR,2024-03-31,1679800000.0,60400000.0,0.09,edgar,2024-04-26,2026-10-03,2026-10-03,0
AVTR,2024-06-30,1702800000.0,92900000.0,0.14,edgar,2024-07-26,2026-10-03,2026-10-03,0
AVTR,2024-09-30,1714400000.0,57800000.0,0.08,edgar,2024-10-25,2026-10-03,2026-10-03,0
AVTR,2024-12-31,1686600000.0,500400000.0,0.73,edgar,2025-02-07,2026-10-03,2026-10-03,0
AVTR,2025-03-31,1581400000.0,64500000.0,0.09,edgar,2025-04-25,2026-10-03,2026-10-03,0
AVTR,2025-06-30,1683400000.0,64700000.0,0.09,edgar,2025-08-01,2026-10-03,2026-10-03,0
AVTR,2025-09-30,1623800000.0,-711800000.0,-1.04,edgar,2025-10-29,2026-10-03,2026-10-03,0
AVTR,2025-12-31,1663600000.0,52400000.0,0.08000000000000007,edgar,2026-02-11,2026-10-03,2026-10-03,0
AVTR,2026-03-31,1581400000.0,43300000.0,0.06,edgar,2026-04-29,2026-10-03,2026-10-03,0
AXGN,2023-09-30,41271000.0,-4089000.0,-0.1,edgar,2023-11-07,2026-10-03,2026-10-03,0
AXGN,2023-12-31,42922000.0,-3893000.0,-0.07999999999999996,edgar,2024-03-05,2026-10-03,2026-10-03,0
AXGN,2024-03-31,41378000.0,-6635000.0,-0.15,edgar,2024-05-02,2026-10-03,2026-10-03,0
AXGN,2024-06-30,47912000.0,-1921000.0,-0.04,edgar,2024-08-08,2026-10-03,2026-10-03,0
AXGN,2024-09-30,48644000.0,-1858000.0,-0.04,edgar,2024-11-07,2026-10-03,2026-10-03,0
AXGN,2024-12-31,49404000.0,450000.0,-2.7755575615628914e-17,edgar,2025-02-26,2026-10-03,2026-10-03,0
AXGN,2025-03-31,48560000.0,-3834000.0,-0.08,edgar,2025-05-08,2026-10-03,2026-10-03,0
AXGN,2025-06-30,56662000.0,579000.0,0.01,edgar,2025-08-05,2026-10-03,2026-10-03,0
AXGN,2025-09-30,60082000.0,708000.0,0.01,edgar,2025-10-29,2026-10-03,2026-10-03,0
AXGN,2025-12-31,59904000.0,-13156000.0,-0.28,edgar,2026-02-24,2026-10-03,2026-10-03,0
AXGN,2026-03-31,61457000.0,-19584000.0,-0.38,edgar,2026-04-28,2026-10-03,2026-10-03,0
AXGN,2026-06-30,69731000.0,-1516000.0,-0.03,edgar,2026-07-29,2026-10-03,2026-10-03,0
AZTA,2023-09-30,58771000.0,2996000.0,0.01999999999999999,edgar,2023-11-21,2026-10-03,2026-10-03,0
AZTA,2023-12-31,142197000.0,-14262000.0,-0.25,edgar,2024-02-08,2026-10-03,2026-10-03,0
AZTA,2024-03-31,136355000.0,-137442000.0,-2.48,edgar,2024-05-09,2026-10-03,2026-10-03,0
AZTA,2024-06-30,144292000.0,-6554000.0,-0.12,edgar,2024-08-06,2026-10-03,2026-10-03,0
AZTA,2024-09-30,150604000.0,-6639000.0,-0.14,edgar,2025-12-04,2026-10-03,2026-10-03,0
AZTA,2024-12-31,147436000.0,-10992000.0,-0.25,edgar,2025-02-10,2026-10-03,2026-10-03,0
AZTA,2025-03-31,143338000.0,-47661000.0,-1.04,edgar,2025-05-09,2026-10-03,2026-10-03,0
AZTA,2025-06-30,143855000.0,-47987000.0,-1.05,edgar,2025-08-06,2026-10-03,2026-10-03,0
AZTA,2025-09-30,159192000.0,50877000.0,1.11,edgar,2025-12-04,2026-10-03,2026-10-03,0
AZTA,2025-12-31,148642000.0,-15432000.0,-0.34,edgar,2026-02-05,2026-10-03,2026-10-03,0
AZTA,2026-03-31,144795000.0,-160798000.0,-3.49,edgar,2026-05-08,2026-10-03,2026-10-03,0
AZTA,2026-06-30,161178000.0,2456000.0,0.05,edgar,2026-08-06,2026-10-03,2026-10-03,0
BAND,2023-06-30,145874000.0,-3890000.0,-0.15,edgar,2023-08-03,2026-10-03,2026-10-03,0
BAND,2023-09-30,152013000.0,-5130000.0,-0.2,edgar,2023-11-02,2026-10-03,2026-10-03,0
BAND,2023-12-31,165386000.0,-10934000.0,-0.010000000000000009,edgar,2024-02-28,2026-10-03,2026-10-03,0
BAND,2024-03-31,171033000.0,-9233000.0,-0.35,edgar,2024-05-07,2026-10-03,2026-10-03,0
BAND,2024-06-30,173602000.0,4055000.0,-0.17,edgar,2024-08-01,2026-10-03,2026-10-03,0
BAND,2024-09-30,193883000.0,413000.0,0.01,edgar,2024-10-31,2026-10-03,2026-10-03,0
BAND,2024-12-31,209969000.0,-1759000.0,0.27,edgar,2025-02-20,2026-10-03,2026-10-03,0
BAND,2025-03-31,174241000.0,-3740000.0,-0.13,edgar,2025-05-07,2026-10-03,2026-10-03,0
BAND,2025-06-30,180013000.0,-4931000.0,-0.16,edgar,2025-07-29,2026-10-03,2026-10-03,0
BAND,2025-09-30,191895000.0,-1241000.0,-0.04,edgar,2025-10-30,2026-10-03,2026-10-03,0
BAND,2025-12-31,207668000.0,-3000000.0,-0.09999999999999998,edgar,2026-02-19,2026-10-03,2026-10-03,0
BAND,2026-03-31,208784000.0,4118000.0,-0.08,edgar,2026-04-30,2026-10-03,2026-10-03,0
BANR,2021-06-30,9758000.0,54382000.0,1.56,edgar,2022-08-04,2026-10-03,2026-10-03,0
BANR,2021-09-30,10457000.0,49884000.0,1.44,edgar,2022-11-03,2026-10-03,2026-10-03,0
BANR,2022-06-30,11000000.0,47965000.0,1.39,edgar,2022-08-04,2026-10-03,2026-10-03,0
BANR,2022-09-30,11449000.0,49070000.0,1.43,edgar,2022-11-03,2026-10-03,2026-10-03,0
BATRK,2023-09-30,271824000.0,-6047000.0,-0.1,edgar,2023-11-06,2026-10-03,2026-10-03,0
BATRK,2023-12-31,67748000.0,-32358000.0,-0.5199999999999998,edgar,2024-02-29,2026-10-03,2026-10-03,0
BATRK,2024-03-31,37080000.0,-51272000.0,-0.83,edgar,2024-05-08,2026-10-03,2026-10-03,0
BATRK,2024-06-30,282876000.0,29109000.0,0.46,edgar,2024-08-08,2026-10-03,2026-10-03,0
BATRK,2024-09-30,290674000.0,10020000.0,0.16,edgar,2024-11-07,2026-10-03,2026-10-03,0
BATRK,2024-12-31,52118000.0,-19125000.0,-0.29000000000000004,edgar,2025-03-03,2026-10-03,2026-10-03,0
BATRK,2025-03-31,47211000.0,-41391000.0,-0.66,edgar,2025-05-12,2026-10-03,2026-10-03,0
BATRK,2025-06-30,312440000.0,29494000.0,0.46,edgar,2025-08-07,2026-10-03,2026-10-03,0
BATRK,2025-09-30,311538000.0,29978000.0,0.47,edgar,2025-11-05,2026-10-03,2026-10-03,0
BATRK,2025-12-31,61303000.0,-41449000.0,-0.6399999999999999,edgar,2026-02-26,2026-10-03,2026-10-03,0
BATRK,2026-03-31,72007000.0,-40482000.0,-0.63,edgar,2026-05-11,2026-10-03,2026-10-03,0
BATRK,2026-06-30,305119000.0,-12234000.0,-0.19,edgar,2026-08-05,2026-10-03,2026-10-03,0
BAX,2023-09-30,2599000000.0,2508000000.0,4.93,edgar,2023-11-02,2026-10-03,2026-10-03,0
BAX,2023-12-31,2729000000.0,245000000.0,0.48,edgar,2024-02-08,2026-10-03,2026-10-03,0
BAX,2024-03-31,2490000000.0,37000000.0,0.07,edgar,2024-05-02,2026-10-03,2026-10-03,0
BAX,2024-06-30,2694000000.0,-314000000.0,-0.61,edgar,2024-08-06,2026-10-03,2026-10-03,0
BAX,2024-09-30,2699000000.0,140000000.0,0.27,edgar,2024-11-12,2026-10-03,2026-10-03,0
BAX,2024-12-31,2753000000.0,-512000000.0,-1.0,edgar,2025-02-21,2026-10-03,2026-10-03,0
BAX,2025-03-31,2625000000.0,126000000.0,0.25,edgar,2025-05-06,2026-10-03,2026-10-03,0
BAX,2025-06-30,2810000000.0,91000000.0,0.18,edgar,2025-08-05,2026-10-03,2026-10-03,0
BAX,2025-09-30,2835000000.0,-46000000.0,-0.09,edgar,2025-11-04,2026-10-03,2026-10-03,0
BAX,2025-12-31,2974000000.0,-1128000000.0,-2.21,edgar,2026-02-12,2026-10-03,2026-10-03,0
BAX,2026-03-31,2701000000.0,-15000000.0,-0.03,edgar,2026-04-30,2026-10-03,2026-10-03,0
BAX,2026-06-30,2960000000.0,126000000.0,0.24,edgar,2026-07-30,2026-10-03,2026-10-03,0
BB,2023-11-30,152000000.0,-21000000.0,-0.05,edgar,2023-12-21,2026-10-03,2026-10-03,0
BB,2024-02-29,102100000.0,-56200000.0,-0.07999999999999999,edgar,2024-04-04,2026-10-03,2026-10-03,0
BB,2024-05-31,123400000.0,-41400000.0,-0.07,edgar,2024-06-27,2026-10-03,2026-10-03,0
BB,2024-08-31,126200000.0,-19700000.0,-0.03,edgar,2024-09-27,2026-10-03,2026-10-03,0
BB,2024-11-30,143600000.0,-10500000.0,-0.02,edgar,2024-12-20,2026-10-03,2026-10-03,0
BB,2025-02-28,141700000.0,-7400000.0,-0.009999999999999995,edgar,2025-04-02,2026-10-03,2026-10-03,0
BB,2025-05-31,121700000.0,1900000.0,0.0,edgar,2025-06-25,2026-10-03,2026-10-03,0
BB,2025-08-31,129600000.0,13300000.0,0.02,edgar,2025-09-25,2026-10-03,2026-10-03,0
BB,2025-11-30,141800000.0,13700000.0,0.02,edgar,2025-12-19,2026-10-03,2026-10-03,0
BB,2026-02-28,156000000.0,24300000.0,0.049999999999999996,edgar,2026-04-09,2026-10-03,2026-10-03,0
BB,2026-05-31,152900000.0,8500000.0,,edgar,2026-06-25,2026-10-03,2026-10-03,0
BB,2026-08-31,163300000.0,33900000.0,,edgar,2026-09-24,2026-10-03,2026-10-03,0
BBCP,2023-10-31,111726000.0,9391000.0,0.16000000000000003,edgar,2024-01-16,2026-10-03,2026-10-03,0
BBCP,2024-01-31,89958000.0,-3826000.0,-0.08,edgar,2024-03-07,2026-10-03,2026-10-03,0
BBCP,2024-04-30,98729000.0,3046000.0,0.05,edgar,2024-06-06,2026-10-03,2026-10-03,0
BBCP,2024-07-31,100575000.0,7560000.0,0.13,edgar,2024-09-04,2026-10-03,2026-10-03,0
BBCP,2024-10-31,102084000.0,9427000.0,0.16,edgar,2025-01-10,2026-10-03,2026-10-03,0
BBCP,2025-01-31,78028000.0,-2639000.0,-0.06,edgar,2025-03-11,2026-10-03,2026-10-03,0
BBCP,2025-04-30,85194000.0,-4000.0,-0.01,edgar,2025-06-05,2026-10-03,2026-10-03,0
BBCP,2025-07-31,94159000.0,3699000.0,0.07,edgar,2025-09-04,2026-10-03,2026-10-03,0
BBCP,2025-10-31,98866000.0,5317000.0,0.08999999999999998,edgar,2026-01-13,2026-10-03,2026-10-03,0
BBCP,2026-01-31,81652000.0,-2442000.0,-0.06,edgar,2026-03-10,2026-10-03,2026-10-03,0
BBCP,2026-04-30,97455000.0,2548000.0,0.04,edgar,2026-06-04,2026-10-03,2026-10-03,0
BBCP,2026-07-31,106527000.0,4931000.0,0.09,edgar,2026-09-03,2026-10-03,2026-10-03,0
BBY,2023-10-28,9756000000.0,263000000.0,1.21,edgar,2023-12-01,2026-10-03,2026-10-03,0
BBY,2024-02-03,14646000000.0,460000000.0,2.1099999999999994,edgar,2024-03-15,2026-10-03,2026-10-03,0
BBY,2024-05-04,8847000000.0,246000000.0,1.13,edgar,2024-06-07,2026-10-03,2026-10-03,0
BBY,2024-08-03,9288000000.0,291000000.0,1.34,edgar,2024-09-06,2026-10-03,2026-10-03,0
BBY,2024-11-02,9445000000.0,273000000.0,1.26,edgar,2024-12-06,2026-10-03,2026-10-03,0
BBY,2025-02-01,13948000000.0,117000000.0,0.5500000000000003,edgar,2025-03-19,2026-10-03,2026-10-03,0
BBY,2025-05-03,8767000000.0,202000000.0,0.95,edgar,2025-06-06,2026-10-03,2026-10-03,0
BBY,2025-08-02,9438000000.0,186000000.0,0.87,edgar,2025-09-05,2026-10-03,2026-10-03,0
BBY,2025-11-01,9672000000.0,140000000.0,0.66,edgar,2025-12-05,2026-10-03,2026-10-03,0
BBY,2026-01-31,13814000000.0,541000000.0,2.56,edgar,2026-03-18,2026-10-03,2026-10-03,0
BBY,2026-05-02,8936000000.0,276000000.0,1.31,edgar,2026-06-05,2026-10-03,2026-10-03,0
BBY,2026-08-01,9779000000.0,315000000.0,1.48,edgar,2026-09-04,2026-10-03,2026-10-03,0
BCRX,2023-09-30,86742000.0,-36149000.0,-0.19,edgar,2023-11-08,2026-10-03,2026-10-03,0
BCRX,2023-12-31,93401000.0,-61731000.0,-0.30999999999999983,edgar,2024-02-27,2026-10-03,2026-10-03,0
BCRX,2024-03-31,92761000.0,-35379000.0,-0.17,edgar,2024-05-07,2026-10-03,2026-10-03,0
BCRX,2024-06-30,109332000.0,-12674000.0,-0.06,edgar,2024-08-06,2026-10-03,2026-10-03,0
BCRX,2024-09-30,117085000.0,-14033000.0,-0.07,edgar,2024-11-05,2026-10-03,2026-10-03,0
BCRX,2024-12-31,131534000.0,-26795000.0,-0.12999999999999995,edgar,2025-02-25,2026-10-03,2026-10-03,0
BCRX,2025-03-31,145534000.0,32000.0,0.0,edgar,2025-05-06,2026-10-03,2026-10-03,0
BCRX,2025-06-30,163353000.0,5085000.0,0.02,edgar,2025-08-05,2026-10-03,2026-10-03,0
BCRX,2025-09-30,159395000.0,12899000.0,0.06,edgar,2025-11-04,2026-10-03,2026-10-03,0
BCRX,2025-12-31,406555000.0,245845000.0,1.13,edgar,2026-02-26,2026-10-03,2026-10-03,0
BCRX,2026-03-31,156413000.0,-721812000.0,-2.98,edgar,2026-05-06,2026-10-03,2026-10-03,0
BCRX,2026-06-30,218250000.0,78395000.0,0.3,edgar,2026-08-05,2026-10-03,2026-10-03,0
BDSX,2023-09-30,13491000.0,-10949000.0,-0.14,edgar,2023-11-07,2026-10-03,2026-10-03,0
BDSX,2023-12-31,14668000.0,-9139000.0,-0.08999999999999997,edgar,2024-03-01,2026-10-03,2026-10-03,0
BDSX,2024-03-31,14818000.0,-13614000.0,-0.14,edgar,2024-05-08,2026-10-03,2026-10-03,0
BDSX,2024-06-30,17925000.0,-10808000.0,-0.08,edgar,2024-08-07,2026-10-03,2026-10-03,0
BDSX,2024-09-30,18151000.0,-10258000.0,-1.4,edgar,2024-11-01,2026-10-03,2026-10-03,0
BDSX,2024-12-31,20429000.0,-8250000.0,-5.02,edgar,2025-03-03,2026-10-03,2026-10-03,0
BDSX,2025-03-31,17958000.0,-11101000.0,-1.52,edgar,2025-05-13,2026-10-03,2026-10-03,0
BDSX,2025-06-30,20018000.0,-11468000.0,-1.56,edgar,2025-08-07,2026-10-03,2026-10-03,0
BDSX,2025-09-30,21768000.0,-8716000.0,-1.16,edgar,2025-11-03,2026-10-03,2026-10-03,0
BDSX,2025-12-31,28755000.0,-3985000.0,-0.4299999999999997,edgar,2026-02-26,2026-10-03,2026-10-03,0
BDSX,2026-03-31,25555000.0,-7793000.0,-0.81,edgar,2026-05-04,2026-10-03,2026-10-03,0
BDSX,2026-06-30,26861000.0,-7273000.0,-0.71,edgar,2026-08-05,2026-10-03,2026-10-03,0
BDX,2023-09-30,5087000000.0,108000000.0,0.35000000000000053,edgar,2023-11-21,2026-10-03,2026-10-03,0
BDX,2023-12-31,4706000000.0,281000000.0,0.96,edgar,2024-02-01,2026-10-03,2026-10-03,0
BDX,2024-03-31,5045000000.0,537000000.0,1.85,edgar,2024-05-02,2026-10-03,2026-10-03,0
BDX,2024-06-30,4990000000.0,487000000.0,1.68,edgar,2024-08-01,2026-10-03,2026-10-03,0
BDX,2024-09-30,5437000000.0,400000000.0,1.37,edgar,2024-11-27,2026-10-03,2026-10-03,0
BDX,2024-12-31,5168000000.0,303000000.0,1.04,edgar,2025-02-06,2026-10-03,2026-10-03,0
BDX,2025-03-31,4480000000.0,308000000.0,1.07,edgar,2025-05-01,2026-10-03,2026-10-03,0
BDX,2025-06-30,4726000000.0,574000000.0,2.0,edgar,2025-08-07,2026-10-03,2026-10-03,0
BDX,2025-09-30,7466000000.0,493000000.0,1.71,edgar,2025-11-25,2026-10-03,2026-10-03,0
BDX,2025-12-31,5252000000.0,382000000.0,1.34,edgar,2026-02-09,2026-10-03,2026-10-03,0
BDX,2026-03-31,4714000000.0,-311000000.0,-1.11,edgar,2026-05-07,2026-10-03,2026-10-03,0
BDX,2026-06-30,4983000000.0,377000000.0,1.37,edgar,2026-08-06,2026-10-03,2026-10-03,0
BE,2023-06-30,285291000.0,-69059000.0,-0.32,edgar,2023-08-03,2026-10-03,2026-10-03,0
BE,2023-09-30,383439000.0,-168078000.0,-0.8,edgar,2023-11-08,2026-10-03,2026-10-03,0
BE,2023-12-31,341281000.0,4117000.0,0.050000000000000044,edgar,2024-02-15,2026-10-03,2026-10-03,0
BE,2024-03-31,226095000.0,-56543000.0,-0.25,edgar,2024-05-09,2026-10-03,2026-10-03,0
BE,2024-06-30,326465000.0,-61185000.0,-0.27,edgar,2024-08-08,2026-10-03,2026-10-03,0
BE,2024-09-30,321796000.0,-14632000.0,-60.0,edgar,2024-11-07,2026-10-03,2026-10-03,0
BE,2024-12-31,567038000.0,105157000.0,60.39,edgar,2025-02-27,2026-10-03,2026-10-03,0
BE,2025-03-31,319262000.0,-23414000.0,-0.1,edgar,2025-04-30,2026-10-03,2026-10-03,0
BE,2025-06-30,396256000.0,-42192000.0,-0.18,edgar,2025-07-31,2026-10-03,2026-10-03,0
BE,2025-09-30,513331000.0,-22960000.0,-100.0,edgar,2025-10-28,2026-10-03,2026-10-03,0
BE,2025-12-31,772765000.0,1426000.0,99.91,edgar,2026-02-09,2026-10-03,2026-10-03,0
BE,2026-03-31,746401000.0,73691000.0,0.23,edgar,2026-04-29,2026-10-03,2026-10-03,0
BEN,2023-09-30,1986100000.0,295500000.0,0.5799999999999998,edgar,2023-11-14,2026-10-03,2026-10-03,0
BEN,2023-12-31,1991100000.0,251300000.0,0.5,edgar,2024-01-29,2026-10-03,2026-10-03,0
BEN,2024-03-31,2152800000.0,124200000.0,0.23,edgar,2024-04-29,2026-10-03,2026-10-03,0
BEN,2024-06-30,2122900000.0,174000000.0,0.32,edgar,2024-07-26,2026-10-03,2026-10-03,0
BEN,2024-09-30,2211200000.0,-84700000.0,-0.20000000000000007,edgar,2024-11-12,2026-10-03,2026-10-03,0
BEN,2024-12-31,2251600000.0,163600000.0,0.29,edgar,2025-01-31,2026-10-03,2026-10-03,0
BEN,2025-03-31,2111400000.0,151400000.0,0.26,edgar,2025-05-02,2026-10-03,2026-10-03,0
BEN,2025-06-30,2064000000.0,92300000.0,0.15,edgar,2025-08-01,2026-10-03,2026-10-03,0
BEN,2025-09-30,2343700000.0,117600000.0,0.21000000000000008,edgar,2025-11-10,2026-10-03,2026-10-03,0
BEN,2025-12-31,2327100000.0,255500000.0,0.46,edgar,2026-01-30,2026-10-03,2026-10-03,0
BEN,2026-03-31,2294900000.0,268200000.0,0.49,edgar,2026-04-28,2026-10-03,2026-10-03,0
BEN,2026-06-30,2358400000.0,171500000.0,0.31,edgar,2026-07-31,2026-10-03,2026-10-03,0
BFH,2018-12-31,268300000.0,284900000.0,5.25,edgar,2019-02-26,2026-10-03,2026-10-03,0
BFH,2019-03-31,182200000.0,149100000.0,2.8,edgar,2019-05-06,2026-10-03,2026-10-03,0
BFH,2019-06-30,217000000.0,139000000.0,2.64,edgar,2019-08-06,2026-10-03,2026-10-03,0
BFH,2019-09-30,198600000.0,-107600000.0,-2.13,edgar,2019-11-06,2026-10-03,2026-10-03,0
BFH,2019-12-31,242400000.0,97500000.0,2.05,edgar,2020-02-28,2026-10-03,2026-10-03,0
BFH,2020-03-31,164300000.0,30000000.0,0.63,edgar,2020-05-06,2026-10-03,2026-10-03,0
BFH,2020-06-30,119500000.0,38400000.0,0.81,edgar,2020-08-04,2026-10-03,2026-10-03,0
BFH,2020-09-30,134500000.0,133300000.0,2.79,edgar,2020-11-04,2026-10-03,2026-10-03,0
BFH,2020-12-31,158900000.0,12000000.0,0.25,edgar,2021-02-26,2026-10-03,2026-10-03,0
BFH,2021-03-31,140800000.0,286000000.0,5.74,edgar,2021-05-05,2026-10-03,2026-10-03,0
BFH,2021-06-30,96100000.0,274000000.0,5.47,edgar,2021-08-05,2026-10-03,2026-10-03,0
BFH,2021-09-30,104300000.0,224000000.0,4.47,edgar,2021-11-03,2026-10-03,2026-10-03,0
BFLY,2023-09-30,15421000.0,-27368000.0,-0.13,edgar,2023-11-06,2026-10-03,2026-10-03,0
BFLY,2023-12-31,16516000.0,-44121000.0,-0.20999999999999996,edgar,2024-03-04,2026-10-03,2026-10-03,0
BFLY,2024-03-31,17656000.0,-21761000.0,-0.1,edgar,2024-05-01,2026-10-03,2026-10-03,0
BFLY,2024-06-30,21487000.0,-15706000.0,-0.07,edgar,2024-08-01,2026-10-03,2026-10-03,0
BFLY,2024-09-30,20561000.0,-16924000.0,-0.08,edgar,2024-11-01,2026-10-03,2026-10-03,0
BFLY,2024-12-31,22352000.0,-18109000.0,-0.09000000000000002,edgar,2025-02-28,2026-10-03,2026-10-03,0
BFLY,2025-03-31,21225000.0,-13967000.0,-0.06,edgar,2025-05-02,2026-10-03,2026-10-03,0
BFLY,2025-06-30,23383000.0,-13834000.0,-0.06,edgar,2025-08-01,2026-10-03,2026-10-03,0
BFLY,2025-09-30,21489000.0,-33971000.0,-0.13,edgar,2025-10-31,2026-10-03,2026-10-03,0
BFLY,2025-12-31,31513000.0,-15328000.0,-0.06,edgar,2026-02-27,2026-10-03,2026-10-03,0
BFLY,2026-03-31,26530000.0,-12677000.0,-0.05,edgar,2026-04-30,2026-10-03,2026-10-03,0
BFLY,2026-06-30,32612000.0,-12910000.0,-0.05,edgar,2026-07-30,2026-10-03,2026-10-03,0
BG,2023-06-30,4383000000.0,622000000.0,4.09,edgar,2024-08-01,2026-10-03,2026-10-03,0
BG,2023-09-30,4355000000.0,373000000.0,2.47,edgar,2024-10-30,2026-10-03,2026-10-03,0
BG,2023-12-31,4369000000.0,616000000.0,4.18,edgar,2024-02-22,2026-10-03,2026-10-03,0
BG,2024-03-31,3944000000.0,244000000.0,1.68,edgar,2024-04-24,2026-10-03,2026-10-03,0
BG,2024-06-30,3734000000.0,70000000.0,0.48,edgar,2024-08-01,2026-10-03,2026-10-03,0
BG,2024-09-30,3872000000.0,221000000.0,1.56,edgar,2024-10-30,2026-10-03,2026-10-03,0
BG,2024-12-31,4000000000.0,602000000.0,4.36,edgar,2025-02-20,2026-10-03,2026-10-03,0
BG,2025-03-31,3663000000.0,201000000.0,1.48,edgar,2025-05-07,2026-10-03,2026-10-03,0
BG,2025-06-30,4021000000.0,354000000.0,2.61,edgar,2025-08-05,2026-10-03,2026-10-03,0
BG,2025-09-30,4373000000.0,166000000.0,0.84,edgar,2025-11-05,2026-10-03,2026-10-03,0
BG,2025-12-31,4887000000.0,95000000.0,0.49,edgar,2026-02-19,2026-10-03,2026-10-03,0
BG,2026-03-31,4660000000.0,68000000.0,0.35,edgar,2026-04-29,2026-10-03,2026-10-03,0
BGC,2023-09-30,385663000.0,17046000.0,0.03,edgar,2023-11-09,2026-10-03,2026-10-03,0
BGC,2023-12-31,426257000.0,22455000.0,0.04000000000000001,edgar,2024-02-29,2026-10-03,2026-10-03,0
BGC,2024-03-31,453613000.0,49210000.0,0.1,edgar,2024-05-09,2026-10-03,2026-10-03,0
BGC,2024-06-30,434971000.0,37828000.0,0.08,edgar,2024-08-08,2026-10-03,2026-10-03,0
BGC,2024-09-30,448850000.0,14747000.0,0.03,edgar,2024-11-08,2026-10-03,2026-10-03,0
BGC,2024-12-31,475178000.0,21443000.0,0.03999999999999998,edgar,2025-03-03,2026-10-03,2026-10-03,0
BGC,2025-03-31,534572000.0,55164000.0,0.11,edgar,2025-05-12,2026-10-03,2026-10-03,0
BGC,2025-06-30,648039000.0,57545000.0,0.11,edgar,2025-08-11,2026-10-03,2026-10-03,0
BGC,2025-09-30,620786000.0,27882000.0,0.06,edgar,2025-11-10,2026-10-03,2026-10-03,0
BGC,2025-12-31,638594000.0,14371000.0,0.02999999999999997,edgar,2026-03-02,2026-10-03,2026-10-03,0
BGC,2026-03-31,797705000.0,84148000.0,0.17,edgar,2026-05-11,2026-10-03,2026-10-03,0
BGC,2026-06-30,695557000.0,72487000.0,0.15,edgar,2026-08-10,2026-10-03,2026-10-03,0
BHB,2020-03-31,6481000.0,7721000.0,0.5,edgar,2020-05-08,2026-10-03,2026-10-03,0
BHB,2020-06-30,5598000.0,8481000.0,0.55,edgar,2020-08-04,2026-10-03,2026-10-03,0
BHB,2020-09-30,6418000.0,8402000.0,0.56,edgar,2020-11-05,2026-10-03,2026-10-03,0
BHB,2020-12-31,6208000.0,8640000.0,0.58,edgar,2021-03-10,2026-10-03,2026-10-03,0
BHB,2021-03-31,6636000.0,9480000.0,0.63,edgar,2021-05-05,2026-10-03,2026-10-03,0
BHB,2021-06-30,7058000.0,9025000.0,0.6,edgar,2021-08-03,2026-10-03,2026-10-03,0
BHB,2021-09-30,7383000.0,11028000.0,0.73,edgar,2021-11-08,2026-10-03,2026-10-03,0
BHB,2021-12-31,7314000.0,9766000.0,0.6499999999999999,edgar,2022-03-14,2026-10-03,2026-10-03,0
BHB,2022-03-31,7370000.0,9112000.0,0.6,edgar,2022-05-05,2026-10-03,2026-10-03,0
BHB,2022-06-30,7485000.0,10503000.0,0.7,edgar,2022-08-03,2026-10-03,2026-10-03,0
BHB,2022-09-30,7384000.0,11430000.0,0.76,edgar,2022-11-04,2026-10-03,2026-10-03,0
BHB,2022-12-31,7125000.0,12512000.0,0.8199999999999998,edgar,2023-03-14,2026-10-03,2026-10-03,0
BHE,2023-09-30,745931000.0,20412000.0,0.57,edgar,2023-11-02,2026-10-03,2026-10-03,0
BHE,2023-12-31,712860000.0,22180000.0,0.6099999999999999,edgar,2024-02-27,2026-10-03,2026-10-03,0
BHE,2024-03-31,710641000.0,14002000.0,0.38,edgar,2024-05-03,2026-10-03,2026-10-03,0
BHE,2024-06-30,686667000.0,15528000.0,0.43,edgar,2024-08-01,2026-10-03,2026-10-03,0
BHE,2024-09-30,679971000.0,15374000.0,0.42,edgar,2024-11-01,2026-10-03,2026-10-03,0
BHE,2024-12-31,683568000.0,16222000.0,0.42999999999999994,edgar,2025-02-24,2026-10-03,2026-10-03,0
BHE,2025-03-31,654596000.0,3644000.0,0.1,edgar,2025-05-01,2026-10-03,2026-10-03,0
BHE,2025-06-30,665682000.0,972000.0,0.03,edgar,2025-07-31,2026-10-03,2026-10-03,0
BHE,2025-09-30,702620000.0,14263000.0,0.39,edgar,2025-11-05,2026-10-03,2026-10-03,0
BHE,2025-12-31,725844000.0,5973000.0,0.16000000000000003,edgar,2026-02-24,2026-10-03,2026-10-03,0
BHE,2026-03-31,697704000.0,13023000.0,0.36,edgar,2026-04-30,2026-10-03,2026-10-03,0
BHE,2026-06-30,777495000.0,19882000.0,0.55,edgar,2026-07-29,2026-10-03,2026-10-03,0
BIIB,2023-06-30,2456000000.0,591600000.0,4.07,edgar,2023-07-25,2026-10-03,2026-10-03,0
BIIB,2023-09-30,2530300000.0,-68100000.0,-0.47,edgar,2023-11-08,2026-10-03,2026-10-03,0
BIIB,2023-12-31,2386300000.0,249600000.0,1.6999999999999993,edgar,2024-02-14,2026-10-03,2026-10-03,0
BIIB,2024-03-31,2290500000.0,393400000.0,2.7,edgar,2024-04-24,2026-10-03,2026-10-03,0
BIIB,2024-06-30,2464900000.0,583600000.0,4.0,edgar,2024-08-01,2026-10-03,2026-10-03,0
BIIB,2024-09-30,2465800000.0,388500000.0,2.66,edgar,2024-10-30,2026-10-03,2026-10-03,0
BIIB,2024-12-31,2454700000.0,266500000.0,1.8200000000000003,edgar,2025-02-12,2026-10-03,2026-10-03,0
BIIB,2025-03-31,2431000000.0,240500000.0,1.64,edgar,2025-05-01,2026-10-03,2026-10-03,0
BIIB,2025-06-30,2645500000.0,634800000.0,4.33,edgar,2025-07-31,2026-10-03,2026-10-03,0
BIIB,2025-09-30,2534700000.0,466500000.0,3.17,edgar,2025-10-30,2026-10-03,2026-10-03,0
BIIB,2025-12-31,2279400000.0,-48800000.0,-0.3500000000000014,edgar,2026-02-06,2026-10-03,2026-10-03,0
BIIB,2026-03-31,2477800000.0,319500000.0,2.15,edgar,2026-04-29,2026-10-03,2026-10-03,0
BLFS,2023-09-30,23573000.0,-29132000.0,-0.67,edgar,2023-11-09,2026-10-03,2026-10-03,0
BLFS,2023-12-31,-22497000.0,-14957000.0,-0.33000000000000007,edgar,2024-02-29,2026-10-03,2026-10-03,0
BLFS,2024-03-31,18433000.0,-10221000.0,-0.22,edgar,2024-05-10,2026-10-03,2026-10-03,0
BLFS,2024-06-30,19715000.0,-20719000.0,-0.45,edgar,2024-08-09,2026-10-03,2026-10-03,0
BLFS,2024-09-30,21391000.0,-1703000.0,-0.04,edgar,2024-11-12,2026-10-03,2026-10-03,0
BLFS,2024-12-31,15108000.0,12459000.0,0.26999999999999996,edgar,2025-03-03,2026-10-03,2026-10-03,0
BLFS,2025-03-31,22054000.0,-448000.0,0.0,edgar,2025-05-08,2026-10-03,2026-10-03,0
BLFS,2025-06-30,23438000.0,-15838000.0,-0.33,edgar,2025-08-07,2026-10-03,2026-10-03,0
BLFS,2025-09-30,28067000.0,621000.0,0.01,edgar,2025-11-06,2026-10-03,2026-10-03,0
BLFS,2025-12-31,22655000.0,11070000.0,0.22,edgar,2026-02-26,2026-10-03,2026-10-03,0
BLFS,2026-03-31,27500000.0,1186000.0,0.02,edgar,2026-05-07,2026-10-03,2026-10-03,0
BLFS,2026-06-30,28466000.0,45104000.0,0.91,edgar,2026-08-06,2026-10-03,2026-10-03,0
BLMN,2023-09-24,941625000.0,44528000.0,0.45,edgar,2023-11-03,2026-10-03,2026-10-03,0
BLMN,2023-12-31,1071714000.0,43270000.0,0.48,edgar,2025-02-26,2026-10-03,2026-10-03,0
BLMN,2024-03-31,1069073000.0,-83872000.0,-0.96,edgar,2024-05-08,2026-10-03,2026-10-03,0
BLMN,2024-06-30,999369000.0,28403000.0,0.32,edgar,2024-08-07,2026-10-03,2026-10-03,0
BLMN,2024-09-29,910013000.0,6912000.0,0.08,edgar,2024-11-08,2026-10-03,2026-10-03,0
BLMN,2024-12-29,972020000.0,-79461000.0,-0.93,edgar,2025-02-26,2026-10-03,2026-10-03,0
BLMN,2025-03-30,1049594000.0,42152000.0,0.5,edgar,2025-05-08,2026-10-03,2026-10-03,0
BLMN,2025-06-29,1002366000.0,25419000.0,0.3,edgar,2025-08-07,2026-10-03,2026-10-03,0
BLMN,2025-09-28,928813000.0,-45859000.0,-0.54,edgar,2025-11-06,2026-10-03,2026-10-03,0
BLMN,2025-12-28,975223000.0,-13475000.0,-0.15999999999999995,edgar,2026-02-25,2026-10-03,2026-10-03,0
BLMN,2026-03-29,1059673000.0,55654000.0,0.65,edgar,2026-05-07,2026-10-03,2026-10-03,0
BLMN,2026-06-28,1015809000.0,31344000.0,0.36,edgar,2026-08-06,2026-10-03,2026-10-03,0
BLZE,2023-09-30,25299000.0,-16055000.0,-0.44,edgar,2023-11-14,2026-10-03,2026-10-03,0
BLZE,2023-12-31,28737000.0,-12208000.0,-0.30999999999999983,edgar,2024-04-01,2026-10-03,2026-10-03,0
BLZE,2024-03-31,29968000.0,-11053000.0,-0.27,edgar,2024-05-08,2026-10-03,2026-10-03,0
BLZE,2024-06-30,31285000.0,-10348000.0,-0.25,edgar,2024-08-08,2026-10-03,2026-10-03,0
BLZE,2024-09-30,32589000.0,-12753000.0,-0.29,edgar,2024-11-07,2026-10-03,2026-10-03,0
BLZE,2024-12-31,33786000.0,-14377000.0,-0.30000000000000004,edgar,2025-03-11,2026-10-03,2026-10-03,0
BLZE,2025-03-31,34613000.0,-9324000.0,-0.17,edgar,2025-05-07,2026-10-03,2026-10-03,0
BLZE,2025-06-30,36298000.0,-7097000.0,-0.13,edgar,2025-08-07,2026-10-03,2026-10-03,0
BLZE,2025-09-30,37162000.0,-3778000.0,-0.07,edgar,2025-11-06,2026-10-03,2026-10-03,0
BLZE,2025-12-31,37762000.0,-5413000.0,-0.09000000000000002,edgar,2026-03-10,2026-10-03,2026-10-03,0
BLZE,2026-03-31,38666000.0,-6147000.0,-0.1,edgar,2026-05-04,2026-10-03,2026-10-03,0
BLZE,2026-06-30,42713000.0,-5089000.0,-0.08,edgar,2026-08-03,2026-10-03,2026-10-03,0
BMRN,2023-09-30,581329000.0,40378000.0,0.21,edgar,2023-11-02,2026-10-03,2026-10-03,0
BMRN,2023-12-31,646207000.0,20330000.0,0.09999999999999998,edgar,2024-02-26,2026-10-03,2026-10-03,0
BMRN,2024-03-31,648833000.0,88662000.0,0.46,edgar,2024-04-26,2026-10-03,2026-10-03,0
BMRN,2024-06-30,712029000.0,107174000.0,0.55,edgar,2024-08-05,2026-10-03,2026-10-03,0
BMRN,2024-09-30,745740000.0,106080000.0,0.55,edgar,2024-10-31,2026-10-03,2026-10-03,0
BMRN,2024-12-31,747313000.0,124984000.0,0.6499999999999999,edgar,2025-02-24,2026-10-03,2026-10-03,0
BMRN,2025-03-31,745145000.0,185686000.0,0.95,edgar,2025-05-02,2026-10-03,2026-10-03,0
BMRN,2025-06-30,825410000.0,240532000.0,1.23,edgar,2025-08-05,2026-10-03,2026-10-03,0
BMRN,2025-09-30,776133000.0,-30744000.0,-0.16,edgar,2025-10-28,2026-10-03,2026-10-03,0
BMRN,2025-12-31,874565000.0,-46574000.0,-0.21999999999999997,edgar,2026-02-26,2026-10-03,2026-10-03,0
BMRN,2026-03-31,766208000.0,105527000.0,0.54,edgar,2026-05-05,2026-10-03,2026-10-03,0
BMRN,2026-06-30,989708000.0,44762000.0,0.23,edgar,2026-08-06,2026-10-03,2026-10-03,0
BMY,2023-09-30,10966000000.0,1928000000.0,0.93,edgar,2023-10-26,2026-10-03,2026-10-03,0
BMY,2023-12-31,11477000000.0,1762000000.0,0.8699999999999997,edgar,2024-02-13,2026-10-03,2026-10-03,0
BMY,2024-03-31,11865000000.0,-11911000000.0,-5.89,edgar,2024-04-25,2026-10-03,2026-10-03,0
BMY,2024-06-30,12201000000.0,1680000000.0,0.83,edgar,2024-07-26,2026-10-03,2026-10-03,0
BMY,2024-09-30,11892000000.0,1211000000.0,0.6,edgar,2024-10-31,2026-10-03,2026-10-03,0
BMY,2024-12-31,12342000000.0,72000000.0,0.04999999999999982,edgar,2025-02-12,2026-10-03,2026-10-03,0
BMY,2025-03-31,11201000000.0,2456000000.0,1.2,edgar,2025-04-24,2026-10-03,2026-10-03,0
BMY,2025-06-30,12269000000.0,1310000000.0,0.64,edgar,2025-07-31,2026-10-03,2026-10-03,0
BMY,2025-09-30,12222000000.0,2201000000.0,1.08,edgar,2025-10-30,2026-10-03,2026-10-03,0
BMY,2025-12-31,12502000000.0,1087000000.0,0.54,edgar,2026-02-11,2026-10-03,2026-10-03,0
BMY,2026-03-31,11489000000.0,2677000000.0,1.31,edgar,2026-04-30,2026-10-03,2026-10-03,0
BMY,2026-06-30,12973000000.0,3317000000.0,1.62,edgar,2026-07-30,2026-10-03,2026-10-03,0
BNED,2023-10-28,569698000.0,28417000.0,10.7,edgar,2025-12-23,2026-10-03,2026-10-03,0
BNED,2024-01-27,415375000.0,-9332000.0,-3.49,edgar,2025-12-23,2026-10-03,2026-10-03,0
BNED,2024-04-27,192733000.0,-41917000.0,-15.69,edgar,2025-12-23,2026-10-03,2026-10-03,0
BNED,2024-07-27,250926000.0,-103925000.0,-7.69,edgar,2025-12-23,2026-10-03,2026-10-03,0
BNED,2024-10-26,559674000.0,43162000.0,1.63,edgar,2025-12-23,2026-10-03,2026-10-03,0
BNED,2025-01-25,419663000.0,17942000.0,0.59,edgar,2025-12-23,2026-10-03,2026-10-03,0
BNED,2025-05-03,232982000.0,-23004000.0,-0.68,edgar,2025-12-23,2026-10-03,2026-10-03,0
BNED,2025-08-02,274179000.0,-18271000.0,-0.54,edgar,2026-01-20,2026-10-03,2026-10-03,0
BNED,2025-11-01,598211000.0,25004000.0,0.72,edgar,2026-01-20,2026-10-03,2026-10-03,0
BNED,2026-01-31,471825000.0,6655000.0,0.19,edgar,2026-03-10,2026-10-03,2026-10-03,0
BNED,2026-05-02,220150000.0,3484000.0,0.12000000000000005,edgar,2026-07-09,2026-10-03,2026-10-03,0
BNED,2026-08-01,276859000.0,-12914000.0,-0.37,edgar,2026-09-08,2026-10-03,2026-10-03,0
BNY,2014-03-31,3627000000.0,674000000.0,0.57,edgar,2014-05-09,2026-10-03,2026-10-03,0
BNY,2014-06-30,3728000000.0,577000000.0,0.48,edgar,2014-08-11,2026-10-03,2026-10-03,0
BNY,2014-09-30,4588000000.0,1083000000.0,0.93,edgar,2014-11-07,2026-10-03,2026-10-03,0
BNY,2014-12-31,3665000000.0,233000000.0,0.18,edgar,2015-05-08,2026-10-03,2026-10-03,0
BNY,2015-03-31,3761000000.0,779000000.0,0.67,edgar,2015-05-08,2026-10-03,2026-10-03,0
BNY,2015-06-30,3849000000.0,853000000.0,0.73,edgar,2015-08-07,2026-10-03,2026-10-03,0
BNY,2015-09-30,3795000000.0,833000000.0,0.74,edgar,2015-11-06,2026-10-03,2026-10-03,0
BNY,2015-12-31,3721000000.0,693000000.0,0.57,edgar,2016-05-10,2026-10-03,2026-10-03,0
BNY,2016-03-31,3737000000.0,817000000.0,0.73,edgar,2016-05-10,2026-10-03,2026-10-03,0
BNY,2016-06-30,3772000000.0,873000000.0,0.75,edgar,2016-08-08,2026-10-03,2026-10-03,0
BNY,2018-03-31,2981000000.0,1171000000.0,1.1,edgar,2018-05-08,2026-10-03,2026-10-03,0
BNY,2018-06-30,2894000000.0,1103000000.0,1.03,edgar,2018-08-03,2026-10-03,2026-10-03,0
BOC,2023-09-30,24548101.0,-1642506.0,-0.05,edgar,2023-11-13,2026-10-03,2026-10-03,0
BOC,2023-12-31,24673456.0,-3577952.0,-0.12000000000000001,edgar,2024-03-27,2026-10-03,2026-10-03,0
BOC,2024-03-31,25552731.0,-2808081.0,-0.09,edgar,2024-05-14,2026-10-03,2026-10-03,0
BOC,2024-06-30,27087783.0,-2235219.0,-0.07,edgar,2024-08-13,2026-10-03,2026-10-03,0
BOC,2024-09-30,27700936.0,-1595136.0,-0.05,edgar,2024-11-12,2026-10-03,2026-10-03,0
BOC,2024-12-31,27933451.0,5348436.0,0.17,edgar,2025-03-28,2026-10-03,2026-10-03,0
BOC,2025-03-31,27730000.0,-669000.0,-0.02,edgar,2025-05-14,2026-10-03,2026-10-03,0
BOC,2025-06-30,21679000.0,-2319000.0,-0.07,edgar,2025-08-13,2026-10-03,2026-10-03,0
BOC,2025-09-30,28734355.0,-2587905.0,-0.08,edgar,2025-11-13,2026-10-03,2026-10-03,0
BOC,2025-12-31,36232993.0,-6854095.0,-0.23,edgar,2026-03-30,2026-10-03,2026-10-03,0
BOC,2026-03-31,28249000.0,-2149000.0,-0.07,edgar,2026-05-14,2026-10-03,2026-10-03,0
BOC,2026-06-30,22200000.0,-1612000.0,-0.05,edgar,2026-08-13,2026-10-03,2026-10-03,0
BOX,2023-10-31,261537000.0,10656000.0,0.04,edgar,2023-12-06,2026-10-03,2026-10-03,0
BOX,2024-01-31,262878000.0,99235000.0,0.5700000000000001,edgar,2024-03-11,2026-10-03,2026-10-03,0
BOX,2024-04-30,264658000.0,17222000.0,0.08,edgar,2024-05-30,2026-10-03,2026-10-03,0
BOX,2024-07-31,270039000.0,20496000.0,0.1,edgar,2024-08-30,2026-10-03,2026-10-03,0
BOX,2024-10-31,275913000.0,12893000.0,0.05,edgar,2024-12-04,2026-10-03,2026-10-03,0
BOX,2025-01-31,279520000.0,194010000.0,1.1300000000000001,edgar,2025-03-10,2026-10-03,2026-10-03,0
BOX,2025-04-30,276272000.0,8194000.0,0.02,edgar,2025-05-29,2026-10-03,2026-10-03,0
BOX,2025-07-31,293999000.0,13445000.0,0.05,edgar,2025-08-27,2026-10-03,2026-10-03,0
BOX,2025-10-31,301107000.0,12065000.0,0.05,edgar,2025-12-03,2026-10-03,2026-10-03,0
BOX,2026-01-31,305875000.0,81679000.0,0.45999999999999996,edgar,2026-03-09,2026-10-03,2026-10-03,0
BOX,2026-04-30,305941000.0,17726000.0,0.08,edgar,2026-05-27,2026-10-03,2026-10-03,0
BOX,2026-07-31,321147000.0,19221000.0,0.09,edgar,2026-08-26,2026-10-03,2026-10-03,0
BPOP,2024-03-31,37442000.0,103283000.0,1.43,edgar,2025-05-12,2026-10-03,2026-10-03,0
BPOP,2025-03-31,39054000.0,177502000.0,2.56,edgar,2025-05-12,2026-10-03,2026-10-03,0
BPOP,2026-03-31,38766000.0,245674000.0,3.78,edgar,2026-05-08,2026-10-03,2026-10-03,0
BRKR,2023-09-30,742800000.0,88100000.0,0.6,edgar,2023-11-09,2026-10-03,2026-10-03,0
BRKR,2023-12-31,854500000.0,206800000.0,1.39,edgar,2024-02-29,2026-10-03,2026-10-03,0
BRKR,2024-03-31,721700000.0,50900000.0,0.35,edgar,2024-05-10,2026-10-03,2026-10-03,0
BRKR,2024-06-30,800700000.0,7600000.0,0.05,edgar,2024-08-09,2026-10-03,2026-10-03,0
BRKR,2024-09-30,864400000.0,40900000.0,0.27,edgar,2024-11-07,2026-10-03,2026-10-03,0
BRKR,2024-12-31,979600000.0,14400000.0,0.08999999999999997,edgar,2025-03-03,2026-10-03,2026-10-03,0
BRKR,2025-03-31,801400000.0,17400000.0,0.11,edgar,2025-05-07,2026-10-03,2026-10-03,0
BRKR,2025-06-30,797400000.0,7600000.0,0.05,edgar,2025-08-06,2026-10-03,2026-10-03,0
BRKR,2025-09-30,860500000.0,-59600000.0,-0.41,edgar,2025-11-05,2026-10-03,2026-10-03,0
BRKR,2025-12-31,977200000.0,26300000.0,0.09999999999999998,edgar,2026-02-27,2026-10-03,2026-10-03,0
BRKR,2026-03-31,823400000.0,14400000.0,0.02,edgar,2026-05-07,2026-10-03,2026-10-03,0
BRKR,2026-06-30,838500000.0,-52000000.0,-0.41,edgar,2026-08-05,2026-10-03,2026-10-03,0
BRKRP,2023-09-30,742800000.0,88100000.0,0.6,edgar,2023-11-09,2026-10-03,2026-10-03,0
BRKRP,2023-12-31,854500000.0,206800000.0,1.39,edgar,2024-02-29,2026-10-03,2026-10-03,0
BRKRP,2024-03-31,721700000.0,50900000.0,0.35,edgar,2024-05-10,2026-10-03,2026-10-03,0
BRKRP,2024-06-30,800700000.0,7600000.0,0.05,edgar,2024-08-09,2026-10-03,2026-10-03,0
BRKRP,2024-09-30,864400000.0,40900000.0,0.27,edgar,2024-11-07,2026-10-03,2026-10-03,0
BRKRP,2024-12-31,979600000.0,14400000.0,0.08999999999999997,edgar,2025-03-03,2026-10-03,2026-10-03,0
BRKRP,2025-03-31,801400000.0,17400000.0,0.11,edgar,2025-05-07,2026-10-03,2026-10-03,0
BRKRP,2025-06-30,797400000.0,7600000.0,0.05,edgar,2025-08-06,2026-10-03,2026-10-03,0
BRKRP,2025-09-30,860500000.0,-59600000.0,-0.41,edgar,2025-11-05,2026-10-03,2026-10-03,0
BRKRP,2025-12-31,977200000.0,26300000.0,0.09999999999999998,edgar,2026-02-27,2026-10-03,2026-10-03,0
BRKRP,2026-03-31,823400000.0,14400000.0,0.02,edgar,2026-05-07,2026-10-03,2026-10-03,0
BRKRP,2026-06-30,838500000.0,-52000000.0,-0.41,edgar,2026-08-05,2026-10-03,2026-10-03,0
BRR,2026-03-31,1000.0,-107759000.0,-1.3,edgar,2026-05-14,2026-10-03,2026-10-03,0
BRR,2026-06-30,37000.0,-65047000.0,-0.73,edgar,2026-08-13,2026-10-03,2026-10-03,0
BTSGU,2023-09-30,2256529000.0,-130672000.0,-1.11,edgar,2024-11-01,2026-10-03,2026-10-03,0
BTSGU,2023-12-31,1239385000.0,-6537000.0,-0.050000000000000044,edgar,2025-03-06,2026-10-03,2026-10-03,0
BTSGU,2024-03-31,2285766000.0,-45750000.0,-0.26,edgar,2024-05-02,2026-10-03,2026-10-03,0
BTSGU,2024-06-30,2438254000.0,19919000.0,0.1,edgar,2024-08-02,2026-10-03,2026-10-03,0
BTSGU,2024-09-30,2601229000.0,-8230000.0,-0.04,edgar,2024-11-01,2026-10-03,2026-10-03,0
BTSGU,2024-12-31,2746965000.0,54582000.0,0.11000000000000001,edgar,2025-03-06,2026-10-03,2026-10-03,0
BTSGU,2025-03-31,2878129000.0,29542000.0,0.14,edgar,2025-05-02,2026-10-03,2026-10-03,0
BTSGU,2025-06-30,3147698000.0,28208000.0,0.13,edgar,2025-08-01,2026-10-03,2026-10-03,0
BTSGU,2025-09-30,3334106000.0,55836000.0,0.26,edgar,2025-10-28,2026-10-03,2026-10-03,0
BTSGU,2025-12-31,3550631000.0,75527000.0,0.33999999999999997,edgar,2026-02-27,2026-10-03,2026-10-03,0
BTSGU,2026-03-31,3613721000.0,148767000.0,0.67,edgar,2026-05-01,2026-10-03,2026-10-03,0
BTSGU,2026-06-30,3873140000.0,84290000.0,0.38,edgar,2026-07-31,2026-10-03,2026-10-03,0
BULL,2024-06-30,89895888.0,-11575542.0,,edgar,2025-09-09,2026-10-03,2026-10-03,0
BULL,2025-06-30,131493350.0,-28274027.0,,edgar,2025-09-09,2026-10-03,2026-10-03,0
BUSE,2024-03-31,110767000.0,26225000.0,0.46,edgar,2025-05-09,2026-10-03,2026-10-03,0
BUSE,2024-06-30,116235000.0,27357000.0,0.47,edgar,2025-08-05,2026-10-03,2026-10-03,0
BUSE,2024-09-30,118492000.0,32004000.0,0.55,edgar,2025-11-06,2026-10-03,2026-10-03,0
BUSE,2024-12-31,116799000.0,28105000.0,0.5,edgar,2025-02-27,2026-10-03,2026-10-03,0
BUSE,2025-03-31,124954000.0,-29990000.0,-0.44,edgar,2025-05-09,2026-10-03,2026-10-03,0
BUSE,2025-06-30,198046000.0,47404000.0,0.52,edgar,2025-08-05,2026-10-03,2026-10-03,0
BUSE,2025-09-30,196335000.0,57098000.0,0.58,edgar,2025-11-06,2026-10-03,2026-10-03,0
BUSE,2025-12-31,200249000.0,60750000.0,0.81,edgar,2026-02-26,2026-10-03,2026-10-03,0
BUSE,2026-03-31,196234000.0,49981000.0,0.52,edgar,2026-05-07,2026-10-03,2026-10-03,0
BUSE,2026-06-30,196713000.0,63176000.0,0.69,edgar,2026-08-06,2026-10-03,2026-10-03,0
BWFG,2023-09-30,294000.0,9777000.0,1.25,edgar,2023-11-08,2026-10-03,2026-10-03,0
BWFG,2023-12-31,688000.0,8524000.0,1.0699999999999998,edgar,2024-03-12,2026-10-03,2026-10-03,0
BWFG,2024-03-31,304000.0,3763000.0,0.48,edgar,2024-05-08,2026-10-03,2026-10-03,0
BWFG,2024-06-30,495000.0,1118000.0,0.14,edgar,2024-08-07,2026-10-03,2026-10-03,0
BWFG,2024-09-30,575000.0,1926000.0,0.24,edgar,2024-11-06,2026-10-03,2026-10-03,0
BWFG,2024-12-31,589000.0,2963000.0,0.37,edgar,2025-03-05,2026-10-03,2026-10-03,0
BWFG,2025-03-31,602000.0,6888000.0,0.87,edgar,2025-05-07,2026-10-03,2026-10-03,0
BWFG,2025-06-30,674000.0,9088000.0,1.14,edgar,2025-08-06,2026-10-03,2026-10-03,0
BWFG,2025-09-30,779000.0,10078000.0,1.27,edgar,2025-11-05,2026-10-03,2026-10-03,0
BWFG,2025-12-31,771000.0,9144000.0,1.1700000000000004,edgar,2026-03-04,2026-10-03,2026-10-03,0
BWFG,2026-03-31,780000.0,11275000.0,1.41,edgar,2026-05-06,2026-10-03,2026-10-03,0
BWFG,2026-06-30,665000.0,12372000.0,1.52,edgar,2026-08-05,2026-10-03,2026-10-03,0
BWIN,2023-09-30,304232000.0,-17629000.0,-0.29,edgar,2024-11-04,2026-10-03,2026-10-03,0
BWIN,2023-12-31,282522000.0,-108361000.0,-0.5700000000000001,edgar,2024-02-28,2026-10-03,2026-10-03,0
BWIN,2024-03-31,378096000.0,21578000.0,0.33,edgar,2024-05-07,2026-10-03,2026-10-03,0
BWIN,2024-06-30,337103000.0,-17557000.0,-0.28,edgar,2024-08-06,2026-10-03,2026-10-03,0
BWIN,2024-09-30,335210000.0,-8377000.0,-0.13,edgar,2024-11-04,2026-10-03,2026-10-03,0
BWIN,2024-12-31,326707000.0,-36725000.0,-0.31,edgar,2025-02-25,2026-10-03,2026-10-03,0
BWIN,2025-03-31,410531000.0,13939000.0,0.2,edgar,2025-05-06,2026-10-03,2026-10-03,0
BWIN,2025-06-30,376249000.0,-3164000.0,-0.05,edgar,2025-08-05,2026-10-03,2026-10-03,0
BWIN,2025-09-30,362317000.0,-18727000.0,-0.27,edgar,2025-11-04,2026-10-03,2026-10-03,0
BWIN,2025-12-31,344583000.0,-46202000.0,-0.38,edgar,2026-02-26,2026-10-03,2026-10-03,0
BWIN,2026-03-31,528861000.0,2341000.0,0.02,edgar,2026-05-04,2026-10-03,2026-10-03,0
BWIN,2026-06-30,488789000.0,-38995000.0,-0.42,edgar,2026-07-30,2026-10-03,2026-10-03,0
BWMN,2023-09-30,94434000.0,1183000.0,0.08,edgar,2023-11-07,2026-10-03,2026-10-03,0
BWMN,2023-12-31,92967000.0,-7710000.0,-0.6000000000000001,edgar,2024-03-12,2026-10-03,2026-10-03,0
BWMN,2024-03-31,94907000.0,-1558000.0,-0.11,edgar,2024-05-07,2026-10-03,2026-10-03,0
BWMN,2024-06-30,104501000.0,-2082000.0,-0.13,edgar,2024-08-07,2026-10-03,2026-10-03,0
BWMN,2024-09-30,113932000.0,771000.0,0.04,edgar,2024-11-07,2026-10-03,2026-10-03,0
BWMN,2024-12-31,113224000.0,5903000.0,0.37,edgar,2025-03-12,2026-10-03,2026-10-03,0
BWMN,2025-03-31,112931000.0,-1744000.0,-0.11,edgar,2025-05-07,2026-10-03,2026-10-03,0
BWMN,2025-06-30,122090000.0,6009000.0,0.34,edgar,2025-08-07,2026-10-03,2026-10-03,0
BWMN,2025-09-30,126033000.0,6618000.0,0.37,edgar,2025-11-06,2026-10-03,2026-10-03,0
BWMN,2025-12-31,128963000.0,1966000.0,0.13,edgar,2026-03-05,2026-10-03,2026-10-03,0
BWMN,2026-03-31,126479000.0,-3702000.0,-0.22,edgar,2026-05-06,2026-10-03,2026-10-03,0
BWMN,2026-06-30,146125000.0,2495000.0,0.14,edgar,2026-08-10,2026-10-03,2026-10-03,0
BXC,2023-09-30,809981000.0,24382000.0,2.71,edgar,2023-10-31,2026-10-03,2026-10-03,0
BXC,2023-12-30,712529000.0,-18124000.0,-1.96,edgar,2024-02-20,2026-10-03,2026-10-03,0
BXC,2024-03-30,726244000.0,17492000.0,2.0,edgar,2024-04-30,2026-10-03,2026-10-03,0
BXC,2024-06-29,768363000.0,14336000.0,1.65,edgar,2024-07-30,2026-10-03,2026-10-03,0
BXC,2024-09-28,747288000.0,16016000.0,1.87,edgar,2024-10-29,2026-10-03,2026-10-03,0
BXC,2024-12-28,710637000.0,5272000.0,0.6700000000000008,edgar,2025-02-18,2026-10-03,2026-10-03,0
BXC,2025-03-29,709226000.0,2805000.0,0.33,edgar,2025-04-29,2026-10-03,2026-10-03,0
BXC,2025-06-28,780107000.0,4310000.0,0.54,edgar,2025-07-29,2026-10-03,2026-10-03,0
BXC,2025-09-27,748870000.0,1655000.0,0.2,edgar,2025-11-04,2026-10-03,2026-10-03,0
BXC,2026-01-03,715804000.0,-8551000.0,-1.05,edgar,2026-02-24,2026-10-03,2026-10-03,0
BXC,2026-04-04,731149000.0,-1458000.0,-0.18,edgar,2026-05-05,2026-10-03,2026-10-03,0
BXC,2026-07-04,814077000.0,6406000.0,0.81,edgar,2026-08-04,2026-10-03,2026-10-03,0
BZH,2023-09-30,645405000.0,55756000.0,1.8100000000000005,edgar,2023-11-16,2026-10-03,2026-10-03,0
BZH,2023-12-31,386818000.0,21728000.0,0.7,edgar,2024-02-01,2026-10-03,2026-10-03,0
BZH,2024-03-31,541540000.0,39171000.0,1.26,edgar,2024-05-01,2026-10-03,2026-10-03,0
BZH,2024-06-30,595682000.0,27210000.0,0.88,edgar,2024-08-01,2026-10-03,2026-10-03,0
BZH,2024-09-30,806157000.0,52066000.0,1.6900000000000004,edgar,2024-11-13,2026-10-03,2026-10-03,0
BZH,2024-12-31,468953000.0,3130000.0,0.1,edgar,2025-01-30,2026-10-03,2026-10-03,0
BZH,2025-03-31,565339000.0,12778000.0,0.42,edgar,2025-05-01,2026-10-03,2026-10-03,0
BZH,2025-06-30,545367000.0,-324000.0,-0.01,edgar,2025-07-31,2026-10-03,2026-10-03,0
BZH,2025-09-30,791896000.0,30004000.0,1.01,edgar,2025-11-13,2026-10-03,2026-10-03,0
BZH,2025-12-31,363491000.0,-32597000.0,-1.13,edgar,2026-01-29,2026-10-03,2026-10-03,0
BZH,2026-03-31,409846000.0,-904000.0,-0.03,edgar,2026-04-30,2026-10-03,2026-10-03,0
BZH,2026-06-30,516306000.0,-4227000.0,-0.16,edgar,2026-08-07,2026-10-03,2026-10-03,0
CADL,2020-06-30,31000.0,-2876000.0,-0.25,edgar,2021-09-08,2026-10-03,2026-10-03,0
CADL,2020-09-30,31000.0,-2554000.0,-0.22,edgar,2021-11-12,2026-10-03,2026-10-03,0
CADL,2021-03-31,31000.0,-4478000.0,-0.38,edgar,2022-05-12,2026-10-03,2026-10-03,0
CADL,2021-06-30,31000.0,-17080000.0,-1.46,edgar,2021-09-08,2026-10-03,2026-10-03,0
CADL,2021-09-30,31000.0,-16162000.0,-0.69,edgar,2021-11-12,2026-10-03,2026-10-03,0
CADL,2021-12-31,32000.0,1596000.0,0.6199999999999999,edgar,2022-03-29,2026-10-03,2026-10-03,0
CADL,2022-03-31,31000.0,-874000.0,-0.03,edgar,2022-05-12,2026-10-03,2026-10-03,0
CADL,2022-06-30,31000.0,-4149000.0,-0.14,edgar,2022-08-05,2026-10-03,2026-10-03,0
CADL,2022-09-30,31000.0,-8688000.0,-0.3,edgar,2022-11-10,2026-10-03,2026-10-03,0
CADL,2022-12-31,32000.0,-5083000.0,-0.18000000000000005,edgar,2023-03-30,2026-10-03,2026-10-03,0
CAI,2024-06-30,100049000.0,-66186000.0,-2.54,edgar,2025-08-12,2026-10-03,2026-10-03,0
CAI,2024-09-30,101620000.0,-67729000.0,-2.59,edgar,2025-11-05,2026-10-03,2026-10-03,0
CAI,2025-03-31,120915000.0,-102581000.0,-3.57,edgar,2026-05-08,2026-10-03,2026-10-03,0
CAI,2025-06-30,181398000.0,-71790000.0,-7.97,edgar,2025-08-12,2026-10-03,2026-10-03,0
CAI,2025-09-30,216833000.0,24325000.0,0.08,edgar,2025-11-05,2026-10-03,2026-10-03,0
CAI,2025-12-31,292887000.0,81958000.0,8.239999999999998,edgar,2026-03-03,2026-10-03,2026-10-03,0
CAI,2026-03-31,216174000.0,-510000.0,0.0,edgar,2026-05-08,2026-10-03,2026-10-03,0
CAI,2026-06-30,263712000.0,-637000.0,0.0,edgar,2026-08-05,2026-10-03,2026-10-03,0
CAPL,2023-09-30,1210023000.0,12292000.0,0.31,edgar,2023-11-08,2026-10-03,2026-10-03,0
CAPL,2023-12-31,1014685000.0,16743000.0,0.42000000000000004,edgar,2024-02-27,2026-10-03,2026-10-03,0
CAPL,2024-03-31,941548000.0,-17540000.0,-0.48,edgar,2024-05-09,2026-10-03,2026-10-03,0
CAPL,2024-06-30,1133355000.0,12424000.0,0.31,edgar,2024-08-08,2026-10-03,2026-10-03,0
CAPL,2024-09-30,1079163000.0,10708000.0,0.27,edgar,2024-11-06,2026-10-03,2026-10-03,0
CAPL,2024-12-31,944222000.0,16861000.0,0.42,edgar,2025-02-27,2026-10-03,2026-10-03,0
CAPL,2025-03-31,862475000.0,-7115000.0,-0.2,edgar,2025-05-08,2026-10-03,2026-10-03,0
CAPL,2025-06-30,961925000.0,25168000.0,0.64,edgar,2025-08-07,2026-10-03,2026-10-03,0
CAPL,2025-09-30,971847000.0,13588000.0,0.34,edgar,2025-11-05,2026-10-03,2026-10-03,0
CAPL,2025-12-31,866287000.0,10192000.0,0.24,edgar,2026-02-25,2026-10-03,2026-10-03,0
CAPL,2026-03-31,841830000.0,10659000.0,0.26,edgar,2026-05-06,2026-10-03,2026-10-03,0
CAPL,2026-06-30,1179017000.0,20812000.0,0.52,edgar,2026-08-05,2026-10-03,2026-10-03,0
CARL,2024-06-30,6081000.0,-6277000.0,-1.55,edgar,2025-08-28,2026-10-03,2026-10-03,0
CARL,2024-09-30,6590000.0,-7813000.0,-2.06,edgar,2025-11-06,2026-10-03,2026-10-03,0
CARL,2025-03-31,10189000.0,-5729000.0,-1.47,edgar,2026-05-05,2026-10-03,2026-10-03,0
CARL,2025-06-30,12083000.0,-6766000.0,-1.47,edgar,2025-08-28,2026-10-03,2026-10-03,0
CARL,2025-09-30,13074000.0,-8526000.0,-0.4,edgar,2025-11-06,2026-10-03,2026-10-03,0
CARL,2025-12-31,15165000.0,-8613000.0,1.2199999999999998,edgar,2026-02-25,2026-10-03,2026-10-03,0
CARL,2026-03-31,16116000.0,-8696000.0,-0.32,edgar,2026-05-05,2026-10-03,2026-10-03,0
CARL,2026-06-30,18940000.0,-10510000.0,-0.39,edgar,2026-08-05,2026-10-03,2026-10-03,0
CATY,2023-09-30,11792000.0,82371000.0,1.13,edgar,2023-11-08,2026-10-03,2026-10-03,0
CATY,2023-12-31,11594000.0,82502000.0,1.1300000000000003,edgar,2024-02-29,2026-10-03,2026-10-03,0
CATY,2024-03-31,11926000.0,71435000.0,0.98,edgar,2024-05-08,2026-10-03,2026-10-03,0
CATY,2024-06-30,12865000.0,66829000.0,0.92,edgar,2024-08-08,2026-10-03,2026-10-03,0
CATY,2024-09-30,13829000.0,67514000.0,0.94,edgar,2024-11-08,2026-10-03,2026-10-03,0
CATY,2024-12-31,13643000.0,,1.1100000000000003,edgar,2025-02-28,2026-10-03,2026-10-03,0
CATY,2025-03-31,13088000.0,69506000.0,0.98,edgar,2025-05-09,2026-10-03,2026-10-03,0
CATY,2025-06-30,12304000.0,77450000.0,1.1,edgar,2025-08-08,2026-10-03,2026-10-03,0
CATY,2025-09-30,14548000.0,77651000.0,1.13,edgar,2025-11-07,2026-10-03,2026-10-03,0
CATY,2025-12-31,13853000.0,90493000.0,1.33,edgar,2026-03-02,2026-10-03,2026-10-03,0
CATY,2026-03-31,14547000.0,86886000.0,1.29,edgar,2026-05-08,2026-10-03,2026-10-03,0
CATY,2026-06-30,15868000.0,92209000.0,1.37,edgar,2026-08-07,2026-10-03,2026-10-03,0
CAVA,2022-07-10,135915000.0,-8230000.0,-6.23,edgar,2023-08-16,2026-10-03,2026-10-03,0
CAVA,2022-10-02,139258000.0,-11893000.0,-8.96,edgar,2023-11-08,2026-10-03,2026-10-03,0
CAVA,2023-07-09,172894000.0,6539000.0,0.21,edgar,2023-08-16,2026-10-03,2026-10-03,0
CAVA,2023-10-01,175553000.0,6833000.0,0.06,edgar,2023-11-08,2026-10-03,2026-10-03,0
CAVA,2024-07-14,233495000.0,19741000.0,0.17,edgar,2024-08-23,2026-10-03,2026-10-03,0
CAVA,2024-10-06,243817000.0,17966000.0,0.15,edgar,2024-11-13,2026-10-03,2026-10-03,0
CAVA,2025-07-13,280615000.0,18368000.0,0.16,edgar,2025-08-13,2026-10-03,2026-10-03,0
CAVA,2025-10-05,292238000.0,14747000.0,0.12,edgar,2025-11-05,2026-10-03,2026-10-03,0
CAVA,2026-07-12,368436000.0,23017000.0,0.19,edgar,2026-08-12,2026-10-03,2026-10-03,0
CBIO,2016-09-30,18500.0,-7854693.0,-0.34,edgar,2016-11-04,2026-10-03,2026-10-03,0
CBIO,2020-03-31,9000000.0,-7662604.0,-0.18,edgar,2020-05-01,2026-10-03,2026-10-03,0
CBIO,2020-09-30,1000000.0,-13722535.0,-0.29,edgar,2020-11-06,2026-10-03,2026-10-03,0
CBIO,2021-03-31,1055441.0,-14274059.0,-0.28,edgar,2021-05-03,2026-10-03,2026-10-03,0
CBIO,2021-06-30,142.0,-14399261.0,-0.28,edgar,2021-08-05,2026-10-03,2026-10-03,0
CBIO,2021-09-30,86560.0,-17332321.0,-0.34,edgar,2021-11-02,2026-10-03,2026-10-03,0
CBIO,2021-12-31,17624.0,-17421796.0,-0.32999999999999985,edgar,2022-03-03,2026-10-03,2026-10-03,0
CBIO,2022-06-30,75000.0,-13267567.0,-0.25,edgar,2022-08-03,2026-10-03,2026-10-03,0
CBIO,2025-03-31,0.0,-15148000.0,-0.04,edgar,2026-04-29,2026-10-03,2026-10-03,0
CBIO,2025-06-30,0.0,-21790000.0,,edgar,2026-07-30,2026-10-03,2026-10-03,0
CBIO,2026-03-31,1039000.0,-23283000.0,,edgar,2026-04-29,2026-10-03,2026-10-03,0
CBIO,2026-06-30,0.0,-24837000.0,,edgar,2026-07-30,2026-10-03,2026-10-03,0
CBL,2023-09-30,3981000.0,13262000.0,0.41,edgar,2023-11-09,2026-10-03,2026-10-03,0
CBL,2023-12-31,5331000.0,11813000.0,0.3700000000000001,edgar,2024-02-29,2026-10-03,2026-10-03,0
CBL,2024-03-31,4569000.0,50000.0,-0.01,edgar,2024-05-10,2026-10-03,2026-10-03,0
CBL,2024-06-30,4340000.0,4744000.0,0.14,edgar,2024-08-09,2026-10-03,2026-10-03,0
CBL,2024-09-30,4478000.0,16198000.0,0.52,edgar,2024-11-12,2026-10-03,2026-10-03,0
CBL,2024-12-31,5186000.0,37978000.0,1.2200000000000002,edgar,2025-03-03,2026-10-03,2026-10-03,0
CBL,2025-03-31,3610000.0,8789000.0,0.27,edgar,2025-05-05,2026-10-03,2026-10-03,0
CBL,2025-06-30,3862000.0,2759000.0,0.08,edgar,2025-08-06,2026-10-03,2026-10-03,0
CBL,2025-09-30,4007000.0,75428000.0,2.38,edgar,2025-11-07,2026-10-03,2026-10-03,0
CBL,2025-12-31,4764000.0,48991000.0,1.6099999999999999,edgar,2026-03-03,2026-10-03,2026-10-03,0
CBL,2026-03-31,4289000.0,46487000.0,1.48,edgar,2026-05-08,2026-10-03,2026-10-03,0
CBL,2026-06-30,3965000.0,46444000.0,1.47,edgar,2026-08-07,2026-10-03,2026-10-03,0
CBLL,2023-09-30,11611000.0,-7054000.0,-1.32,edgar,2024-11-12,2026-10-03,2026-10-03,0
CBLL,2024-03-31,14400000.0,-8521000.0,-1.56,edgar,2025-05-08,2026-10-03,2026-10-03,0
CBLL,2024-06-30,15315000.0,-8941000.0,-1.61,edgar,2025-08-05,2026-10-03,2026-10-03,0
CBLL,2024-09-30,17195000.0,-10417000.0,-1.85,edgar,2024-11-12,2026-10-03,2026-10-03,0
CBLL,2024-12-31,18534000.0,-12576000.0,1.6300000000000003,edgar,2025-02-25,2026-10-03,2026-10-03,0
CBLL,2025-03-31,20491000.0,-12777000.0,-0.36,edgar,2025-05-08,2026-10-03,2026-10-03,0
CBLL,2025-06-30,21199000.0,-13643000.0,-0.38,edgar,2025-08-05,2026-10-03,2026-10-03,0
CBLL,2025-09-30,22589000.0,-13465000.0,-0.37,edgar,2025-11-04,2026-10-03,2026-10-03,0
CBLL,2025-12-31,24784000.0,-13527000.0,-0.3500000000000001,edgar,2026-02-24,2026-10-03,2026-10-03,0
CBLL,2026-03-31,26494000.0,-19737000.0,-0.52,edgar,2026-05-11,2026-10-03,2026-10-03,0
CBLL,2026-06-30,28097000.0,-19268000.0,-0.51,edgar,2026-08-10,2026-10-03,2026-10-03,0
CBRL,2023-10-27,823839000.0,5456000.0,0.25,edgar,2023-11-30,2026-10-03,2026-10-03,0
CBRL,2024-01-26,935401000.0,26534000.0,1.19,edgar,2024-02-27,2026-10-03,2026-10-03,0
CBRL,2024-04-26,817135000.0,-9199000.0,-0.41,edgar,2024-05-30,2026-10-03,2026-10-03,0
CBRL,2024-08-02,894387000.0,18139000.0,0.8,edgar,2024-09-27,2026-10-03,2026-10-03,0
CBRL,2024-11-01,845089000.0,4844000.0,0.22,edgar,2024-12-04,2026-10-03,2026-10-03,0
CBRL,2025-01-31,949439000.0,22207000.0,0.99,edgar,2025-03-06,2026-10-03,2026-10-03,0
CBRL,2025-05-02,821147000.0,12574000.0,0.56,edgar,2025-06-05,2026-10-03,2026-10-03,0
CBRL,2025-08-01,868009000.0,6754000.0,0.29000000000000004,edgar,2025-09-26,2026-10-03,2026-10-03,0
CBRL,2025-10-31,797188000.0,-24622000.0,-1.1,edgar,2025-12-09,2026-10-03,2026-10-03,0
CBRL,2026-01-30,874817000.0,1282000.0,0.06,edgar,2026-03-04,2026-10-03,2026-10-03,0
CBRL,2026-05-01,797367000.0,42811000.0,1.9,edgar,2026-06-09,2026-10-03,2026-10-03,0
CBRL,2026-07-31,849342000.0,12204000.0,0.54,edgar,2026-09-25,2026-10-03,2026-10-03,0
CBZ,2023-06-30,398502000.0,26863000.0,0.53,edgar,2023-07-27,2026-10-03,2026-10-03,0
CBZ,2023-09-30,410539000.0,33682000.0,0.67,edgar,2023-10-26,2026-10-03,2026-10-03,0
CBZ,2023-12-31,327547000.0,-12737000.0,-0.25,edgar,2024-02-23,2026-10-03,2026-10-03,0
CBZ,2024-03-31,494297000.0,76884000.0,1.53,edgar,2024-04-25,2026-10-03,2026-10-03,0
CBZ,2024-06-30,420012000.0,19793000.0,0.39,edgar,2024-08-01,2026-10-03,2026-10-03,0
CBZ,2024-09-30,438884000.0,35084000.0,0.7,edgar,2024-11-07,2026-10-03,2026-10-03,0
CBZ,2024-12-31,460279000.0,-90723000.0,-1.84,edgar,2025-02-28,2026-10-03,2026-10-03,0
CBZ,2025-03-31,838014000.0,122773000.0,1.91,edgar,2025-04-25,2026-10-03,2026-10-03,0
CBZ,2025-06-30,683496000.0,41942000.0,0.66,edgar,2025-07-31,2026-10-03,2026-10-03,0
CBZ,2025-09-30,693818000.0,30146000.0,0.48,edgar,2025-10-30,2026-10-03,2026-10-03,0
CBZ,2025-12-31,542663000.0,-79417000.0,-1.2199999999999998,edgar,2026-02-26,2026-10-03,2026-10-03,0
CBZ,2026-06-30,682206000.0,18604000.0,0.31,edgar,2026-08-04,2026-10-03,2026-10-03,0
CCO,2023-09-30,358934000.0,-263490000.0,-0.55,edgar,2023-11-08,2026-10-03,2026-10-03,0
CCO,2023-12-31,416014000.0,24777000.0,0.05,edgar,2024-02-26,2026-10-03,2026-10-03,0
CCO,2024-03-31,326840000.0,-89667000.0,-0.19,edgar,2024-05-09,2026-10-03,2026-10-03,0
CCO,2024-06-30,376483000.0,-39170000.0,-0.08,edgar,2024-08-07,2026-10-03,2026-10-03,0
CCO,2024-09-30,375188000.0,-32540000.0,-0.07,edgar,2024-10-31,2026-10-03,2026-10-03,0
CCO,2024-12-31,426719000.0,-17877000.0,-0.04,edgar,2025-02-24,2026-10-03,2026-10-03,0
CCO,2025-03-31,334180000.0,62509000.0,0.13,edgar,2025-05-01,2026-10-03,2026-10-03,0
CCO,2025-06-30,402808000.0,9520000.0,0.02,edgar,2025-08-05,2026-10-03,2026-10-03,0
CCO,2025-09-30,405637000.0,-60094000.0,-0.12,edgar,2025-11-06,2026-10-03,2026-10-03,0
CCO,2025-12-31,461515000.0,8004000.0,0.009999999999999992,edgar,2026-02-26,2026-10-03,2026-10-03,0
CCO,2026-03-31,373864000.0,-48594000.0,-0.1,edgar,2026-05-06,2026-10-03,2026-10-03,0
CCO,2026-06-30,438040000.0,-5323000.0,-0.01,edgar,2026-08-05,2026-10-03,2026-10-03,0
CCSI,2023-09-30,90562000.0,24007000.0,1.22,edgar,2023-11-09,2026-10-03,2026-10-03,0
CCSI,2023-12-31,87754000.0,16772000.0,0.8699999999999997,edgar,2024-02-28,2026-10-03,2026-10-03,0
CCSI,2024-03-31,88146000.0,26370000.0,1.37,edgar,2024-05-09,2026-10-03,2026-10-03,0
CCSI,2024-06-30,87500000.0,23874000.0,1.24,edgar,2024-08-09,2026-10-03,2026-10-03,0
CCSI,2024-09-30,87753000.0,21120000.0,1.09,edgar,2024-11-08,2026-10-03,2026-10-03,0
CCSI,2024-12-31,86983000.0,18071000.0,0.9199999999999999,edgar,2025-02-20,2026-10-03,2026-10-03,0
CCSI,2025-03-31,87138000.0,21152000.0,1.07,edgar,2025-05-08,2026-10-03,2026-10-03,0
CCSI,2025-06-30,87721000.0,20781000.0,1.07,edgar,2025-08-07,2026-10-03,2026-10-03,0
CCSI,2025-09-30,87767000.0,22091000.0,1.15,edgar,2025-11-05,2026-10-03,2026-10-03,0
CCSI,2025-12-31,87070000.0,20503000.0,1.0599999999999996,edgar,2026-02-13,2026-10-03,2026-10-03,0
CCSI,2026-03-31,88467000.0,24685000.0,1.3,edgar,2026-05-08,2026-10-03,2026-10-03,0
CCSI,2026-06-30,91361000.0,27374000.0,1.43,edgar,2026-08-07,2026-10-03,2026-10-03,0
CDNA,2023-09-30,67192000.0,-23485000.0,-0.43,edgar,2023-11-08,2026-10-03,2026-10-03,0
CDNA,2023-12-31,65569000.0,-118097000.0,-2.21,edgar,2024-02-28,2026-10-03,2026-10-03,0
CDNA,2024-03-31,72049000.0,-19888000.0,-0.38,edgar,2024-05-09,2026-10-03,2026-10-03,0
CDNA,2024-06-30,92274000.0,-4623000.0,-0.09,edgar,2024-07-31,2026-10-03,2026-10-03,0
CDNA,2024-09-30,82883000.0,-10637000.0,-0.2,edgar,2024-11-04,2026-10-03,2026-10-03,0
CDNA,2024-12-31,86579000.0,87697000.0,1.6,edgar,2025-02-28,2026-10-03,2026-10-03,0
CDNA,2025-03-31,84685000.0,-10353000.0,-0.19,edgar,2025-04-30,2026-10-03,2026-10-03,0
CDNA,2025-06-30,86679000.0,-8568000.0,-0.16,edgar,2025-08-06,2026-10-03,2026-10-03,0
CDNA,2025-09-30,100055000.0,1675000.0,0.03,edgar,2025-11-04,2026-10-03,2026-10-03,0
CDNA,2025-12-31,108386000.0,-4108000.0,-0.08000000000000002,edgar,2026-02-25,2026-10-03,2026-10-03,0
CDNA,2026-03-31,117700000.0,2809000.0,0.05,edgar,2026-04-28,2026-10-03,2026-10-03,0
CDNA,2026-06-30,131948000.0,110636000.0,2.07,edgar,2026-07-30,2026-10-03,2026-10-03,0
CERS,2012-03-31,8782000.0,-8834000.0,-0.17,edgar,2012-05-07,2026-10-03,2026-10-03,0
CERS,2012-06-30,9224000.0,-1907000.0,-0.1,edgar,2012-08-08,2026-10-03,2026-10-03,0
CERS,2012-09-30,8252000.0,-3460000.0,-0.08,edgar,2012-11-08,2026-10-03,2026-10-03,0
CERS,2012-12-31,10528000.0,-1716000.0,-0.07,edgar,2013-03-12,2026-10-03,2026-10-03,0
CERS,2017-06-30,9525000.0,-17083000.0,-0.16,edgar,2018-08-02,2026-10-03,2026-10-03,0
CERS,2017-09-30,10797000.0,-13418000.0,-0.12,edgar,2018-11-01,2026-10-03,2026-10-03,0
CERS,2018-06-30,15420000.0,-13282000.0,-0.1,edgar,2018-08-02,2026-10-03,2026-10-03,0
CERS,2018-09-30,15399000.0,-14192000.0,-0.11,edgar,2018-11-01,2026-10-03,2026-10-03,0
CERS,2025-03-31,43239000.0,-7717000.0,-0.04,edgar,2026-04-30,2026-10-03,2026-10-03,0
CERS,2025-06-30,52445000.0,-5707000.0,-0.03,edgar,2026-07-30,2026-10-03,2026-10-03,0
CERS,2026-03-31,53661000.0,-1640000.0,-0.01,edgar,2026-04-30,2026-10-03,2026-10-03,0
CERS,2026-06-30,57441000.0,-2940000.0,-0.01,edgar,2026-07-30,2026-10-03,2026-10-03,0
CFFI,2023-09-30,30676000.0,5789000.0,1.71,edgar,2023-11-07,2026-10-03,2026-10-03,0
CFFI,2023-12-31,31745000.0,5068000.0,1.5099999999999998,edgar,2024-02-27,2026-10-03,2026-10-03,0
CFFI,2024-03-31,30650000.0,3401000.0,1.01,edgar,2024-05-07,2026-10-03,2026-10-03,0
CFFI,2024-06-30,31152000.0,5007000.0,1.5,edgar,2024-08-02,2026-10-03,2026-10-03,0
CFFI,2024-09-30,33461000.0,5389000.0,1.65,edgar,2024-11-04,2026-10-03,2026-10-03,0
CFFI,2024-12-31,32050000.0,6037000.0,1.8499999999999996,edgar,2025-02-27,2026-10-03,2026-10-03,0
CFFI,2025-03-31,32583000.0,5368000.0,1.66,edgar,2025-05-06,2026-10-03,2026-10-03,0
CFFI,2025-06-30,36356000.0,7691000.0,2.37,edgar,2025-08-11,2026-10-03,2026-10-03,0
CFFI,2025-09-30,36018000.0,7075000.0,2.18,edgar,2025-11-04,2026-10-03,2026-10-03,0
CFFI,2025-12-31,35884000.0,6701000.0,2.079999999999999,edgar,2026-03-03,2026-10-03,2026-10-03,0
CFFI,2026-03-31,36259000.0,6747000.0,2.08,edgar,2026-05-11,2026-10-03,2026-10-03,0
CFFI,2026-06-30,40866000.0,8563000.0,2.63,edgar,2026-08-10,2026-10-03,2026-10-03,0
CFFN,2018-12-31,4300000.0,24383000.0,0.18,edgar,2019-02-08,2026-10-03,2026-10-03,0
CFFN,2019-12-31,4000000.0,22511000.0,0.16,edgar,2020-02-07,2026-10-03,2026-10-03,0
CFR,2023-09-30,23603000.0,155651000.0,2.38,edgar,2023-10-26,2026-10-03,2026-10-03,0
CFR,2023-12-31,24535000.0,102551000.0,1.549999999999999,edgar,2024-02-06,2026-10-03,2026-10-03,0
CFR,2024-03-31,24795000.0,135690000.0,2.06,edgar,2024-04-25,2026-10-03,2026-10-03,0
CFR,2024-06-30,26114000.0,145499000.0,2.21,edgar,2024-07-25,2026-10-03,2026-10-03,0
CFR,2024-09-30,27412000.0,146501000.0,2.24,edgar,2024-10-31,2026-10-03,2026-10-03,0
CFR,2024-12-31,27909000.0,154852000.0,2.3599999999999994,edgar,2025-02-06,2026-10-03,2026-10-03,0
CFR,2025-03-31,28621000.0,150922000.0,2.3,edgar,2025-05-01,2026-10-03,2026-10-03,0
CFR,2025-06-30,29151000.0,157003000.0,2.39,edgar,2025-07-31,2026-10-03,2026-10-03,0
CFR,2025-09-30,31440000.0,174380000.0,2.67,edgar,2025-10-30,2026-10-03,2026-10-03,0
CFR,2025-12-31,32360000.0,166252000.0,2.5600000000000005,edgar,2026-02-05,2026-10-03,2026-10-03,0
CFR,2026-03-31,32157000.0,170987000.0,2.65,edgar,2026-04-30,2026-10-03,2026-10-03,0
CFR,2026-06-30,34177000.0,172059000.0,2.7,edgar,2026-07-30,2026-10-03,2026-10-03,0
CGEM,2021-03-31,18943000.0,-70000.0,0.0,edgar,2021-05-14,2026-10-03,2026-10-03,0
CGEM,2021-06-30,0.0,-15636000.0,-0.36,edgar,2022-08-10,2026-10-03,2026-10-03,0
CGEM,2021-09-30,0.0,-17350000.0,-0.4,edgar,2022-11-14,2026-10-03,2026-10-03,0
CGEM,2021-12-31,0.0,-32514000.0,-0.76,edgar,2022-03-17,2026-10-03,2026-10-03,0
CGEM,2022-03-31,0.0,-12098000.0,-0.27,edgar,2022-05-16,2026-10-03,2026-10-03,0
CGEM,2022-06-30,0.0,174898000.0,3.77,edgar,2022-08-10,2026-10-03,2026-10-03,0
CGEM,2022-09-30,0.0,-24804000.0,-0.54,edgar,2022-11-14,2026-10-03,2026-10-03,0
CGEM,2022-12-31,0.0,-26782000.0,-0.5800000000000001,edgar,2023-03-09,2026-10-03,2026-10-03,0
CGNX,2023-10-01,197241000.0,18916000.0,0.11,edgar,2023-10-31,2026-10-03,2026-10-03,0
CGNX,2023-12-31,196670000.0,11229000.0,0.06000000000000005,edgar,2024-02-15,2026-10-03,2026-10-03,0
CGNX,2024-03-31,210797000.0,12022000.0,0.07,edgar,2024-05-02,2026-10-03,2026-10-03,0
CGNX,2024-06-30,239292000.0,36212000.0,0.21,edgar,2024-08-01,2026-10-03,2026-10-03,0
CGNX,2024-09-29,234742000.0,29591000.0,0.17,edgar,2024-10-31,2026-10-03,2026-10-03,0
CGNX,2024-12-31,229684000.0,28346000.0,0.16999999999999998,edgar,2025-02-13,2026-10-03,2026-10-03,0
CGNX,2025-03-30,216036000.0,23603000.0,0.14,edgar,2025-05-01,2026-10-03,2026-10-03,0
CGNX,2025-06-29,249093000.0,40511000.0,0.24,edgar,2025-07-31,2026-10-03,2026-10-03,0
CGNX,2025-09-28,276892000.0,17664000.0,0.1,edgar,2025-10-30,2026-10-03,2026-10-03,0
CGNX,2025-12-31,252338000.0,32664000.0,0.20000000000000007,edgar,2026-02-12,2026-10-03,2026-10-03,0
CGNX,2026-04-05,268437000.0,51704000.0,0.31,edgar,2026-05-07,2026-10-03,2026-10-03,0
CGNX,2026-07-05,291263000.0,72756000.0,0.43,edgar,2026-08-06,2026-10-03,2026-10-03,0
CGON,2023-09-30,9000.0,-11768000.0,-4.0,edgar,2024-11-12,2026-10-03,2026-10-03,0
CGON,2023-12-31,1000.0,-16555000.0,-4.5,edgar,2025-03-28,2026-10-03,2026-10-03,0
CGON,2024-03-31,529000.0,-16934000.0,-0.36,edgar,2024-05-09,2026-10-03,2026-10-03,0
CGON,2024-06-30,111000.0,-18902000.0,-0.28,edgar,2024-08-08,2026-10-03,2026-10-03,0
CGON,2024-09-30,43000.0,-20405000.0,-0.3,edgar,2024-11-12,2026-10-03,2026-10-03,0
CGON,2024-12-31,456000.0,-31799000.0,-0.47,edgar,2025-03-28,2026-10-03,2026-10-03,0
CGON,2025-03-31,52000.0,-34452000.0,-0.45,edgar,2025-05-13,2026-10-03,2026-10-03,0
CGON,2025-06-30,0.0,-41426000.0,-0.54,edgar,2025-08-08,2026-10-03,2026-10-03,0
CGON,2025-09-30,1666000.0,-43808000.0,-0.57,edgar,2025-11-14,2026-10-03,2026-10-03,0
CGON,2025-12-31,2322000.0,-41314000.0,-0.52,edgar,2026-02-27,2026-10-03,2026-10-03,0
CGON,2026-03-31,1083000.0,-60202000.0,-0.71,edgar,2026-05-08,2026-10-03,2026-10-03,0
CGON,2026-06-30,1157000.0,-79056000.0,-0.9,edgar,2026-08-06,2026-10-03,2026-10-03,0
CHCO,2018-03-31,13465000.0,17616000.0,1.13,edgar,2018-05-03,2026-10-03,2026-10-03,0
CHCO,2018-06-30,14213000.0,20979000.0,1.35,edgar,2018-08-03,2026-10-03,2026-10-03,0
CHCO,2018-09-30,14556000.0,20692000.0,1.33,edgar,2018-11-06,2026-10-03,2026-10-03,0
CHCO,2019-03-31,14746000.0,21619000.0,1.3,edgar,2019-05-03,2026-10-03,2026-10-03,0
CHCO,2019-06-30,16559000.0,22751000.0,1.38,edgar,2019-08-07,2026-10-03,2026-10-03,0
CHCO,2019-09-30,16190000.0,22371000.0,1.36,edgar,2019-11-06,2026-10-03,2026-10-03,0
CHE,2023-09-30,333728000.0,74958000.0,4.93,edgar,2023-10-27,2026-10-03,2026-10-03,0
CHE,2023-12-31,349998000.0,-182183491.0,5.91,edgar,2024-02-29,2026-10-03,2026-10-03,0
CHE,2024-03-31,354007000.0,65017000.0,4.24,edgar,2024-04-29,2026-10-03,2026-10-03,0
CHE,2024-06-30,374558000.0,70887000.0,4.65,edgar,2024-07-26,2026-10-03,2026-10-03,0
CHE,2024-09-30,391406000.0,75776000.0,5.0,edgar,2024-11-01,2026-10-03,2026-10-03,0
CHE,2024-12-31,411007000.0,-211378001.0,6.0,edgar,2025-02-28,2026-10-03,2026-10-03,0
CHE,2025-03-31,646943000.0,71757000.0,4.86,edgar,2025-04-28,2026-10-03,2026-10-03,0
CHE,2025-06-30,618798000.0,52493000.0,3.57,edgar,2025-07-31,2026-10-03,2026-10-03,0
CHE,2025-09-30,624900000.0,64237000.0,4.46,edgar,2025-10-31,2026-10-03,2026-10-03,0
CHE,2025-12-31,639337000.0,-188221762.0,5.449999999999999,edgar,2026-02-27,2026-10-03,2026-10-03,0
CHE,2026-03-31,657513000.0,66302000.0,4.84,edgar,2026-04-28,2026-10-03,2026-10-03,0
CHE,2026-06-30,673251000.0,67703000.0,5.13,edgar,2026-07-31,2026-10-03,2026-10-03,0
CHRN,2023-06-30,4703000.0,-4230000.0,-0.31,edgar,2023-07-27,2026-10-03,2026-10-03,0
CHRN,2023-09-30,4607000.0,-3365000.0,-0.24,edgar,2023-10-26,2026-10-03,2026-10-03,0
CHRN,2023-12-31,4847000.0,-3214000.0,-0.22000000000000008,edgar,2024-03-04,2026-10-03,2026-10-03,0
CHRN,2024-03-31,3756000.0,-3429000.0,-0.2,edgar,2024-04-29,2026-10-03,2026-10-03,0
CHRN,2024-06-30,4950000.0,-2416000.0,-1.99,edgar,2024-07-29,2026-10-03,2026-10-03,0
CHRN,2024-09-30,4129000.0,-2072000.0,-1.53,edgar,2024-10-28,2026-10-03,2026-10-03,0
CHRN,2024-12-31,5090000.0,-3413000.0,-4.709999999999999,edgar,2025-03-03,2026-10-03,2026-10-03,0
CHRN,2025-03-31,3375000.0,-2891000.0,-1.84,edgar,2025-05-05,2026-10-03,2026-10-03,0
CHRN,2025-06-30,2057000.0,-2709000.0,-1.24,edgar,2025-07-28,2026-10-03,2026-10-03,0
CHRN,2025-09-30,4227000.0,-1421000.0,-0.54,edgar,2025-10-28,2026-10-03,2026-10-03,0
CHRN,2025-12-31,3140000.0,-4674000.0,-1.29,edgar,2026-02-23,2026-10-03,2026-10-03,0
CHRN,2026-03-31,2141000.0,-6885000.0,-2.04,edgar,2026-04-28,2026-10-03,2026-10-03,0
CHYM,2024-06-30,384214000.0,385000.0,0.0,edgar,2025-08-11,2026-10-03,2026-10-03,0
CHYM,2024-09-30,421871000.0,-22026000.0,-0.34,edgar,2025-11-10,2026-10-03,2026-10-03,0
CHYM,2025-03-31,518744000.0,12939000.0,0.0,edgar,2026-05-07,2026-10-03,2026-10-03,0
CHYM,2025-06-30,528149000.0,-923376000.0,-7.29,edgar,2025-08-11,2026-10-03,2026-10-03,0
CHYM,2025-09-30,543519000.0,-54722000.0,-0.15,edgar,2025-11-10,2026-10-03,2026-10-03,0
CHYM,2025-12-31,596358000.0,-44841000.0,3.170000000000001,edgar,2026-03-06,2026-10-03,2026-10-03,0
CHYM,2026-03-31,647387000.0,53456000.0,0.13,edgar,2026-05-07,2026-10-03,2026-10-03,0
CHYM,2026-06-30,669768000.0,27850000.0,0.07,edgar,2026-08-06,2026-10-03,2026-10-03,0
CIVB,2023-09-30,5120000.0,10387000.0,0.66,edgar,2023-11-09,2026-10-03,2026-10-03,0
CIVB,2023-12-31,8836000.0,9655000.0,0.6099999999999999,edgar,2024-03-14,2026-10-03,2026-10-03,0
CIVB,2024-03-31,5671000.0,6360000.0,0.41,edgar,2024-05-09,2026-10-03,2026-10-03,0
CIVB,2024-06-30,5790000.0,7064000.0,0.45,edgar,2024-08-09,2026-10-03,2026-10-03,0
CIVB,2024-09-30,5194000.0,8366000.0,0.53,edgar,2024-11-12,2026-10-03,2026-10-03,0
CIVB,2024-12-31,2468000.0,9893000.0,0.6199999999999997,edgar,2025-03-10,2026-10-03,2026-10-03,0
CIVB,2025-03-31,4795000.0,10168000.0,0.66,edgar,2025-05-07,2026-10-03,2026-10-03,0
CIVB,2025-06-30,5107000.0,11015000.0,0.71,edgar,2025-08-06,2026-10-03,2026-10-03,0
CIVB,2025-09-30,6181000.0,12760000.0,0.68,edgar,2025-11-05,2026-10-03,2026-10-03,0
CIVB,2025-12-31,2940000.0,12269000.0,0.5900000000000003,edgar,2026-03-06,2026-10-03,2026-10-03,0
CIVB,2026-03-31,4815000.0,14989000.0,0.72,edgar,2026-05-08,2026-10-03,2026-10-03,0
CIVB,2026-06-30,5660000.0,14315000.0,0.69,edgar,2026-08-06,2026-10-03,2026-10-03,0
CIX,2023-09-30,40355000.0,5757000.0,0.47,edgar,2023-11-01,2026-10-03,2026-10-03,0
CIX,2023-12-31,43165000.0,6696000.0,0.55,edgar,2024-02-28,2026-10-03,2026-10-03,0
CIX,2024-03-31,37971000.0,3754000.0,0.31,edgar,2024-05-07,2026-10-03,2026-10-03,0
CIX,2024-06-30,35887000.0,4844000.0,0.39,edgar,2024-08-06,2026-10-03,2026-10-03,0
CIX,2024-09-30,33667000.0,3478000.0,0.28,edgar,2024-11-06,2026-10-03,2026-10-03,0
CIX,2024-12-31,38416000.0,4511000.0,0.3700000000000001,edgar,2025-03-05,2026-10-03,2026-10-03,0
CIX,2025-03-31,40272000.0,5131000.0,0.42,edgar,2025-05-06,2026-10-03,2026-10-03,0
CIX,2025-06-30,40366000.0,5453000.0,0.44,edgar,2025-08-05,2026-10-03,2026-10-03,0
CIX,2025-09-30,39950000.0,4222000.0,0.34,edgar,2025-11-05,2026-10-03,2026-10-03,0
CIX,2025-12-31,37697000.0,4672000.0,0.3800000000000001,edgar,2026-03-04,2026-10-03,2026-10-03,0
CIX,2026-03-31,40569000.0,5852000.0,0.48,edgar,2026-05-05,2026-10-03,2026-10-03,0
CIX,2026-06-30,43614000.0,7262000.0,0.59,edgar,2026-08-04,2026-10-03,2026-10-03,0
CLDT,2023-09-30,86741000.0,7329000.0,0.11,edgar,2024-11-07,2026-10-03,2026-10-03,0
CLDT,2023-12-31,72278000.0,-8980000.0,-0.22999999999999998,edgar,2024-02-27,2026-10-03,2026-10-03,0
CLDT,2024-03-31,68443000.0,-5225000.0,-0.15,edgar,2024-05-06,2026-10-03,2026-10-03,0
CLDT,2024-06-30,86479000.0,6848000.0,0.1,edgar,2024-08-02,2026-10-03,2026-10-03,0
CLDT,2024-09-30,87177000.0,4251000.0,0.05,edgar,2024-11-07,2026-10-03,2026-10-03,0
CLDT,2024-12-31,75110000.0,-1708000.0,-0.08000000000000002,edgar,2025-02-26,2026-10-03,2026-10-03,0
CLDT,2025-03-31,68635000.0,1536000.0,-0.01,edgar,2025-05-06,2026-10-03,2026-10-03,0
CLDT,2025-06-30,80294000.0,5376000.0,0.07,edgar,2025-08-06,2026-10-03,2026-10-03,0
CLDT,2025-09-30,78409000.0,3531000.0,0.03,edgar,2025-11-05,2026-10-03,2026-10-03,0
CLDT,2025-12-31,67737000.0,4610000.0,0.05,edgar,2026-02-27,2026-10-03,2026-10-03,0
CLDT,2026-03-31,67504000.0,-4304000.0,-0.13,edgar,2026-05-07,2026-10-03,2026-10-03,0
CLDT,2026-06-30,87804000.0,8214000.0,0.13,edgar,2026-08-04,2026-10-03,2026-10-03,0
CLDX,2023-03-31,967000.0,,-0.62,edgar,2023-05-04,2026-10-03,2026-10-03,0
CLDX,2023-06-30,268000.0,,-0.65,edgar,2023-08-08,2026-10-03,2026-10-03,0
CLDX,2023-09-30,1517000.0,,-0.81,edgar,2023-11-02,2026-10-03,2026-10-03,0
CLDX,2023-12-31,4131000.0,,-0.8399999999999999,edgar,2024-02-26,2026-10-03,2026-10-03,0
CLDX,2024-03-31,156000.0,-32808000.0,-0.56,edgar,2024-05-06,2026-10-03,2026-10-03,0
CLDX,2024-06-30,2498000.0,-35842000.0,-0.54,edgar,2024-08-08,2026-10-03,2026-10-03,0
CLDX,2024-09-30,3191000.0,-42121000.0,-0.64,edgar,2024-11-06,2026-10-03,2026-10-03,0
CLDX,2024-12-31,1175000.0,-47092000.0,-0.71,edgar,2025-02-27,2026-10-03,2026-10-03,0
CLDX,2025-03-31,695000.0,-53796000.0,-0.81,edgar,2025-05-08,2026-10-03,2026-10-03,0
CLDX,2025-06-30,730000.0,-56600000.0,-0.85,edgar,2025-08-07,2026-10-03,2026-10-03,0
CLDX,2026-03-31,15000.0,-78685000.0,-1.18,edgar,2026-05-07,2026-10-03,2026-10-03,0
CLDX,2026-06-30,22000.0,-73503000.0,-0.94,edgar,2026-08-06,2026-10-03,2026-10-03,0
CLMB,2023-09-30,78457000.0,2372000.0,0.52,edgar,2023-11-02,2026-10-03,2026-10-03,0
CLMB,2023-12-31,106784000.0,5246000.0,1.1500000000000001,edgar,2024-03-05,2026-10-03,2026-10-03,0
CLMB,2024-03-31,92422000.0,2731000.0,0.6,edgar,2024-05-02,2026-10-03,2026-10-03,0
CLMB,2024-06-30,92076000.0,3430000.0,0.75,edgar,2024-08-07,2026-10-03,2026-10-03,0
CLMB,2024-09-30,119349000.0,5459000.0,1.19,edgar,2024-11-01,2026-10-03,2026-10-03,0
CLMB,2024-12-31,161760000.0,6990000.0,1.5199999999999996,edgar,2025-03-11,2026-10-03,2026-10-03,0
CLMB,2025-03-31,138044000.0,3684000.0,0.2,edgar,2025-05-01,2026-10-03,2026-10-03,0
CLMB,2025-06-30,159284000.0,5968000.0,0.33,edgar,2025-07-31,2026-10-03,2026-10-03,0
CLMB,2025-09-30,161343000.0,4696000.0,1.02,edgar,2025-10-30,2026-10-03,2026-10-03,0
CLMB,2025-12-31,193846000.0,6982000.0,3.09,edgar,2026-02-27,2026-10-03,2026-10-03,0
CLMB,2026-03-31,182376000.0,3334000.0,0.18,edgar,2026-04-30,2026-10-03,2026-10-03,0
CLMB,2026-06-30,174209000.0,5520000.0,0.3,edgar,2026-07-30,2026-10-03,2026-10-03,0
CLMT,2023-09-30,1149400000.0,99800000.0,1.24,edgar,2024-11-12,2026-10-03,2026-10-03,0
CLMT,2024-03-31,1005800000.0,-41600000.0,-0.51,edgar,2025-05-12,2026-10-03,2026-10-03,0
CLMT,2024-06-30,1133700000.0,-39100000.0,-0.48,edgar,2025-08-08,2026-10-03,2026-10-03,0
CLMT,2024-09-30,1100400000.0,-100600000.0,-1.18,edgar,2024-11-12,2026-10-03,2026-10-03,0
CLMT,2024-12-31,949500000.0,-40700000.0,-0.5,edgar,2025-03-03,2026-10-03,2026-10-03,0
CLMT,2025-03-31,993900000.0,-162000000.0,-1.87,edgar,2025-05-12,2026-10-03,2026-10-03,0
CLMT,2025-06-30,1026600000.0,-147900000.0,-1.7,edgar,2025-08-08,2026-10-03,2026-10-03,0
CLMT,2025-09-30,1078000000.0,313400000.0,3.61,edgar,2025-11-10,2026-10-03,2026-10-03,0
CLMT,2025-12-31,1038600000.0,-37300000.0,-0.4299999999999998,edgar,2026-02-27,2026-10-03,2026-10-03,0
CLMT,2026-03-31,1029700000.0,-317000000.0,-3.64,edgar,2026-05-08,2026-10-03,2026-10-03,0
CLMT,2026-06-30,1445100000.0,-95900000.0,-1.09,edgar,2026-08-07,2026-10-03,2026-10-03,0
CLOV,2023-09-30,306028000.0,-41469000.0,-0.09,edgar,2023-11-06,2026-10-03,2026-10-03,0
CLOV,2023-12-31,312385000.0,-70472000.0,-0.14,edgar,2024-03-14,2026-10-03,2026-10-03,0
CLOV,2024-03-31,346922000.0,-19170000.0,,edgar,2024-05-07,2026-10-03,2026-10-03,0
CLOV,2024-06-30,356260000.0,7408000.0,,edgar,2024-08-08,2026-10-03,2026-10-03,0
CLOV,2024-09-30,330986000.0,-9155000.0,,edgar,2024-11-08,2026-10-03,2026-10-03,0
CLOV,2024-12-31,336963000.0,-22092000.0,,edgar,2025-03-03,2026-10-03,2026-10-03,0
CLOV,2025-03-31,462331000.0,-1274000.0,0.0,edgar,2025-05-09,2026-10-03,2026-10-03,0
CLOV,2025-06-30,477620000.0,-10578000.0,-0.02,edgar,2025-08-08,2026-10-03,2026-10-03,0
CLOV,2025-09-30,496650000.0,-24377000.0,,edgar,2025-11-07,2026-10-03,2026-10-03,0
CLOV,2025-12-31,487707000.0,-49320000.0,,edgar,2026-02-27,2026-10-03,2026-10-03,0
CLOV,2026-03-31,749189000.0,27334000.0,0.05,edgar,2026-05-08,2026-10-03,2026-10-03,0
CLOV,2026-06-30,743167000.0,28001000.0,0.05,edgar,2026-08-07,2026-10-03,2026-10-03,0
CNC,2023-09-30,34967000000.0,469000000.0,0.87,edgar,2023-10-24,2026-10-03,2026-10-03,0
CNC,2023-12-31,35338000000.0,45000000.0,0.1200000000000001,edgar,2024-02-20,2026-10-03,2026-10-03,0
CNC,2024-03-31,36337000000.0,1163000000.0,2.16,edgar,2024-04-26,2026-10-03,2026-10-03,0
CNC,2024-06-30,35973000000.0,1146000000.0,2.16,edgar,2024-07-26,2026-10-03,2026-10-03,0
CNC,2024-09-30,36899000000.0,713000000.0,1.36,edgar,2024-10-25,2026-10-03,2026-10-03,0
CNC,2024-12-31,36296000000.0,283000000.0,0.629999999999999,edgar,2025-02-18,2026-10-03,2026-10-03,0
CNC,2025-03-31,42489000000.0,1311000000.0,2.63,edgar,2025-04-25,2026-10-03,2026-10-03,0
CNC,2025-06-30,42467000000.0,-253000000.0,-0.51,edgar,2025-07-25,2026-10-03,2026-10-03,0
CNC,2025-09-30,44898000000.0,-6631000000.0,-13.5,edgar,2025-10-29,2026-10-03,2026-10-03,0
CNC,2025-12-31,44727000000.0,-1101000000.0,-2.1499999999999986,edgar,2026-02-17,2026-10-03,2026-10-03,0
CNC,2026-03-31,44655000000.0,1541000000.0,3.11,edgar,2026-04-28,2026-10-03,2026-10-03,0
CNC,2026-06-30,44375000000.0,1091000000.0,2.19,edgar,2026-07-28,2026-10-03,2026-10-03,0
CNH,2023-09-30,5332000000.0,537000000.0,0.4,edgar,2023-11-08,2026-10-03,2026-10-03,0
CNH,2023-12-31,6018000000.0,550000000.0,0.41999999999999993,edgar,2024-02-29,2026-10-03,2026-10-03,0
CNH,2024-03-31,4131000000.0,368000000.0,0.29,edgar,2024-05-06,2026-10-03,2026-10-03,0
CNH,2024-06-30,4803000000.0,399000000.0,0.32,edgar,2024-08-02,2026-10-03,2026-10-03,0
CNH,2024-09-30,3997000000.0,306000000.0,0.24,edgar,2024-11-12,2026-10-03,2026-10-03,0
CNH,2024-12-31,4129000000.0,173000000.0,0.14,edgar,2025-02-28,2026-10-03,2026-10-03,0
CNH,2025-03-31,3172000000.0,131000000.0,0.1,edgar,2025-05-06,2026-10-03,2026-10-03,0
CNH,2025-06-30,4021000000.0,213000000.0,0.17,edgar,2025-08-04,2026-10-03,2026-10-03,0
CNH,2025-09-30,3702000000.0,80000000.0,0.06,edgar,2025-11-07,2026-10-03,2026-10-03,0
CNH,2025-12-31,4451000000.0,86000000.0,0.07999999999999996,edgar,2026-02-26,2026-10-03,2026-10-03,0
CNH,2026-03-31,3170000000.0,7000000.0,0.01,edgar,2026-04-30,2026-10-03,2026-10-03,0
CNH,2026-06-30,4143000000.0,138000000.0,0.11,edgar,2026-08-03,2026-10-03,2026-10-03,0
CNMD,2023-06-30,317652000.0,13732000.0,0.43,edgar,2023-07-27,2026-10-03,2026-10-03,0
CNMD,2023-09-30,304578000.0,15837000.0,0.5,edgar,2023-10-26,2026-10-03,2026-10-03,0
CNMD,2023-12-31,327046000.0,33112000.0,1.05,edgar,2024-02-28,2026-10-03,2026-10-03,0
CNMD,2024-03-31,312273000.0,19709000.0,0.63,edgar,2024-04-25,2026-10-03,2026-10-03,0
CNMD,2024-06-30,332097000.0,29976000.0,0.96,edgar,2024-08-01,2026-10-03,2026-10-03,0
CNMD,2024-09-30,316701000.0,48984000.0,1.57,edgar,2024-10-31,2026-10-03,2026-10-03,0
CNMD,2024-12-31,345944000.0,33731000.0,1.0899999999999999,edgar,2025-02-18,2026-10-03,2026-10-03,0
CNMD,2025-03-31,321256000.0,6036000.0,0.19,edgar,2025-05-01,2026-10-03,2026-10-03,0
CNMD,2025-06-30,342345000.0,21421000.0,0.69,edgar,2025-07-31,2026-10-03,2026-10-03,0
CNMD,2025-09-30,337926000.0,2859000.0,0.09,edgar,2025-11-06,2026-10-03,2026-10-03,0
CNMD,2025-12-31,373197000.0,16784000.0,0.54,edgar,2026-02-17,2026-10-03,2026-10-03,0
CNMD,2026-06-30,343488000.0,23071000.0,0.77,edgar,2026-07-29,2026-10-03,2026-10-03,0
CNO,2023-09-30,947500000.0,167300000.0,1.46,edgar,2023-11-08,2026-10-03,2026-10-03,0
CNO,2023-12-31,1170500000.0,36300000.0,0.32,edgar,2024-02-23,2026-10-03,2026-10-03,0
CNO,2024-03-31,1156500000.0,112300000.0,1.01,edgar,2024-05-06,2026-10-03,2026-10-03,0
CNO,2024-06-30,1066200000.0,116300000.0,1.06,edgar,2024-08-09,2026-10-03,2026-10-03,0
CNO,2024-09-30,1129600000.0,9300000.0,0.09,edgar,2024-11-07,2026-10-03,2026-10-03,0
CNO,2024-12-31,1097200000.0,182900000.0,1.74,edgar,2025-02-26,2026-10-03,2026-10-03,0
CNO,2025-03-31,1004100000.0,21500000.0,0.21,edgar,2025-05-07,2026-10-03,2026-10-03,0
CNO,2025-06-30,1151500000.0,91800000.0,0.91,edgar,2025-08-06,2026-10-03,2026-10-03,0
CNO,2025-09-30,1188700000.0,23100000.0,0.24,edgar,2025-11-06,2026-10-03,2026-10-03,0
CNO,2025-12-31,1143100000.0,92900000.0,0.95,edgar,2026-02-24,2026-10-03,2026-10-03,0
CNO,2026-03-31,1029600000.0,37700000.0,0.39,edgar,2026-05-07,2026-10-03,2026-10-03,0
CNO,2026-06-30,1285200000.0,125900000.0,1.33,edgar,2026-08-06,2026-10-03,2026-10-03,0
CNXN,2023-09-30,693086000.0,25598000.0,0.97,edgar,2023-11-01,2026-10-03,2026-10-03,0
CNXN,2023-12-31,696466000.0,23778000.0,0.8900000000000001,edgar,2024-03-07,2026-10-03,2026-10-03,0
CNXN,2024-03-31,632025000.0,13154000.0,0.5,edgar,2024-05-01,2026-10-03,2026-10-03,0
CNXN,2024-06-30,736479000.0,26161000.0,0.99,edgar,2024-07-31,2026-10-03,2026-10-03,0
CNXN,2024-09-30,724717000.0,27059000.0,1.02,edgar,2024-10-30,2026-10-03,2026-10-03,0
CNXN,2024-12-31,708897000.0,20721000.0,0.7800000000000002,edgar,2025-02-24,2026-10-03,2026-10-03,0
CNXN,2025-03-31,701046000.0,13481000.0,0.51,edgar,2025-04-30,2026-10-03,2026-10-03,0
CNXN,2025-06-30,759693000.0,24789000.0,0.97,edgar,2025-07-30,2026-10-03,2026-10-03,0
CNXN,2025-09-30,709068000.0,24740000.0,0.97,edgar,2025-10-29,2026-10-03,2026-10-03,0
CNXN,2025-12-31,702939000.0,20712000.0,0.8199999999999998,edgar,2026-02-24,2026-10-03,2026-10-03,0
CNXN,2026-03-31,721866000.0,17223000.0,0.68,edgar,2026-04-29,2026-10-03,2026-10-03,0
CNXN,2026-06-30,853996000.0,33168000.0,1.31,edgar,2026-07-29,2026-10-03,2026-10-03,0
CODI,2023-09-30,427063000.0,-54658000.0,-0.92,edgar,2023-11-02,2026-10-03,2026-10-03,0
CODI,2023-12-31,451301000.0,98027000.0,1.2,edgar,2024-02-28,2026-10-03,2026-10-03,0
CODI,2024-03-31,410826000.0,-56177000.0,-1.52,edgar,2024-05-01,2026-10-03,2026-10-03,0
CODI,2024-06-30,426705000.0,-73052000.0,-1.12,edgar,2024-07-31,2026-10-03,2026-10-03,0
CODI,2024-09-30,456553000.0,-36032000.0,-0.62,edgar,2024-10-30,2026-10-03,2026-10-03,0
CODI,2024-12-31,493929000.0,-43600000.0,-0.74,edgar,2025-02-27,2026-10-03,2026-10-03,0
CODI,2025-03-31,453775000.0,-29993000.0,-0.59,edgar,2025-12-18,2026-10-03,2026-10-03,0
CODI,2025-06-30,478690000.0,-51217000.0,-0.88,edgar,2025-12-29,2026-10-03,2026-10-03,0
CODI,2025-09-30,472562000.0,-74015000.0,-1.21,edgar,2026-01-14,2026-10-03,2026-10-03,0
CODI,2025-12-31,468557000.0,-71190000.0,-1.2,edgar,2026-02-27,2026-10-03,2026-10-03,0
CODI,2026-03-31,426855000.0,-30759000.0,-0.62,edgar,2026-05-06,2026-10-03,2026-10-03,0
CODI,2026-06-30,424042000.0,81089000.0,0.86,edgar,2026-08-10,2026-10-03,2026-10-03,0
COFS,2023-06-30,2794000.0,5213000.0,0.69,edgar,2023-08-14,2026-10-03,2026-10-03,0
COFS,2023-09-30,2936000.0,5122000.0,0.68,edgar,2023-11-13,2026-10-03,2026-10-03,0
COFS,2024-03-31,32483000.0,5634000.0,0.74,edgar,2025-05-12,2026-10-03,2026-10-03,0
COFS,2024-06-30,3170000.0,6586000.0,0.87,edgar,2024-07-25,2026-10-03,2026-10-03,0
COFS,2024-09-30,3351000.0,7348000.0,0.85,edgar,2024-11-08,2026-10-03,2026-10-03,0
COFS,2024-12-31,3295000.0,7159000.0,0.79,edgar,2026-03-13,2026-10-03,2026-10-03,0
COFS,2025-03-31,44881000.0,-13906000.0,-1.29,edgar,2025-05-12,2026-10-03,2026-10-03,0
COFS,2025-06-30,4818000.0,13534000.0,0.9,edgar,2025-08-08,2026-10-03,2026-10-03,0
COFS,2025-09-30,5285000.0,14681000.0,0.97,edgar,2025-11-10,2026-10-03,2026-10-03,0
COFS,2025-12-31,5237000.0,13867000.0,1.4299999999999997,edgar,2026-03-13,2026-10-03,2026-10-03,0
COFS,2026-03-31,59091000.0,13704000.0,0.91,edgar,2026-05-11,2026-10-03,2026-10-03,0
COFS,2026-06-30,5430000.0,12463000.0,0.83,edgar,2026-08-10,2026-10-03,2026-10-03,0
COHU,2023-09-30,150804000.0,3915000.0,0.08,edgar,2023-11-03,2026-10-03,2026-10-03,0
COHU,2023-12-30,137226000.0,-2028000.0,-0.040000000000000036,edgar,2024-02-16,2026-10-03,2026-10-03,0
COHU,2024-03-30,107614000.0,-14635000.0,-0.31,edgar,2024-05-03,2026-10-03,2026-10-03,0
COHU,2024-06-29,104701000.0,-15769000.0,-0.34,edgar,2024-08-01,2026-10-03,2026-10-03,0
COHU,2024-09-28,95342000.0,-18056000.0,-0.39,edgar,2024-11-01,2026-10-03,2026-10-03,0
COHU,2024-12-28,94122000.0,-21358000.0,-0.44999999999999996,edgar,2025-02-20,2026-10-03,2026-10-03,0
COHU,2025-03-29,96797000.0,-30804000.0,-0.66,edgar,2025-05-02,2026-10-03,2026-10-03,0
COHU,2025-06-28,107680000.0,-16880000.0,-0.36,edgar,2025-08-01,2026-10-03,2026-10-03,0
COHU,2025-09-27,126249000.0,-4101000.0,-0.09,edgar,2025-10-30,2026-10-03,2026-10-03,0
COHU,2025-12-27,122230000.0,-22488000.0,-0.48,edgar,2026-02-17,2026-10-03,2026-10-03,0
COHU,2026-03-28,125119000.0,-12068000.0,-0.26,edgar,2026-05-01,2026-10-03,2026-10-03,0
COHU,2026-06-27,149002000.0,-159000.0,0.0,edgar,2026-07-31,2026-10-03,2026-10-03,0
COKE,2023-09-29,1712428000.0,92093000.0,,edgar,2023-11-01,2026-10-03,2026-10-03,0
COKE,2023-12-31,1630956000.0,75836000.0,,edgar,2024-02-21,2026-10-03,2026-10-03,0
COKE,2024-03-29,1591626000.0,165741000.0,,edgar,2024-05-06,2026-10-03,2026-10-03,0
COKE,2024-06-28,1795943000.0,172812000.0,,edgar,2024-07-31,2026-10-03,2026-10-03,0
COKE,2024-09-27,1765652000.0,115624000.0,,edgar,2024-10-30,2026-10-03,2026-10-03,0
COKE,2024-12-31,1746495000.0,178948000.0,,edgar,2025-02-20,2026-10-03,2026-10-03,0
COKE,2025-03-28,1579977000.0,103611000.0,,edgar,2025-04-30,2026-10-03,2026-10-03,0
COKE,2025-06-27,1855519000.0,187387000.0,,edgar,2025-07-24,2026-10-03,2026-10-03,0
COKE,2025-09-26,1888317000.0,142334000.0,,edgar,2025-10-29,2026-10-03,2026-10-03,0
COKE,2025-12-31,1904242000.0,137250000.0,,edgar,2026-02-18,2026-10-03,2026-10-03,0
COKE,2026-04-03,1846668000.0,111556000.0,,edgar,2026-05-06,2026-10-03,2026-10-03,0
COKE,2026-07-03,2052420000.0,158821000.0,,edgar,2026-08-05,2026-10-03,2026-10-03,0
CON,2023-06-30,467079000.0,52742000.0,0.51,edgar,2024-08-27,2026-10-03,2026-10-03,0
CON,2023-09-30,473964000.0,53106000.0,0.51,edgar,2024-11-06,2026-10-03,2026-10-03,0
CON,2024-03-31,467598000.0,48956000.0,0.47,edgar,2025-05-07,2026-10-03,2026-10-03,0
CON,2024-06-30,477915000.0,51737000.0,0.5,edgar,2024-08-27,2026-10-03,2026-10-03,0
CON,2024-09-30,489638000.0,44338000.0,0.37,edgar,2024-11-06,2026-10-03,2026-10-03,0
CON,2024-12-31,465041000.0,21512000.0,0.1200000000000001,edgar,2025-03-03,2026-10-03,2026-10-03,0
CON,2025-03-31,500752000.0,38911000.0,0.3,edgar,2025-05-07,2026-10-03,2026-10-03,0
CON,2025-06-30,550785000.0,44560000.0,0.35,edgar,2025-08-07,2026-10-03,2026-10-03,0
CON,2025-09-30,572800000.0,48259000.0,0.38,edgar,2025-11-06,2026-10-03,2026-10-03,0
CON,2025-12-31,539080000.0,34685000.0,0.27,edgar,2026-02-26,2026-10-03,2026-10-03,0
CON,2026-03-31,569555000.0,50488000.0,0.39,edgar,2026-05-07,2026-10-03,2026-10-03,0
CON,2026-06-30,606030000.0,65299000.0,0.51,edgar,2026-08-06,2026-10-03,2026-10-03,0
COP,2023-09-30,12599000000.0,2798000000.0,2.32,edgar,2023-11-02,2026-10-03,2026-10-03,0
COP,2023-12-31,12944000000.0,3007000000.0,2.5200000000000005,edgar,2024-02-15,2026-10-03,2026-10-03,0
COP,2024-03-31,12307000000.0,2551000000.0,2.15,edgar,2024-05-02,2026-10-03,2026-10-03,0
COP,2024-06-30,12660000000.0,2329000000.0,1.98,edgar,2024-08-01,2026-10-03,2026-10-03,0
COP,2024-09-30,11703000000.0,2059000000.0,1.76,edgar,2024-10-31,2026-10-03,2026-10-03,0
COP,2024-12-31,12748000000.0,2306000000.0,1.92,edgar,2025-02-18,2026-10-03,2026-10-03,0
COP,2025-03-31,14479000000.0,2849000000.0,2.23,edgar,2025-05-08,2026-10-03,2026-10-03,0
COP,2025-06-30,12621000000.0,1971000000.0,1.56,edgar,2025-08-07,2026-10-03,2026-10-03,0
COP,2025-09-30,13337000000.0,1726000000.0,1.38,edgar,2025-11-06,2026-10-03,2026-10-03,0
COP,2025-12-31,11387000000.0,1442000000.0,1.1799999999999997,edgar,2026-02-17,2026-10-03,2026-10-03,0
COP,2026-03-31,13500000000.0,2183000000.0,1.78,edgar,2026-04-30,2026-10-03,2026-10-03,0
COP,2026-06-30,18088000000.0,3931000000.0,3.23,edgar,2026-08-06,2026-10-03,2026-10-03,0
CORT,2023-09-30,123601000.0,31378000.0,0.28,edgar,2023-11-01,2026-10-03,2026-10-03,0
CORT,2023-12-31,135405000.0,31355000.0,0.2699999999999999,edgar,2024-02-15,2026-10-03,2026-10-03,0
CORT,2024-03-31,146808000.0,27762000.0,0.25,edgar,2024-05-01,2026-10-03,2026-10-03,0
CORT,2024-06-30,163796000.0,35488000.0,0.32,edgar,2024-07-29,2026-10-03,2026-10-03,0
CORT,2024-09-30,182546000.0,47213000.0,0.41,edgar,2024-10-30,2026-10-03,2026-10-03,0
CORT,2024-12-31,181890000.0,30746000.0,0.25,edgar,2025-02-26,2026-10-03,2026-10-03,0
CORT,2025-03-31,157214000.0,20547000.0,0.17,edgar,2025-05-05,2026-10-03,2026-10-03,0
CORT,2025-06-30,194430000.0,35149000.0,0.29,edgar,2025-07-31,2026-10-03,2026-10-03,0
CORT,2025-09-30,207638000.0,19668000.0,0.16,edgar,2025-11-04,2026-10-03,2026-10-03,0
CORT,2025-12-31,202125000.0,24288000.0,0.19999999999999996,edgar,2026-02-24,2026-10-03,2026-10-03,0
CORT,2026-03-31,164903000.0,-31761000.0,-0.3,edgar,2026-04-30,2026-10-03,2026-10-03,0
CORT,2026-06-30,256147000.0,42987000.0,0.36,edgar,2026-07-29,2026-10-03,2026-10-03,0
COSO,2024-06-30,528000.0,5887000.0,0.56,edgar,2025-08-11,2026-10-03,2026-10-03,0
COSO,2024-09-30,427000.0,7884000.0,0.75,edgar,2025-11-07,2026-10-03,2026-10-03,0
COSO,2025-03-31,497000.0,5050000.0,0.47,edgar,2026-05-08,2026-10-03,2026-10-03,0
COSO,2025-06-30,487000.0,5965000.0,0.57,edgar,2025-08-11,2026-10-03,2026-10-03,0
COSO,2025-09-30,464000.0,6741000.0,0.54,edgar,2025-11-07,2026-10-03,2026-10-03,0
COSO,2025-12-31,537000.0,7136000.0,0.5800000000000001,edgar,2026-03-12,2026-10-03,2026-10-03,0
COSO,2026-03-31,519000.0,6329000.0,0.51,edgar,2026-05-08,2026-10-03,2026-10-03,0
COSO,2026-06-30,509000.0,7333000.0,0.59,edgar,2026-08-07,2026-10-03,2026-10-03,0
CRBG,2023-09-30,5505000000.0,2101000000.0,3.28,edgar,2023-11-03,2026-10-03,2026-10-03,0
CRBG,2023-12-31,3276000000.0,-1309000000.0,-2.05,edgar,2024-02-15,2026-10-03,2026-10-03,0
CRBG,2024-03-31,5836000000.0,878000000.0,1.41,edgar,2024-05-03,2026-10-03,2026-10-03,0
CRBG,2024-06-30,3710000000.0,365000000.0,0.59,edgar,2024-08-01,2026-10-03,2026-10-03,0
CRBG,2024-09-30,2599000000.0,-1184000000.0,-2.02,edgar,2024-11-05,2026-10-03,2026-10-03,0
CRBG,2024-12-31,6562000000.0,2171000000.0,3.74,edgar,2025-02-13,2026-10-03,2026-10-03,0
CRBG,2025-03-31,3572000000.0,-664000000.0,-1.19,edgar,2025-05-06,2026-10-03,2026-10-03,0
CRBG,2025-06-30,2726000000.0,-660000000.0,-1.2,edgar,2025-08-05,2026-10-03,2026-10-03,0
CRBG,2025-09-30,5416000000.0,144000000.0,0.27,edgar,2025-11-04,2026-10-03,2026-10-03,0
CRBG,2025-12-31,6767000000.0,814000000.0,1.44,edgar,2026-02-11,2026-10-03,2026-10-03,0
CRBG,2026-03-31,3964000000.0,-53000000.0,-0.11,edgar,2026-05-06,2026-10-03,2026-10-03,0
CRBG,2026-06-30,3914000000.0,2000000.0,-0.04,edgar,2026-08-05,2026-10-03,2026-10-03,0
CRCL,2024-06-30,6767000.0,32923000.0,0.0,edgar,2025-08-12,2026-10-03,2026-10-03,0
CRCL,2024-09-30,547000.0,70996000.0,0.0,edgar,2025-11-12,2026-10-03,2026-10-03,0
CRCL,2025-03-31,20662000.0,64791000.0,0.0,edgar,2026-05-11,2026-10-03,2026-10-03,0
CRCL,2025-06-30,23804000.0,-482100000.0,-4.48,edgar,2025-08-12,2026-10-03,2026-10-03,0
CRCL,2025-09-30,28518000.0,214385000.0,0.64,edgar,2025-11-12,2026-10-03,2026-10-03,0
CRCL,2025-12-31,36836000.0,133416000.0,3.4000000000000004,edgar,2026-03-09,2026-10-03,2026-10-03,0
CRCL,2026-03-31,41625000.0,55253000.0,0.21,edgar,2026-05-11,2026-10-03,2026-10-03,0
CRCL,2026-06-30,33582000.0,48221000.0,0.18,edgar,2026-08-05,2026-10-03,2026-10-03,0
CRGY,2023-09-30,642398000.0,-52870000.0,,edgar,2023-11-06,2026-10-03,2026-10-03,0
CRGY,2023-12-31,657728000.0,55535000.0,,edgar,2024-03-04,2026-10-03,2026-10-03,0
CRGY,2024-03-31,657473000.0,-24168000.0,,edgar,2024-05-06,2026-10-03,2026-10-03,0
CRGY,2024-06-30,653283000.0,37547000.0,,edgar,2024-08-05,2026-10-03,2026-10-03,0
CRGY,2024-09-30,744874000.0,-9945000.0,,edgar,2024-11-04,2026-10-03,2026-10-03,0
CRGY,2024-12-31,875289000.0,-118039000.0,,edgar,2025-02-26,2026-10-03,2026-10-03,0
CRGY,2025-03-31,950172000.0,-2150000.0,,edgar,2025-05-05,2026-10-03,2026-10-03,0
CRGY,2025-06-30,897983000.0,153221000.0,,edgar,2025-08-04,2026-10-03,2026-10-03,0
CRGY,2025-09-30,866579000.0,-9507000.0,,edgar,2025-11-03,2026-10-03,2026-10-03,0
CRGY,2025-12-31,865048000.0,-8658000.0,,edgar,2026-02-25,2026-10-03,2026-10-03,0
CRGY,2026-03-31,1182830000.0,-419847000.0,,edgar,2026-05-04,2026-10-03,2026-10-03,0
CRGY,2026-06-30,1394954000.0,492765000.0,,edgar,2026-08-03,2026-10-03,2026-10-03,0
CRL,2023-09-30,1026623000.0,87389000.0,1.69,edgar,2023-11-08,2026-10-03,2026-10-03,0
CRL,2023-12-30,1013476000.0,187084000.0,3.630000000000001,edgar,2024-02-14,2026-10-03,2026-10-03,0
CRL,2024-03-30,1011560000.0,72960000.0,1.3,edgar,2024-05-09,2026-10-03,2026-10-03,0
CRL,2024-06-29,1026117000.0,94081000.0,1.74,edgar,2024-08-07,2026-10-03,2026-10-03,0
CRL,2024-09-28,1009763000.0,69657000.0,1.33,edgar,2024-11-06,2026-10-03,2026-10-03,0
CRL,2024-12-28,1002549000.0,-214495000.0,-4.17,edgar,2025-02-19,2026-10-03,2026-10-03,0
CRL,2025-03-29,984168000.0,25469000.0,0.5,edgar,2025-05-07,2026-10-03,2026-10-03,0
CRL,2025-06-28,1032135000.0,52326000.0,1.06,edgar,2025-08-06,2026-10-03,2026-10-03,0
CRL,2025-09-27,1004852000.0,54422000.0,1.1,edgar,2025-11-05,2026-10-03,2026-10-03,0
CRL,2025-12-27,994227000.0,-276555000.0,-5.57,edgar,2026-02-18,2026-10-03,2026-10-03,0
CRL,2026-03-28,995830000.0,-14843000.0,-0.3,edgar,2026-05-07,2026-10-03,2026-10-03,0
CRL,2026-06-27,1004078000.0,-1482000.0,-0.03,edgar,2026-08-05,2026-10-03,2026-10-03,0
CRM,2023-10-31,8720000000.0,1224000000.0,1.25,edgar,2023-11-30,2026-10-03,2026-10-03,0
CRM,2024-01-31,9287000000.0,1446000000.0,1.4700000000000002,edgar,2024-03-06,2026-10-03,2026-10-03,0
CRM,2024-04-30,9133000000.0,1533000000.0,1.56,edgar,2024-05-30,2026-10-03,2026-10-03,0
CRM,2024-07-31,9325000000.0,1429000000.0,1.47,edgar,2024-08-29,2026-10-03,2026-10-03,0
CRM,2024-10-31,9444000000.0,1527000000.0,1.58,edgar,2024-12-04,2026-10-03,2026-10-03,0
CRM,2025-01-31,9993000000.0,1708000000.0,1.75,edgar,2025-03-05,2026-10-03,2026-10-03,0
CRM,2025-04-30,9829000000.0,1541000000.0,1.59,edgar,2025-05-29,2026-10-03,2026-10-03,0
CRM,2025-07-31,10236000000.0,1887000000.0,1.96,edgar,2025-09-04,2026-10-03,2026-10-03,0
CRM,2025-10-31,10259000000.0,2086000000.0,2.19,edgar,2025-12-04,2026-10-03,2026-10-03,0
CRM,2026-01-31,11201000000.0,1943000000.0,2.0599999999999996,edgar,2026-03-02,2026-10-03,2026-10-03,0
CRM,2026-04-30,11133000000.0,2107000000.0,2.42,edgar,2026-05-28,2026-10-03,2026-10-03,0
CRM,2026-07-31,11345000000.0,3526000000.0,4.29,edgar,2026-08-27,2026-10-03,2026-10-03,0
CRON,2023-09-30,24810000.0,-1644000.0,0.0,edgar,2023-11-08,2026-10-03,2026-10-03,0
CRON,2023-12-31,23915000.0,-44727000.0,-0.12,edgar,2024-02-29,2026-10-03,2026-10-03,0
CRON,2024-03-31,25288000.0,-2241000.0,-0.01,edgar,2024-05-09,2026-10-03,2026-10-03,0
CRON,2024-06-30,27762000.0,-8757000.0,-0.02,edgar,2024-08-08,2026-10-03,2026-10-03,0
CRON,2024-09-30,34264000.0,8349000.0,0.02,edgar,2024-11-12,2026-10-03,2026-10-03,0
CRON,2024-12-31,30301000.0,42649000.0,0.12,edgar,2025-02-27,2026-10-03,2026-10-03,0
CRON,2025-03-31,32262000.0,6122000.0,0.02,edgar,2025-05-08,2026-10-03,2026-10-03,0
CRON,2025-06-30,33455000.0,-39711000.0,-0.1,edgar,2025-08-07,2026-10-03,2026-10-03,0
CRON,2025-09-30,36339000.0,25958000.0,0.07,edgar,2025-11-06,2026-10-03,2026-10-03,0
CRON,2025-12-31,44531000.0,4731000.0,-0.010000000000000002,edgar,2026-02-26,2026-10-03,2026-10-03,0
CRON,2026-03-31,45210000.0,13752000.0,0.04,edgar,2026-05-11,2026-10-03,2026-10-03,0
CRON,2026-06-30,53007000.0,32085000.0,0.09,edgar,2026-08-06,2026-10-03,2026-10-03,0
CROX,2023-09-30,1045717000.0,177025000.0,2.87,edgar,2023-11-02,2026-10-03,2026-10-03,0
CROX,2023-12-31,960097000.0,253620000.0,4.139999999999999,edgar,2024-02-15,2026-10-03,2026-10-03,0
CROX,2024-03-31,938633000.0,152454000.0,2.5,edgar,2024-05-07,2026-10-03,2026-10-03,0
CROX,2024-06-30,1111502000.0,228907000.0,3.77,edgar,2024-08-01,2026-10-03,2026-10-03,0
CROX,2024-09-30,1062200000.0,199801000.0,3.36,edgar,2024-10-29,2026-10-03,2026-10-03,0
CROX,2024-12-31,989773000.0,368938000.0,6.250000000000002,edgar,2025-02-13,2026-10-03,2026-10-03,0
CROX,2025-03-31,937333000.0,160103000.0,2.83,edgar,2025-05-08,2026-10-03,2026-10-03,0
CROX,2025-06-30,1149373000.0,-492282000.0,-8.82,edgar,2025-08-07,2026-10-03,2026-10-03,0
CROX,2025-09-30,996301000.0,145816000.0,2.7,edgar,2025-10-30,2026-10-03,2026-10-03,0
CROX,2025-12-31,957640000.0,105163000.0,1.79,edgar,2026-02-12,2026-10-03,2026-10-03,0
CROX,2026-03-31,921457000.0,137556000.0,2.71,edgar,2026-04-30,2026-10-03,2026-10-03,0
CROX,2026-06-30,1179468000.0,204887000.0,4.13,edgar,2026-07-30,2026-10-03,2026-10-03,0
CRSP,2023-09-30,0.0,-112152000.0,-1.41,edgar,2023-11-06,2026-10-03,2026-10-03,0
CRSP,2023-12-31,201206000.0,89347000.0,1.12,edgar,2024-02-21,2026-10-03,2026-10-03,0
CRSP,2024-03-31,504000.0,-116591000.0,-1.43,edgar,2024-05-08,2026-10-03,2026-10-03,0
CRSP,2024-06-30,517000.0,-126408000.0,-1.49,edgar,2024-08-05,2026-10-03,2026-10-03,0
CRSP,2024-09-30,602000.0,-85942000.0,-1.01,edgar,2024-11-05,2026-10-03,2026-10-03,0
CRSP,2024-12-31,35691000.0,-37311000.0,-0.41000000000000014,edgar,2025-02-11,2026-10-03,2026-10-03,0
CRSP,2025-03-31,865000.0,-135996000.0,-1.58,edgar,2025-05-06,2026-10-03,2026-10-03,0
CRSP,2025-06-30,892000.0,-208549000.0,-2.4,edgar,2025-08-04,2026-10-03,2026-10-03,0
CRSP,2025-09-30,889000.0,-106441000.0,-1.17,edgar,2025-11-10,2026-10-03,2026-10-03,0
CRSP,2025-12-31,864000.0,-130613000.0,-1.3199999999999994,edgar,2026-02-12,2026-10-03,2026-10-03,0
CRSP,2026-03-31,1458000.0,-122931000.0,-1.28,edgar,2026-05-04,2026-10-03,2026-10-03,0
CRSP,2026-06-30,10181000.0,-91154000.0,-0.94,edgar,2026-08-03,2026-10-03,2026-10-03,0
CRVL,2023-09-30,195522000.0,19898000.0,1.15,edgar,2023-11-02,2026-10-03,2026-10-03,0
CRVL,2023-12-31,202303000.0,17095000.0,0.33,edgar,2024-02-01,2026-10-03,2026-10-03,0
CRVL,2024-03-31,207233000.0,19454000.0,1.12,edgar,2024-05-24,2026-10-03,2026-10-03,0
CRVL,2024-06-30,211722000.0,21577000.0,0.42,edgar,2024-08-01,2026-10-03,2026-10-03,0
CRVL,2024-09-30,224380000.0,23398000.0,0.45,edgar,2024-11-07,2026-10-03,2026-10-03,0
CRVL,2024-12-31,227973000.0,23771000.0,0.46,edgar,2025-02-06,2026-10-03,2026-10-03,0
CRVL,2025-03-31,231514000.0,26419000.0,0.5,edgar,2025-05-23,2026-10-03,2026-10-03,0
CRVL,2025-06-30,234711000.0,27235000.0,0.52,edgar,2025-08-07,2026-10-03,2026-10-03,0
CRVL,2025-09-30,239643000.0,27906000.0,0.54,edgar,2025-11-06,2026-10-03,2026-10-03,0
CRVL,2025-12-31,235625000.0,24174000.0,0.47,edgar,2026-02-05,2026-10-03,2026-10-03,0
CRVL,2026-03-31,248548000.0,31029000.0,0.6100000000000001,edgar,2026-05-22,2026-10-03,2026-10-03,0
CRVL,2026-06-30,259925000.0,32225000.0,0.63,edgar,2026-08-06,2026-10-03,2026-10-03,0
CRWD,2023-10-31,786014000.0,26665000.0,0.11,edgar,2023-11-29,2026-10-03,2026-10-03,0
CRWD,2024-01-31,845335000.0,37811000.0,0.15999999999999998,edgar,2024-03-07,2026-10-03,2026-10-03,0
CRWD,2024-04-30,921036000.0,42820000.0,0.17,edgar,2024-06-05,2026-10-03,2026-10-03,0
CRWD,2024-07-31,963872000.0,47013000.0,0.19,edgar,2024-08-29,2026-10-03,2026-10-03,0
CRWD,2024-10-31,1010178000.0,-16822000.0,-0.07,edgar,2024-11-27,2026-10-03,2026-10-03,0
CRWD,2025-01-31,1058538000.0,-85577000.0,-0.35000000000000003,edgar,2025-03-10,2026-10-03,2026-10-03,0
CRWD,2025-04-30,1103434000.0,-104264000.0,-0.42,edgar,2025-06-04,2026-10-03,2026-10-03,0
CRWD,2025-07-31,1168952000.0,-70153000.0,-0.07,edgar,2025-08-28,2026-10-03,2026-10-03,0
CRWD,2025-10-31,1234244000.0,-33997000.0,-0.14,edgar,2025-12-03,2026-10-03,2026-10-03,0
CRWD,2026-01-31,1305375000.0,47249000.0,-0.020000000000000018,edgar,2026-03-05,2026-10-03,2026-10-03,0
CRWD,2026-04-30,1385629000.0,27774000.0,0.11,edgar,2026-06-04,2026-10-03,2026-10-03,0
CRWD,2026-07-31,1470897000.0,5306000.0,0.01,edgar,2026-08-27,2026-10-03,2026-10-03,0
CRWV,2024-03-31,188684000.0,-129248000.0,-0.62,edgar,2025-05-15,2026-10-03,2026-10-03,0
CRWV,2024-06-30,395371000.0,-323021000.0,-1.62,edgar,2025-08-13,2026-10-03,2026-10-03,0
CRWV,2024-09-30,583941000.0,-359807000.0,-1.82,edgar,2025-11-13,2026-10-03,2026-10-03,0
CRWV,2024-12-31,747004000.0,-50924000.0,-0.23999999999999932,edgar,2026-03-02,2026-10-03,2026-10-03,0
CRWV,2025-03-31,982000000.0,-315000000.0,-1.49,edgar,2025-05-15,2026-10-03,2026-10-03,0
CRWV,2025-06-30,1212000000.0,-290000000.0,-0.6,edgar,2025-08-13,2026-10-03,2026-10-03,0
CRWV,2025-09-30,1364676000.0,-110124000.0,-0.22,edgar,2025-11-13,2026-10-03,2026-10-03,0
CRWV,2025-12-31,1572324000.0,-452876000.0,-0.5,edgar,2026-03-02,2026-10-03,2026-10-03,0
CRWV,2026-03-31,2078000000.0,-740000000.0,-1.4,edgar,2026-05-08,2026-10-03,2026-10-03,0
CRWV,2026-06-30,2575000000.0,-626000000.0,-1.14,edgar,2026-08-12,2026-10-03,2026-10-03,0
CSWC,2010-06-30,2967000.0,,,edgar,2011-08-05,2026-10-03,2026-10-03,0
CSWC,2010-09-30,1164000.0,,,edgar,2011-10-28,2026-10-03,2026-10-03,0
CSWC,2010-12-31,2362000.0,,,edgar,2012-02-08,2026-10-03,2026-10-03,0
CSWC,2011-03-31,1075000.0,,,edgar,2012-06-01,2026-10-03,2026-10-03,0
CSWC,2011-06-30,1196000.0,,,edgar,2011-08-05,2026-10-03,2026-10-03,0
CSWC,2011-09-30,1257000.0,,,edgar,2011-10-28,2026-10-03,2026-10-03,0
CSWC,2011-12-31,5624000.0,,,edgar,2012-02-08,2026-10-03,2026-10-03,0
CSWC,2012-03-31,1257000.0,,,edgar,2012-06-01,2026-10-03,2026-10-03,0
CSWC,2012-06-30,1451000.0,,,edgar,2012-08-06,2026-10-03,2026-10-03,0
CSWC,2012-09-30,1344000.0,,,edgar,2012-11-09,2026-10-03,2026-10-03,0
CSWC,2012-12-31,6972000.0,,,edgar,2013-02-07,2026-10-03,2026-10-03,0
CSWC,2013-03-31,1068000.0,,,edgar,2013-05-31,2026-10-03,2026-10-03,0
CTKB,2023-09-30,48000000.0,-6456000.0,,edgar,2023-11-14,2026-10-03,2026-10-03,0
CTKB,2023-12-31,58234000.0,5503000.0,,edgar,2024-03-13,2026-10-03,2026-10-03,0
CTKB,2024-03-31,44860000.0,-6169000.0,,edgar,2024-05-08,2026-10-03,2026-10-03,0
CTKB,2024-06-30,46617000.0,-10434000.0,,edgar,2024-08-06,2026-10-03,2026-10-03,0
CTKB,2024-09-30,51500000.0,941000.0,,edgar,2024-11-07,2026-10-03,2026-10-03,0
CTKB,2024-12-31,57476000.0,9642000.0,,edgar,2025-02-28,2026-10-03,2026-10-03,0
CTKB,2025-03-31,41457000.0,-11402000.0,,edgar,2025-05-08,2026-10-03,2026-10-03,0
CTKB,2025-06-30,45602000.0,-5583000.0,,edgar,2025-08-06,2026-10-03,2026-10-03,0
CTKB,2025-09-30,52293000.0,-5478000.0,,edgar,2025-11-05,2026-10-03,2026-10-03,0
CTKB,2025-12-31,62141000.0,-44076000.0,,edgar,2026-02-26,2026-10-03,2026-10-03,0
CTKB,2026-03-31,44135000.0,-18866000.0,,edgar,2026-05-07,2026-10-03,2026-10-03,0
CTKB,2026-06-30,48140000.0,-12158000.0,,edgar,2026-08-05,2026-10-03,2026-10-03,0
CTNM,2023-06-30,50000000.0,41564000.0,0.84,edgar,2024-08-14,2026-10-03,2026-10-03,0
CTNM,2023-09-30,0.0,-6251000.0,-2.69,edgar,2024-11-06,2026-10-03,2026-10-03,0
CTNM,2024-06-30,0.0,-9009000.0,-0.39,edgar,2024-08-14,2026-10-03,2026-10-03,0
CTNM,2024-09-30,0.0,-10267000.0,-0.4,edgar,2024-11-06,2026-10-03,2026-10-03,0
CTRE,2023-09-30,55877000.0,8696000.0,0.08,edgar,2023-11-09,2026-10-03,2026-10-03,0
CTRE,2023-12-31,59734000.0,26296000.0,0.24,edgar,2024-02-08,2026-10-03,2026-10-03,0
CTRE,2024-03-31,63070000.0,28746000.0,0.22,edgar,2024-05-02,2026-10-03,2026-10-03,0
CTRE,2024-06-30,68891000.0,10758000.0,0.07,edgar,2024-08-02,2026-10-03,2026-10-03,0
CTRE,2024-09-30,77381000.0,33441000.0,0.21,edgar,2024-10-29,2026-10-03,2026-10-03,0
CTRE,2024-12-31,86944000.0,52135000.0,0.30000000000000004,edgar,2025-02-12,2026-10-03,2026-10-03,0
CTRE,2025-03-31,0.0,65802000.0,0.35,edgar,2026-05-07,2026-10-03,2026-10-03,0
CTRE,2025-06-30,0.0,68545000.0,0.35,edgar,2026-08-06,2026-10-03,2026-10-03,0
CTRE,2025-09-30,132444000.0,74901000.0,0.35,edgar,2025-11-05,2026-10-03,2026-10-03,0
CTRE,2025-12-31,134859000.0,111290000.0,0.5200000000000002,edgar,2026-02-12,2026-10-03,2026-10-03,0
CTRE,2026-03-31,3852000.0,80210000.0,0.36,edgar,2026-05-07,2026-10-03,2026-10-03,0
CTRE,2026-06-30,4643000.0,88996000.0,0.38,edgar,2026-08-06,2026-10-03,2026-10-03,0
CTRN,2023-10-28,179520000.0,,-0.47,edgar,2023-12-06,2026-10-03,2026-10-03,0
CTRN,2024-02-03,215179000.0,,0.43000000000000016,edgar,2024-04-18,2026-10-03,2026-10-03,0
CTRN,2024-05-04,186289000.0,-3426000.0,-0.42,edgar,2024-06-12,2026-10-03,2026-10-03,0
CTRN,2024-08-03,176552000.0,-18413000.0,-2.21,edgar,2024-09-11,2026-10-03,2026-10-03,0
CTRN,2024-11-02,179066000.0,-7152000.0,-0.86,edgar,2024-12-11,2026-10-03,2026-10-03,0
CTRN,2025-02-01,211172000.0,-14179000.0,-1.7000000000000006,edgar,2025-04-16,2026-10-03,2026-10-03,0
CTRN,2025-05-03,201728000.0,871000.0,0.11,edgar,2025-06-11,2026-10-03,2026-10-03,0
CTRN,2025-08-02,190750000.0,3818000.0,0.46,edgar,2025-09-10,2026-10-03,2026-10-03,0
CTRN,2025-11-01,197091000.0,-6894000.0,-0.86,edgar,2025-12-10,2026-10-03,2026-10-03,0
CTRN,2026-01-31,230393000.0,7412000.0,0.9199999999999999,edgar,2026-04-15,2026-10-03,2026-10-03,0
CTRN,2026-05-02,230858000.0,7754000.0,0.91,edgar,2026-06-10,2026-10-03,2026-10-03,0
CTRN,2026-08-01,211632000.0,-931000.0,-0.11,edgar,2026-09-09,2026-10-03,2026-10-03,0
CTS,2023-06-30,145182000.0,12897000.0,0.41,edgar,2023-07-25,2026-10-03,2026-10-03,0
CTS,2023-09-30,134552000.0,13971000.0,0.44,edgar,2023-10-26,2026-10-03,2026-10-03,0
CTS,2023-12-31,124694000.0,15320000.0,0.49,edgar,2024-02-23,2026-10-03,2026-10-03,0
CTS,2024-03-31,125750000.0,11119000.0,0.36,edgar,2024-05-01,2026-10-03,2026-10-03,0
CTS,2024-06-30,130162000.0,14707000.0,0.48,edgar,2024-07-30,2026-10-03,2026-10-03,0
CTS,2024-09-30,132384000.0,18084000.0,0.59,edgar,2024-10-29,2026-10-03,2026-10-03,0
CTS,2024-12-31,126460000.0,11562000.0,0.3800000000000001,edgar,2025-02-26,2026-10-03,2026-10-03,0
CTS,2025-03-31,125769000.0,13367000.0,0.44,edgar,2025-04-30,2026-10-03,2026-10-03,0
CTS,2025-06-30,135309000.0,18527000.0,0.62,edgar,2025-07-24,2026-10-03,2026-10-03,0
CTS,2025-09-30,142970000.0,13687000.0,0.46,edgar,2025-10-28,2026-10-03,2026-10-03,0
CTS,2025-12-31,137270000.0,19736000.0,0.6699999999999999,edgar,2026-02-24,2026-10-03,2026-10-03,0
CTS,2026-03-31,139230000.0,17197000.0,0.59,edgar,2026-04-29,2026-10-03,2026-10-03,0
CTVA,2023-09-30,2590000000.0,-321000000.0,-0.45,edgar,2023-11-09,2026-10-03,2026-10-03,0
CTVA,2023-12-31,3707000000.0,-253000000.0,-0.34999999999999987,edgar,2024-02-08,2026-10-03,2026-10-03,0
CTVA,2024-03-31,4492000000.0,419000000.0,0.6,edgar,2024-05-02,2026-10-03,2026-10-03,0
CTVA,2024-06-30,6112000000.0,1053000000.0,1.51,edgar,2024-08-01,2026-10-03,2026-10-03,0
CTVA,2024-09-30,2326000000.0,-524000000.0,-0.76,edgar,2024-11-07,2026-10-03,2026-10-03,0
CTVA,2024-12-31,3978000000.0,-41000000.0,-0.050000000000000044,edgar,2025-02-14,2026-10-03,2026-10-03,0
CTVA,2025-03-31,4417000000.0,652000000.0,0.95,edgar,2025-05-08,2026-10-03,2026-10-03,0
CTVA,2025-06-30,6456000000.0,1314000000.0,1.92,edgar,2025-08-07,2026-10-03,2026-10-03,0
CTVA,2025-09-30,2618000000.0,-320000000.0,-0.47,edgar,2025-11-05,2026-10-03,2026-10-03,0
CTVA,2025-12-31,3910000000.0,-552000000.0,-0.7999999999999998,edgar,2026-02-12,2026-10-03,2026-10-03,0
CTVA,2026-03-31,4905000000.0,720000000.0,1.07,edgar,2026-05-06,2026-10-03,2026-10-03,0
CTVA,2026-06-30,6379000000.0,1161000000.0,1.73,edgar,2026-07-31,2026-10-03,2026-10-03,0
CURR,2023-09-30,12736547.0,-3830445.0,-0.11,edgar,2024-11-19,2026-10-03,2026-10-03,0
CURR,2024-03-31,13104123.0,-3034984.0,-0.09,edgar,2025-05-20,2026-10-03,2026-10-03,0
CURR,2024-09-30,11259716.0,-4961006.0,-0.13,edgar,2024-11-19,2026-10-03,2026-10-03,0
CURR,2025-03-31,10055569.0,-4674358.0,-0.13,edgar,2025-05-20,2026-10-03,2026-10-03,0
CVEO,2023-09-30,183572000.0,9022000.0,0.61,edgar,2023-10-27,2026-10-03,2026-10-03,0
CVEO,2023-12-31,170799000.0,23025000.0,1.5199999999999998,edgar,2024-02-29,2026-10-03,2026-10-03,0
CVEO,2024-03-31,166120000.0,-5133000.0,-0.35,edgar,2024-04-26,2026-10-03,2026-10-03,0
CVEO,2024-06-30,188713000.0,8227000.0,0.56,edgar,2024-07-30,2026-10-03,2026-10-03,0
CVEO,2024-09-30,176338000.0,-5091000.0,-0.36,edgar,2024-10-30,2026-10-03,2026-10-03,0
CVEO,2024-12-31,150951000.0,-15070000.0,-1.04,edgar,2025-02-27,2026-10-03,2026-10-03,0
CVEO,2025-03-31,144044000.0,-9842000.0,-0.72,edgar,2025-04-30,2026-10-03,2026-10-03,0
CVEO,2025-06-30,162694000.0,-3314000.0,-0.25,edgar,2025-07-29,2026-10-03,2026-10-03,0
CVEO,2025-09-30,170491000.0,-455000.0,-0.04,edgar,2025-10-31,2026-10-03,2026-10-03,0
CVEO,2025-12-31,161620000.0,-6460000.0,-0.5800000000000001,edgar,2026-03-03,2026-10-03,2026-10-03,0
CVEO,2026-03-31,172667000.0,-3808000.0,-0.34,edgar,2026-05-01,2026-10-03,2026-10-03,0
CVEO,2026-06-30,180017000.0,-2521000.0,-0.23,edgar,2026-07-30,2026-10-03,2026-10-03,0
CVLT,2023-09-30,200997000.0,13017000.0,0.29,edgar,2023-11-01,2026-10-03,2026-10-03,0
CVLT,2023-12-31,216808000.0,17140000.0,0.38,edgar,2024-01-31,2026-10-03,2026-10-03,0
CVLT,2024-03-31,223292000.0,126120000.0,2.8,edgar,2024-05-13,2026-10-03,2026-10-03,0
CVLT,2024-06-30,224672000.0,18527000.0,0.41,edgar,2024-07-31,2026-10-03,2026-10-03,0
CVLT,2024-09-30,233278000.0,15565000.0,0.35,edgar,2024-10-30,2026-10-03,2026-10-03,0
CVLT,2024-12-31,262630000.0,11021000.0,0.24,edgar,2025-01-29,2026-10-03,2026-10-03,0
CVLT,2025-03-31,275039000.0,30993000.0,0.6799999999999999,edgar,2025-05-05,2026-10-03,2026-10-03,0
CVLT,2025-06-30,281978000.0,23496000.0,0.52,edgar,2025-07-30,2026-10-03,2026-10-03,0
CVLT,2025-09-30,276188000.0,14730000.0,0.33,edgar,2025-10-29,2026-10-03,2026-10-03,0
CVLT,2025-12-31,313832000.0,17782000.0,0.4,edgar,2026-01-28,2026-10-03,2026-10-03,0
CVLT,2026-03-31,311692000.0,14649000.0,0.33000000000000007,edgar,2026-05-11,2026-10-03,2026-10-03,0
CVLT,2026-06-30,314131000.0,21139000.0,0.5,edgar,2026-07-29,2026-10-03,2026-10-03,0
CVX,2023-09-30,51922000000.0,6526000000.0,3.48,edgar,2023-11-02,2026-10-03,2026-10-03,0
CVX,2023-12-31,48933000000.0,2290000000.0,1.2199999999999989,edgar,2024-02-26,2026-10-03,2026-10-03,0
CVX,2024-03-31,46580000000.0,5501000000.0,2.97,edgar,2024-05-02,2026-10-03,2026-10-03,0
CVX,2024-06-30,49574000000.0,4434000000.0,2.43,edgar,2024-08-07,2026-10-03,2026-10-03,0
CVX,2024-09-30,48926000000.0,4487000000.0,2.48,edgar,2024-11-07,2026-10-03,2026-10-03,0
CVX,2024-12-31,48334000000.0,3278000000.0,1.8399999999999999,edgar,2025-02-21,2026-10-03,2026-10-03,0
CVX,2025-03-31,46101000000.0,3500000000.0,2.0,edgar,2025-05-08,2026-10-03,2026-10-03,0
CVX,2025-06-30,44375000000.0,2490000000.0,1.45,edgar,2025-08-07,2026-10-03,2026-10-03,0
CVX,2025-09-30,48169000000.0,3539000000.0,1.82,edgar,2025-11-06,2026-10-03,2026-10-03,0
CVX,2025-12-31,45787000000.0,2771000000.0,1.3600000000000003,edgar,2026-02-24,2026-10-03,2026-10-03,0
CVX,2026-03-31,47556000000.0,2210000000.0,1.11,edgar,2026-05-07,2026-10-03,2026-10-03,0
CVX,2026-06-30,67199000000.0,12072000000.0,6.11,edgar,2026-08-06,2026-10-03,2026-10-03,0
CWT,2023-09-30,253337000.0,34438000.0,0.6,edgar,2023-10-26,2026-10-03,2026-10-03,0
CWT,2023-12-31,197566000.0,30117000.0,0.54,edgar,2024-02-29,2026-10-03,2026-10-03,0
CWT,2024-03-31,154900000.0,69917000.0,1.21,edgar,2024-04-25,2026-10-03,2026-10-03,0
CWT,2024-06-30,226665000.0,40551000.0,0.7,edgar,2024-08-01,2026-10-03,2026-10-03,0
CWT,2024-09-30,306237000.0,60680000.0,1.03,edgar,2024-10-31,2026-10-03,2026-10-03,0
CWT,2024-12-31,217821000.0,19652000.0,0.31000000000000005,edgar,2025-02-27,2026-10-03,2026-10-03,0
CWT,2025-03-31,182701000.0,13331000.0,0.22,edgar,2025-05-01,2026-10-03,2026-10-03,0
CWT,2025-06-30,256216000.0,42168000.0,0.71,edgar,2025-07-31,2026-10-03,2026-10-03,0
CWT,2025-09-30,314096000.0,61230000.0,1.03,edgar,2025-10-30,2026-10-03,2026-10-03,0
CWT,2025-12-31,210682000.0,11071000.0,0.18999999999999995,edgar,2026-02-27,2026-10-03,2026-10-03,0
CWT,2026-03-31,197334000.0,4037000.0,0.07,edgar,2026-04-30,2026-10-03,2026-10-03,0
CWT,2026-06-30,278035000.0,56465000.0,0.93,edgar,2026-07-30,2026-10-03,2026-10-03,0
CXM,2023-10-31,186325000.0,16967000.0,0.06,edgar,2023-12-06,2026-10-03,2026-10-03,0
CXM,2024-01-31,194207000.0,21143000.0,0.06999999999999999,edgar,2024-03-29,2026-10-03,2026-10-03,0
CXM,2024-04-30,195958000.0,10634000.0,0.04,edgar,2024-06-05,2026-10-03,2026-10-03,0
CXM,2024-07-31,197208000.0,1841000.0,0.01,edgar,2024-09-04,2026-10-03,2026-10-03,0
CXM,2024-10-31,200689000.0,10455000.0,0.04,edgar,2024-12-04,2026-10-03,2026-10-03,0
CXM,2025-01-31,202539000.0,98679000.0,0.35,edgar,2025-03-21,2026-10-03,2026-10-03,0
CXM,2025-04-30,205500000.0,-1568000.0,-0.01,edgar,2025-06-05,2026-10-03,2026-10-03,0
CXM,2025-07-31,212040000.0,12615000.0,0.05,edgar,2025-09-04,2026-10-03,2026-10-03,0
CXM,2025-10-31,219068000.0,2904000.0,0.01,edgar,2025-12-04,2026-10-03,2026-10-03,0
CXM,2026-01-31,220592000.0,8954000.0,0.039999999999999994,edgar,2026-03-19,2026-10-03,2026-10-03,0
CXM,2026-04-30,219479000.0,4181000.0,0.02,edgar,2026-06-04,2026-10-03,2026-10-03,0
CXM,2026-07-31,213743000.0,7118000.0,0.03,edgar,2026-09-03,2026-10-03,2026-10-03,0
CXW,2023-09-30,483705000.0,13892000.0,0.12,edgar,2023-11-07,2026-10-03,2026-10-03,0
CXW,2023-12-31,491246000.0,26468000.0,0.22999999999999998,edgar,2024-02-20,2026-10-03,2026-10-03,0
CXW,2024-03-31,500686000.0,9543000.0,0.08,edgar,2024-05-09,2026-10-03,2026-10-03,0
CXW,2024-06-30,490109000.0,18954000.0,0.17,edgar,2024-08-08,2026-10-03,2026-10-03,0
CXW,2024-09-30,491558000.0,21096000.0,0.19,edgar,2024-11-07,2026-10-03,2026-10-03,0
CXW,2024-12-31,479293000.0,19275000.0,0.18,edgar,2025-02-21,2026-10-03,2026-10-03,0
CXW,2025-03-31,488627000.0,25113000.0,0.23,edgar,2025-05-08,2026-10-03,2026-10-03,0
CXW,2025-06-30,538165000.0,38543000.0,0.35,edgar,2025-08-07,2026-10-03,2026-10-03,0
CXW,2025-09-30,580437000.0,26309000.0,0.24,edgar,2025-11-06,2026-10-03,2026-10-03,0
CXW,2025-12-31,603953000.0,26538000.0,0.2600000000000001,edgar,2026-02-20,2026-10-03,2026-10-03,0
CXW,2026-03-31,614729000.0,37916000.0,0.38,edgar,2026-05-07,2026-10-03,2026-10-03,0
CXW,2026-06-30,684917000.0,37138000.0,0.37,edgar,2026-08-06,2026-10-03,2026-10-03,0
CYPH,2020-03-31,375000.0,-7231000.0,-0.55,edgar,2020-05-14,2026-10-03,2026-10-03,0
CYPH,2020-06-30,375000.0,-6516000.0,-0.12,edgar,2020-08-13,2026-10-03,2026-10-03,0
CYPH,2020-09-30,375000.0,-7057000.0,-0.09,edgar,2020-11-12,2026-10-03,2026-10-03,0
CYPH,2020-12-31,375000.0,-6710000.0,0.13,edgar,2021-03-12,2026-10-03,2026-10-03,0
CYPH,2021-03-31,375000.0,-9134000.0,-0.12,edgar,2021-05-14,2026-10-03,2026-10-03,0
CYPH,2021-06-30,375000.0,-9526000.0,-0.12,edgar,2021-08-13,2026-10-03,2026-10-03,0
CYPH,2021-09-30,375000.0,-11139000.0,-0.14,edgar,2021-11-12,2026-10-03,2026-10-03,0
CYPH,2021-12-31,375000.0,-10788000.0,-0.08999999999999997,edgar,2022-03-11,2026-10-03,2026-10-03,0
CZFS,2023-09-30,2597000.0,7548000.0,1.59,edgar,2023-11-08,2026-10-03,2026-10-03,0
CZFS,2023-12-31,2271000.0,7540000.0,1.6800000000000002,edgar,2024-03-07,2026-10-03,2026-10-03,0
CZFS,2024-03-31,2413000.0,7024000.0,1.48,edgar,2024-05-09,2026-10-03,2026-10-03,0
CZFS,2024-06-30,2390000.0,5275000.0,1.1,edgar,2024-08-08,2026-10-03,2026-10-03,0
CZFS,2024-09-30,2510000.0,7536000.0,1.57,edgar,2024-11-07,2026-10-03,2026-10-03,0
CZFS,2024-12-31,2297000.0,7983000.0,1.6399999999999997,edgar,2025-03-06,2026-10-03,2026-10-03,0
CZFS,2025-03-31,2439000.0,7621000.0,1.59,edgar,2025-05-08,2026-10-03,2026-10-03,0
CZFS,2025-06-30,2367000.0,8463000.0,1.76,edgar,2025-08-07,2026-10-03,2026-10-03,0
CZFS,2025-09-30,2771000.0,10005000.0,2.09,edgar,2025-11-06,2026-10-03,2026-10-03,0
CZFS,2025-12-31,2304000.0,10483000.0,2.1800000000000006,edgar,2026-03-12,2026-10-03,2026-10-03,0
CZFS,2026-03-31,2337000.0,10376000.0,2.16,edgar,2026-05-07,2026-10-03,2026-10-03,0
CZFS,2026-06-30,2443000.0,10187000.0,2.12,edgar,2026-08-06,2026-10-03,2026-10-03,0
CZR,2023-09-30,2994000000.0,74000000.0,0.34,edgar,2023-10-31,2026-10-03,2026-10-03,0
CZR,2023-12-31,2825000000.0,-30000000.0,-0.3299999999999996,edgar,2024-02-20,2026-10-03,2026-10-03,0
CZR,2024-03-31,2742000000.0,-158000000.0,-0.73,edgar,2024-04-30,2026-10-03,2026-10-03,0
CZR,2024-06-30,2830000000.0,-122000000.0,-0.56,edgar,2024-07-30,2026-10-03,2026-10-03,0
CZR,2024-09-30,2874000000.0,-9000000.0,-0.04,edgar,2024-10-29,2026-10-03,2026-10-03,0
CZR,2024-12-31,2799000000.0,78000000.0,0.040000000000000036,edgar,2025-02-25,2026-10-03,2026-10-03,0
CZR,2025-03-31,2794000000.0,-115000000.0,-0.54,edgar,2025-04-29,2026-10-03,2026-10-03,0
CZR,2025-06-30,2907000000.0,-82000000.0,-0.39,edgar,2025-07-29,2026-10-03,2026-10-03,0
CZR,2025-09-30,2869000000.0,-55000000.0,-0.27,edgar,2025-10-28,2026-10-03,2026-10-03,0
CZR,2025-12-31,2916000000.0,-185000000.0,-1.2199999999999998,edgar,2026-02-17,2026-10-03,2026-10-03,0
CZR,2026-03-31,2870000000.0,-98000000.0,-0.48,edgar,2026-04-28,2026-10-03,2026-10-03,0
CZR,2026-06-30,2993000000.0,-62000000.0,-0.3,edgar,2026-07-28,2026-10-03,2026-10-03,0
DBRG,2023-09-30,262703000.0,276473000.0,1.51,edgar,2023-11-03,2026-10-03,2026-10-03,0
DBRG,2023-12-31,350310000.0,115267000.0,0.58,edgar,2025-02-21,2026-10-03,2026-10-03,0
DBRG,2024-03-31,74393000.0,-29628000.0,-0.28,edgar,2024-05-03,2026-10-03,2026-10-03,0
DBRG,2024-06-30,390336000.0,91423000.0,0.44,edgar,2024-08-08,2026-10-03,2026-10-03,0
DBRG,2024-09-30,76125000.0,13778000.0,-0.01,edgar,2024-11-01,2026-10-03,2026-10-03,0
DBRG,2024-12-31,66174000.0,71427000.0,-0.07999999999999996,edgar,2025-02-21,2026-10-03,2026-10-03,0
DBRG,2025-03-31,45447000.0,13782000.0,-0.01,edgar,2025-05-01,2026-10-03,2026-10-03,0
DBRG,2025-06-30,-3207000.0,31622000.0,0.1,edgar,2025-08-08,2026-10-03,2026-10-03,0
DBRG,2025-09-30,3818000.0,31414000.0,0.09,edgar,2025-10-31,2026-10-03,2026-10-03,0
DBRG,2025-12-31,47901000.0,-103818000.0,0.28,edgar,2026-02-26,2026-10-03,2026-10-03,0
DBRG,2026-03-31,72236000.0,19965000.0,0.03,edgar,2026-04-28,2026-10-03,2026-10-03,0
DBRG,2026-06-30,508679000.0,227340000.0,1.15,edgar,2026-08-04,2026-10-03,2026-10-03,0
DBX,2023-09-30,633000000.0,114100000.0,0.33,edgar,2023-11-03,2026-10-03,2026-10-03,0
DBX,2023-12-31,635000000.0,227300000.0,0.65,edgar,2024-02-16,2026-10-03,2026-10-03,0
DBX,2024-03-31,631300000.0,132300000.0,0.39,edgar,2024-05-10,2026-10-03,2026-10-03,0
DBX,2024-06-30,634500000.0,110500000.0,0.34,edgar,2024-08-09,2026-10-03,2026-10-03,0
DBX,2024-09-30,638800000.0,106700000.0,0.34,edgar,2024-11-08,2026-10-03,2026-10-03,0
DBX,2024-12-31,643600000.0,102800000.0,0.32999999999999985,edgar,2025-02-21,2026-10-03,2026-10-03,0
DBX,2025-03-31,624700000.0,150300000.0,0.51,edgar,2025-05-09,2026-10-03,2026-10-03,0
DBX,2025-06-30,625700000.0,125600000.0,0.45,edgar,2025-08-08,2026-10-03,2026-10-03,0
DBX,2025-09-30,634400000.0,123800000.0,0.47,edgar,2025-11-07,2026-10-03,2026-10-03,0
DBX,2025-12-31,636200000.0,108700000.0,0.43000000000000016,edgar,2026-02-20,2026-10-03,2026-10-03,0
DBX,2026-03-31,629500000.0,114500000.0,0.48,edgar,2026-05-08,2026-10-03,2026-10-03,0
DBX,2026-06-30,631500000.0,95800000.0,0.42,edgar,2026-08-07,2026-10-03,2026-10-03,0
DCO,2023-09-30,196250000.0,3213000.0,0.22,edgar,2023-11-08,2026-10-03,2026-10-03,0
DCO,2023-12-31,192231000.0,5110000.0,0.32999999999999985,edgar,2024-02-22,2026-10-03,2026-10-03,0
DCO,2024-03-30,191707000.0,6364000.0,0.43,edgar,2024-05-08,2026-10-03,2026-10-03,0
DCO,2024-06-29,196140000.0,-676000.0,-0.05,edgar,2024-08-08,2026-10-03,2026-10-03,0
DCO,2024-09-28,201412000.0,9404000.0,0.63,edgar,2024-11-07,2026-10-03,2026-10-03,0
DCO,2024-12-31,197183000.0,6585000.0,0.44,edgar,2026-05-08,2026-10-03,2026-10-03,0
DCO,2025-03-29,192481000.0,1402000.0,0.09,edgar,2025-05-06,2026-10-03,2026-10-03,0
DCO,2025-06-28,200803000.0,12754000.0,0.84,edgar,2025-08-07,2026-10-03,2026-10-03,0
DCO,2025-09-27,214422000.0,-60827000.0,-4.06,edgar,2025-11-06,2026-10-03,2026-10-03,0
DCO,2025-12-31,217133000.0,9318000.0,0.6,edgar,2026-05-08,2026-10-03,2026-10-03,0
DCO,2026-04-04,209022000.0,9916000.0,0.64,edgar,2026-05-12,2026-10-03,2026-10-03,0
DCO,2026-07-04,224492000.0,20399000.0,1.31,edgar,2026-08-06,2026-10-03,2026-10-03,0
DCOM,2023-09-30,3963000.0,14985000.0,0.34,edgar,2023-11-02,2026-10-03,2026-10-03,0
DCOM,2023-12-31,3804000.0,16314000.0,0.3699999999999999,edgar,2024-02-22,2026-10-03,2026-10-03,0
DCOM,2024-03-31,4544000.0,17691000.0,0.41,edgar,2024-05-02,2026-10-03,2026-10-03,0
DCOM,2024-06-30,3972000.0,18479000.0,0.43,edgar,2024-08-01,2026-10-03,2026-10-03,0
DCOM,2024-09-30,4267000.0,13327000.0,0.29,edgar,2024-11-05,2026-10-03,2026-10-03,0
DCOM,2024-12-31,3942000.0,-20397000.0,-0.5799999999999998,edgar,2025-02-20,2026-10-03,2026-10-03,0
DCOM,2025-03-31,4643000.0,21458000.0,0.45,edgar,2025-05-06,2026-10-03,2026-10-03,0
DCOM,2025-06-30,4642000.0,29697000.0,0.64,edgar,2025-08-05,2026-10-03,2026-10-03,0
DCOM,2025-09-30,5209000.0,27671000.0,0.59,edgar,2025-11-03,2026-10-03,2026-10-03,0
DCOM,2025-12-31,5413000.0,31874000.0,0.6799999999999999,edgar,2026-02-20,2026-10-03,2026-10-03,0
DCOM,2026-03-31,5730000.0,34582000.0,0.75,edgar,2026-05-01,2026-10-03,2026-10-03,0
DCOM,2026-06-30,6483000.0,34814000.0,0.75,edgar,2026-07-31,2026-10-03,2026-10-03,0
DCTH,2023-09-30,434000.0,-20340000.0,-1.14,edgar,2023-11-13,2026-10-03,2026-10-03,0
DCTH,2023-12-31,539000.0,-11136000.0,-0.4500000000000002,edgar,2024-03-26,2026-10-03,2026-10-03,0
DCTH,2024-03-31,3139000.0,-11111000.0,-0.45,edgar,2024-05-14,2026-10-03,2026-10-03,0
DCTH,2024-06-30,7766000.0,-13741000.0,-0.48,edgar,2024-08-05,2026-10-03,2026-10-03,0
DCTH,2024-09-30,11200000.0,1864000.0,0.06,edgar,2024-11-08,2026-10-03,2026-10-03,0
DCTH,2024-12-31,15100000.0,-3398000.0,-0.06000000000000005,edgar,2025-03-06,2026-10-03,2026-10-03,0
DCTH,2025-03-31,19784000.0,1069000.0,0.03,edgar,2025-05-08,2026-10-03,2026-10-03,0
DCTH,2025-06-30,24156000.0,2697000.0,0.07,edgar,2025-08-06,2026-10-03,2026-10-03,0
DCTH,2025-09-30,20563000.0,830000.0,0.02,edgar,2025-11-04,2026-10-03,2026-10-03,0
DCTH,2025-12-31,20728000.0,-1896000.0,-0.05,edgar,2026-02-26,2026-10-03,2026-10-03,0
DCTH,2026-03-31,24994000.0,-1070000.0,-0.03,edgar,2026-05-07,2026-10-03,2026-10-03,0
DCTH,2026-06-30,29133000.0,2668000.0,0.07,edgar,2026-08-06,2026-10-03,2026-10-03,0
DDD,2023-09-30,123791000.0,-11704000.0,-0.09,edgar,2023-11-09,2026-10-03,2026-10-03,0
DDD,2023-12-31,114848000.0,-292680000.0,-2.25,edgar,2024-08-13,2026-10-03,2026-10-03,0
DDD,2024-03-31,102905000.0,-16001000.0,-0.12,edgar,2024-08-20,2026-10-03,2026-10-03,0
DDD,2024-06-30,113252000.0,-27258000.0,-0.21,edgar,2024-08-29,2026-10-03,2026-10-03,0
DDD,2024-09-30,112940000.0,-178627000.0,-1.35,edgar,2024-11-26,2026-10-03,2026-10-03,0
DDD,2024-12-31,111024000.0,-35014000.0,-0.2599999999999998,edgar,2025-03-27,2026-10-03,2026-10-03,0
DDD,2025-03-31,94540000.0,-36986000.0,-0.28,edgar,2025-05-12,2026-10-03,2026-10-03,0
DDD,2025-06-30,94838000.0,104436000.0,0.57,edgar,2025-08-11,2026-10-03,2026-10-03,0
DDD,2025-09-30,91249000.0,-18053000.0,-0.14,edgar,2025-11-04,2026-10-03,2026-10-03,0
DDD,2025-12-31,106275000.0,-19497000.0,0.04000000000000009,edgar,2026-03-09,2026-10-03,2026-10-03,0
DDD,2026-03-31,95538000.0,-4424000.0,-0.03,edgar,2026-05-11,2026-10-03,2026-10-03,0
DDD,2026-06-30,94579000.0,-12861000.0,-0.09,edgar,2026-08-03,2026-10-03,2026-10-03,0
DDI,2021-06-30,93228000.0,18422000.0,8.32,edgar,2022-09-07,2026-10-03,2026-10-03,0
DDI,2022-03-31,85486000.0,18495000.0,7.46,edgar,2023-05-19,2026-10-03,2026-10-03,0
DDI,2022-06-30,80570000.0,-34056000.0,-13.75,edgar,2022-09-07,2026-10-03,2026-10-03,0
DDI,2022-09-30,78801000.0,-23999000.0,-9.69,edgar,2023-11-08,2026-10-03,2026-10-03,0
DDI,2022-12-31,76170000.0,-194418000.0,-78.45,edgar,2023-03-31,2026-10-03,2026-10-03,0
DDI,2023-03-31,77596000.0,23672000.0,9.55,edgar,2023-05-19,2026-10-03,2026-10-03,0
DDI,2023-06-30,75187000.0,24357000.0,9.83,edgar,2023-08-08,2026-10-03,2026-10-03,0
DDI,2023-09-30,72983000.0,26930000.0,10.87,edgar,2023-11-08,2026-10-03,2026-10-03,0
DDI,2023-12-31,83098000.0,25926000.0,10.469999999999999,edgar,2024-03-28,2026-10-03,2026-10-03,0
DDI,2024-03-31,88143000.0,30308000.0,12.23,edgar,2024-05-08,2026-10-03,2026-10-03,0
DDI,2024-06-30,88236000.0,33177000.0,13.39,edgar,2024-08-12,2026-10-03,2026-10-03,0
DDI,2024-09-30,82981000.0,25042000.0,10.11,edgar,2024-11-12,2026-10-03,2026-10-03,0
DDS,2023-10-28,1476362000.0,155339000.0,9.49,edgar,2023-12-07,2026-10-03,2026-10-03,0
DDS,2024-02-03,2124366000.0,250502000.0,15.409999999999997,edgar,2024-03-29,2026-10-03,2026-10-03,0
DDS,2024-05-04,1549051000.0,180038000.0,11.09,edgar,2024-06-07,2026-10-03,2026-10-03,0
DDS,2024-08-03,1489938000.0,74483000.0,4.59,edgar,2024-09-06,2026-10-03,2026-10-03,0
DDS,2024-11-02,1427009000.0,124596000.0,7.73,edgar,2024-12-06,2026-10-03,2026-10-03,0
DDS,2025-02-01,2016638000.0,214359000.0,13.41,edgar,2025-03-28,2026-10-03,2026-10-03,0
DDS,2025-05-03,1528863000.0,163817000.0,10.39,edgar,2025-06-06,2026-10-03,2026-10-03,0
DDS,2025-08-02,1513830000.0,72835000.0,4.66,edgar,2025-09-05,2026-10-03,2026-10-03,0
DDS,2025-11-01,1468768000.0,129810000.0,8.31,edgar,2025-12-05,2026-10-03,2026-10-03,0
DDS,2026-01-31,1962162000.0,203725000.0,13.060000000000002,edgar,2026-03-27,2026-10-03,2026-10-03,0
DDS,2026-05-02,1568427000.0,250553000.0,16.04,edgar,2026-06-05,2026-10-03,2026-10-03,0
DDS,2026-08-01,1507562000.0,97687000.0,6.25,edgar,2026-09-04,2026-10-03,2026-10-03,0
DE,2023-10-29,15411000000.0,2369000000.0,8.230000000000004,edgar,2023-12-15,2026-10-03,2026-10-03,0
DE,2024-01-28,12185000000.0,1751000000.0,6.23,edgar,2024-02-29,2026-10-03,2026-10-03,0
DE,2024-04-28,15235000000.0,2370000000.0,8.53,edgar,2024-05-30,2026-10-03,2026-10-03,0
DE,2024-07-28,13152000000.0,1734000000.0,6.29,edgar,2024-08-29,2026-10-03,2026-10-03,0
DE,2024-10-27,11144000000.0,1245000000.0,4.57,edgar,2024-12-12,2026-10-03,2026-10-03,0
DE,2025-01-26,8508000000.0,869000000.0,3.19,edgar,2025-02-27,2026-10-03,2026-10-03,0
DE,2025-04-27,12763000000.0,1804000000.0,6.64,edgar,2025-05-29,2026-10-03,2026-10-03,0
DE,2025-07-27,12018000000.0,1289000000.0,4.75,edgar,2025-08-28,2026-10-03,2026-10-03,0
DE,2025-11-02,12395000000.0,1065000000.0,3.92,edgar,2025-12-18,2026-10-03,2026-10-03,0
DE,2026-02-01,9611000000.0,656000000.0,2.42,edgar,2026-02-26,2026-10-03,2026-10-03,0
DE,2026-05-03,13369000000.0,1773000000.0,6.55,edgar,2026-05-28,2026-10-03,2026-10-03,0
DE,2026-08-02,12608000000.0,1379000000.0,5.1,edgar,2026-08-27,2026-10-03,2026-10-03,0
DELL,2023-11-03,22251000000.0,1052000000.0,1.42,edgar,2023-12-08,2026-10-03,2026-10-03,0
DELL,2024-02-02,22318000000.0,1210000000.0,1.66,edgar,2025-03-25,2026-10-03,2026-10-03,0
DELL,2024-05-03,22244000000.0,997000000.0,1.37,edgar,2024-06-11,2026-10-03,2026-10-03,0
DELL,2024-08-02,25026000000.0,887000000.0,1.23,edgar,2024-09-10,2026-10-03,2026-10-03,0
DELL,2024-11-01,24366000000.0,1175000000.0,1.64,edgar,2024-12-10,2026-10-03,2026-10-03,0
DELL,2025-01-31,23931000000.0,1533000000.0,2.15,edgar,2025-03-25,2026-10-03,2026-10-03,0
DELL,2025-05-02,23378000000.0,965000000.0,1.37,edgar,2025-06-10,2026-10-03,2026-10-03,0
DELL,2025-08-01,29776000000.0,1164000000.0,1.7,edgar,2025-09-08,2026-10-03,2026-10-03,0
DELL,2025-10-31,27005000000.0,1548000000.0,2.28,edgar,2025-12-09,2026-10-03,2026-10-03,0
DELL,2026-01-30,33379000000.0,2259000000.0,3.33,edgar,2026-03-16,2026-10-03,2026-10-03,0
DELL,2026-05-01,43842000000.0,3438000000.0,5.24,edgar,2026-06-09,2026-10-03,2026-10-03,0
DELL,2026-07-31,46971000000.0,4133000000.0,6.34,edgar,2026-09-08,2026-10-03,2026-10-03,0
DG,2023-11-03,9694082000.0,276246000.0,1.26,edgar,2023-12-07,2026-10-03,2026-10-03,0
DG,2024-02-02,9858514000.0,401813000.0,1.8200000000000003,edgar,2024-03-25,2026-10-03,2026-10-03,0
DG,2024-05-03,9914021000.0,363317000.0,1.65,edgar,2024-05-30,2026-10-03,2026-10-03,0
DG,2024-08-02,10210361000.0,374190000.0,1.7,edgar,2024-08-29,2026-10-03,2026-10-03,0
DG,2024-11-01,10183428000.0,196529000.0,0.89,edgar,2024-12-05,2026-10-03,2026-10-03,0
DG,2025-01-31,10304498000.0,191217000.0,0.8700000000000001,edgar,2025-03-21,2026-10-03,2026-10-03,0
DG,2025-05-02,10435979000.0,391928000.0,1.78,edgar,2025-06-03,2026-10-03,2026-10-03,0
DG,2025-08-01,10727737000.0,411426000.0,1.86,edgar,2025-08-28,2026-10-03,2026-10-03,0
DG,2025-10-31,10649450000.0,282657000.0,1.28,edgar,2025-12-04,2026-10-03,2026-10-03,0
DG,2026-01-30,10911203000.0,426300000.0,1.9299999999999997,edgar,2026-03-20,2026-10-03,2026-10-03,0
DG,2026-05-01,10786965000.0,444127000.0,2.0,edgar,2026-06-02,2026-10-03,2026-10-03,0
DG,2026-07-31,11290380000.0,550315000.0,2.48,edgar,2026-08-27,2026-10-03,2026-10-03,0
DGICB,2023-09-30,233928250.0,-805301.0,,edgar,2023-11-03,2026-10-03,2026-10-03,0
DGICB,2023-12-31,239468044.0,-1970214.0,,edgar,2024-03-06,2026-10-03,2026-10-03,0
DGICB,2024-03-31,241140869.0,5955551.0,,edgar,2024-05-03,2026-10-03,2026-10-03,0
DGICB,2024-06-30,246772546.0,4152777.0,,edgar,2024-08-07,2026-10-03,2026-10-03,0
DGICB,2024-09-30,251737545.0,16751530.0,,edgar,2024-11-06,2026-10-03,2026-10-03,0
DGICB,2024-12-31,249954090.0,24002394.0,,edgar,2025-03-10,2026-10-03,2026-10-03,0
DGICB,2025-03-31,245173624.0,25205174.0,,edgar,2025-05-06,2026-10-03,2026-10-03,0
DGICB,2025-06-30,247148017.0,16866120.0,,edgar,2025-08-05,2026-10-03,2026-10-03,0
DGICB,2025-09-30,245919118.0,20080214.0,,edgar,2025-11-04,2026-10-03,2026-10-03,0
DGICB,2025-12-31,239773563.0,17189232.0,,edgar,2026-03-06,2026-10-03,2026-10-03,0
DGICB,2026-03-31,235996234.0,11510604.0,,edgar,2026-05-07,2026-10-03,2026-10-03,0
DGICB,2026-06-30,241119053.0,22305749.0,,edgar,2026-08-04,2026-10-03,2026-10-03,0
DGXX,2025-03-31,9276587.0,-1633261.0,-0.05,edgar,2026-05-15,2026-10-03,2026-10-03,0
DGXX,2025-06-30,8111451.0,-9704563.0,-0.26,edgar,2026-08-14,2026-10-03,2026-10-03,0
DGXX,2026-03-31,6791346.0,-4652345.0,-0.07,edgar,2026-05-15,2026-10-03,2026-10-03,0
DGXX,2026-06-30,6628607.0,-14360509.0,-0.17,edgar,2026-08-14,2026-10-03,2026-10-03,0
DHC,2023-09-30,356524000.0,-65779000.0,-0.28,edgar,2023-11-01,2026-10-03,2026-10-03,0
DHC,2023-12-31,361535000.0,-102564000.0,-0.42999999999999994,edgar,2024-02-26,2026-10-03,2026-10-03,0
DHC,2024-03-31,370776000.0,-86259000.0,-0.36,edgar,2024-05-06,2026-10-03,2026-10-03,0
DHC,2024-06-30,371392000.0,-97861000.0,-0.41,edgar,2024-08-01,2026-10-03,2026-10-03,0
DHC,2024-09-30,373640000.0,-98689000.0,-0.41,edgar,2024-11-04,2026-10-03,2026-10-03,0
DHC,2024-12-31,379619000.0,-87446000.0,-0.3700000000000001,edgar,2025-02-25,2026-10-03,2026-10-03,0
DHC,2025-03-31,386864000.0,-8986000.0,-0.04,edgar,2025-05-05,2026-10-03,2026-10-03,0
DHC,2025-06-30,382712000.0,-91639000.0,-0.38,edgar,2025-08-04,2026-10-03,2026-10-03,0
DHC,2025-09-30,388706000.0,-164040000.0,-0.68,edgar,2025-11-03,2026-10-03,2026-10-03,0
DHC,2025-12-31,379571000.0,-21221000.0,-0.08999999999999986,edgar,2026-02-24,2026-10-03,2026-10-03,0
DHC,2026-03-31,366471000.0,-43275000.0,-0.18,edgar,2026-05-04,2026-10-03,2026-10-03,0
DHC,2026-06-30,365387000.0,-37419000.0,-0.16,edgar,2026-08-03,2026-10-03,2026-10-03,0
DHCNI,2023-09-30,356524000.0,-65779000.0,-0.28,edgar,2023-11-01,2026-10-03,2026-10-03,0
DHCNI,2023-12-31,361535000.0,-102564000.0,-0.42999999999999994,edgar,2024-02-26,2026-10-03,2026-10-03,0
DHCNI,2024-03-31,370776000.0,-86259000.0,-0.36,edgar,2024-05-06,2026-10-03,2026-10-03,0
DHCNI,2024-06-30,371392000.0,-97861000.0,-0.41,edgar,2024-08-01,2026-10-03,2026-10-03,0
DHCNI,2024-09-30,373640000.0,-98689000.0,-0.41,edgar,2024-11-04,2026-10-03,2026-10-03,0
DHCNI,2024-12-31,379619000.0,-87446000.0,-0.3700000000000001,edgar,2025-02-25,2026-10-03,2026-10-03,0
DHCNI,2025-03-31,386864000.0,-8986000.0,-0.04,edgar,2025-05-05,2026-10-03,2026-10-03,0
DHCNI,2025-06-30,382712000.0,-91639000.0,-0.38,edgar,2025-08-04,2026-10-03,2026-10-03,0
DHCNI,2025-09-30,388706000.0,-164040000.0,-0.68,edgar,2025-11-03,2026-10-03,2026-10-03,0
DHCNI,2025-12-31,379571000.0,-21221000.0,-0.08999999999999986,edgar,2026-02-24,2026-10-03,2026-10-03,0
DHCNI,2026-03-31,366471000.0,-43275000.0,-0.18,edgar,2026-05-04,2026-10-03,2026-10-03,0
DHCNI,2026-06-30,365387000.0,-37419000.0,-0.16,edgar,2026-08-03,2026-10-03,2026-10-03,0
DHR,2023-09-29,5624000000.0,1129000000.0,1.51,edgar,2023-10-24,2026-10-03,2026-10-03,0
DHR,2023-12-31,6405000000.0,1079000000.0,1.45,edgar,2024-02-21,2026-10-03,2026-10-03,0
DHR,2024-03-29,5796000000.0,1088000000.0,1.45,edgar,2024-04-23,2026-10-03,2026-10-03,0
DHR,2024-06-28,5743000000.0,907000000.0,1.22,edgar,2024-07-23,2026-10-03,2026-10-03,0
DHR,2024-09-27,5798000000.0,818000000.0,1.12,edgar,2024-10-22,2026-10-03,2026-10-03,0
DHR,2024-12-31,6538000000.0,1086000000.0,1.5,edgar,2025-02-20,2026-10-03,2026-10-03,0
DHR,2025-03-28,5741000000.0,954000000.0,1.32,edgar,2025-04-22,2026-10-03,2026-10-03,0
DHR,2025-06-27,5936000000.0,555000000.0,0.77,edgar,2025-07-22,2026-10-03,2026-10-03,0
DHR,2025-09-26,6053000000.0,908000000.0,1.27,edgar,2025-10-21,2026-10-03,2026-10-03,0
DHR,2025-12-31,6838000000.0,1197000000.0,1.6899999999999995,edgar,2026-02-24,2026-10-03,2026-10-03,0
DHR,2026-03-27,5951000000.0,1029000000.0,1.45,edgar,2026-04-21,2026-10-03,2026-10-03,0
DHR,2026-06-26,6265000000.0,870000000.0,1.23,edgar,2026-07-21,2026-10-03,2026-10-03,0
DINO,2023-09-30,8905471000.0,790922000.0,4.23,edgar,2023-11-02,2026-10-03,2026-10-03,0
DINO,2023-12-31,7659741000.0,-61849000.0,-0.3500000000000014,edgar,2024-02-21,2026-10-03,2026-10-03,0
DINO,2024-03-31,7027000000.0,315000000.0,1.57,edgar,2024-05-08,2026-10-03,2026-10-03,0
DINO,2024-06-30,7846000000.0,152000000.0,0.79,edgar,2024-08-01,2026-10-03,2026-10-03,0
DINO,2024-09-30,7207000000.0,-76000000.0,-0.4,edgar,2024-10-31,2026-10-03,2026-10-03,0
DINO,2024-12-31,28580000000.0,-214000000.0,-1.0499999999999998,edgar,2026-02-27,2026-10-03,2026-10-03,0
DINO,2025-03-31,6370000000.0,-4000000.0,-0.02,edgar,2025-05-01,2026-10-03,2026-10-03,0
DINO,2025-06-30,6784000000.0,208000000.0,1.1,edgar,2025-07-31,2026-10-03,2026-10-03,0
DINO,2025-09-30,7251000000.0,403000000.0,2.15,edgar,2025-10-30,2026-10-03,2026-10-03,0
DINO,2025-12-31,6464000000.0,-28000000.0,-0.1499999999999999,edgar,2026-02-27,2026-10-03,2026-10-03,0
DINO,2026-03-31,7123000000.0,648000000.0,3.56,edgar,2026-05-01,2026-10-03,2026-10-03,0
DINO,2026-06-30,10390000000.0,892000000.0,4.93,edgar,2026-07-30,2026-10-03,2026-10-03,0
DIOD,2023-09-30,404647000.0,48720000.0,1.05,edgar,2023-11-08,2026-10-03,2026-10-03,0
DIOD,2023-12-31,322699000.0,25292000.0,0.5499999999999998,edgar,2024-02-09,2026-10-03,2026-10-03,0
DIOD,2024-03-31,301972000.0,14038000.0,0.3,edgar,2024-05-09,2026-10-03,2026-10-03,0
DIOD,2024-06-30,319771000.0,8000000.0,0.17,edgar,2024-08-08,2026-10-03,2026-10-03,0
DIOD,2024-09-30,350079000.0,13745000.0,0.3,edgar,2024-11-07,2026-10-03,2026-10-03,0
DIOD,2024-12-31,339298000.0,8241000.0,0.17999999999999994,edgar,2025-02-14,2026-10-03,2026-10-03,0
DIOD,2025-03-31,332113000.0,-4437000.0,-0.1,edgar,2025-05-08,2026-10-03,2026-10-03,0
DIOD,2025-06-30,366212000.0,46098000.0,0.99,edgar,2025-08-07,2026-10-03,2026-10-03,0
DIOD,2025-09-30,392170000.0,14278000.0,0.31,edgar,2025-11-06,2026-10-03,2026-10-03,0
DIOD,2025-12-31,391578000.0,10202000.0,0.22999999999999998,edgar,2026-02-10,2026-10-03,2026-10-03,0
DIOD,2026-03-31,405467000.0,14961000.0,0.32,edgar,2026-05-07,2026-10-03,2026-10-03,0
DIOD,2026-06-30,445529000.0,46649000.0,1.0,edgar,2026-08-05,2026-10-03,2026-10-03,0
DJCO,2023-09-30,21550000.0,-6485000.0,-4.709999999999999,edgar,2023-12-28,2026-10-03,2026-10-03,0
DJCO,2023-12-31,15993000.0,12615000.0,9.16,edgar,2024-02-15,2026-10-03,2026-10-03,0
DJCO,2024-03-31,16571000.0,15415000.0,11.19,edgar,2024-05-15,2026-10-03,2026-10-03,0
DJCO,2024-06-30,17494000.0,23355000.0,16.96,edgar,2024-08-14,2026-10-03,2026-10-03,0
DJCO,2024-09-30,19873000.0,26728000.0,19.419999999999995,edgar,2024-12-31,2026-10-03,2026-10-03,0
DJCO,2024-12-31,17704000.0,10895000.0,7.91,edgar,2025-02-19,2026-10-03,2026-10-03,0
DJCO,2025-03-31,18176000.0,44670000.0,32.43,edgar,2025-05-20,2026-10-03,2026-10-03,0
DJCO,2025-06-30,23406000.0,14421000.0,10.47,edgar,2025-08-14,2026-10-03,2026-10-03,0
DJCO,2025-09-30,28414000.0,42151000.0,30.599999999999994,edgar,2025-12-29,2026-10-03,2026-10-03,0
DJCO,2025-12-31,19538000.0,-7977000.0,-5.79,edgar,2026-02-17,2026-10-03,2026-10-03,0
DJCO,2026-03-31,22717000.0,-34640000.0,-25.14,edgar,2026-05-14,2026-10-03,2026-10-03,0
DJCO,2026-06-30,26976000.0,-10889000.0,-7.9,edgar,2026-08-12,2026-10-03,2026-10-03,0
DK,2023-09-30,4628800000.0,128700000.0,1.97,edgar,2023-11-08,2026-10-03,2026-10-03,0
DK,2023-12-31,3942100000.0,-164900000.0,-2.49,edgar,2025-02-26,2026-10-03,2026-10-03,0
DK,2024-03-31,3128000000.0,-32600000.0,-0.51,edgar,2024-05-08,2026-10-03,2026-10-03,0
DK,2024-06-30,3308100000.0,-37200000.0,-0.58,edgar,2024-08-07,2026-10-03,2026-10-03,0
DK,2024-09-30,3042400000.0,-76800000.0,-1.2,edgar,2024-11-07,2026-10-03,2026-10-03,0
DK,2024-12-31,2373700000.0,-413800000.0,-6.4799999999999995,edgar,2025-02-26,2026-10-03,2026-10-03,0
DK,2025-03-31,2641900000.0,-172700000.0,-2.78,edgar,2025-05-07,2026-10-03,2026-10-03,0
DK,2025-06-30,2764600000.0,-106400000.0,-1.76,edgar,2025-08-06,2026-10-03,2026-10-03,0
DK,2025-09-30,2887000000.0,178000000.0,2.93,edgar,2025-11-07,2026-10-03,2026-10-03,0
DK,2025-12-31,2429400000.0,78300000.0,1.2299999999999995,edgar,2026-02-27,2026-10-03,2026-10-03,0
DK,2026-03-31,2653100000.0,-201300000.0,-3.34,edgar,2026-04-29,2026-10-03,2026-10-03,0
DK,2026-06-30,4087000000.0,169500000.0,2.71,edgar,2026-08-05,2026-10-03,2026-10-03,0
DKL,2023-09-30,275824000.0,,,edgar,2023-11-08,2026-10-03,2026-10-03,0
DKL,2023-12-31,254149000.0,,,edgar,2024-02-28,2026-10-03,2026-10-03,0
DKL,2024-03-31,252075000.0,32648000.0,,edgar,2024-05-08,2026-10-03,2026-10-03,0
DKL,2024-06-30,264628000.0,,,edgar,2024-08-07,2026-10-03,2026-10-03,0
DKL,2024-09-30,214070000.0,,,edgar,2024-11-07,2026-10-03,2026-10-03,0
DKL,2024-12-31,209863000.0,,,edgar,2025-02-26,2026-10-03,2026-10-03,0
DKL,2025-03-31,249930000.0,39034000.0,,edgar,2025-05-07,2026-10-03,2026-10-03,0
DKL,2025-06-30,246350000.0,,,edgar,2025-08-06,2026-10-03,2026-10-03,0
DKL,2025-09-30,261277000.0,,,edgar,2025-11-07,2026-10-03,2026-10-03,0
DKL,2025-12-31,255766000.0,,,edgar,2026-02-27,2026-10-03,2026-10-03,0
DKL,2026-03-31,297466000.0,32352000.0,,edgar,2026-04-29,2026-10-03,2026-10-03,0
DKL,2026-06-30,384760000.0,,,edgar,2026-08-05,2026-10-03,2026-10-03,0
DLR,2023-06-30,1366267000.0,118184000.0,0.34,edgar,2023-08-04,2026-10-03,2026-10-03,0
DLR,2023-09-30,1402432000.0,733618000.0,2.31,edgar,2023-11-09,2026-10-03,2026-10-03,0
DLR,2023-12-31,1369639000.0,29784000.0,0.029999999999999805,edgar,2024-02-23,2026-10-03,2026-10-03,0
DLR,2024-03-31,1331143000.0,281508000.0,0.82,edgar,2024-05-03,2026-10-03,2026-10-03,0
DLR,2024-06-30,1356749000.0,80220000.0,0.2,edgar,2024-08-02,2026-10-03,2026-10-03,0
DLR,2024-09-30,1431214000.0,51193000.0,0.09,edgar,2024-11-01,2026-10-03,2026-10-03,0
DLR,2024-12-31,1435862000.0,175406000.0,0.5000000000000002,edgar,2025-02-25,2026-10-03,2026-10-03,0
DLR,2025-03-31,1407637000.0,109974000.0,0.27,edgar,2025-05-01,2026-10-03,2026-10-03,0
DLR,2025-06-30,1493150000.0,1032156000.0,2.94,edgar,2025-08-01,2026-10-03,2026-10-03,0
DLR,2025-09-30,1577234000.0,67812000.0,0.15,edgar,2025-10-31,2026-10-03,2026-10-03,0
DLR,2025-12-31,1634671000.0,103223000.0,0.2200000000000002,edgar,2026-02-13,2026-10-03,2026-10-03,0
DLR,2026-03-31,1635173000.0,179274000.0,0.46,edgar,2026-05-01,2026-10-03,2026-10-03,0
DLTR,2023-10-28,4003800000.0,212000000.0,0.97,edgar,2023-11-29,2026-10-03,2026-10-03,0
DLTR,2024-02-03,4961400000.0,-1709800000.0,-7.83,edgar,2025-03-26,2026-10-03,2026-10-03,0
DLTR,2024-05-04,4165600000.0,300100000.0,1.38,edgar,2024-06-05,2026-10-03,2026-10-03,0
DLTR,2024-08-03,4065500000.0,132400000.0,0.62,edgar,2024-09-04,2026-10-03,2026-10-03,0
DLTR,2024-11-02,4338000000.0,233300000.0,1.08,edgar,2024-12-04,2026-10-03,2026-10-03,0
DLTR,2025-02-01,4996700000.0,-3695900000.0,-17.17,edgar,2025-03-26,2026-10-03,2026-10-03,0
DLTR,2025-05-03,4636500000.0,343400000.0,1.61,edgar,2025-06-04,2026-10-03,2026-10-03,0
DLTR,2025-08-02,4566800000.0,188400000.0,0.91,edgar,2025-09-03,2026-10-03,2026-10-03,0
DLTR,2025-11-01,4746300000.0,244600000.0,1.2,edgar,2025-12-03,2026-10-03,2026-10-03,0
DLTR,2026-01-31,5446100000.0,506100000.0,2.4999999999999996,edgar,2026-03-16,2026-10-03,2026-10-03,0
DLTR,2026-05-02,4970500000.0,347300000.0,1.76,edgar,2026-05-28,2026-10-03,2026-10-03,0
DLTR,2026-08-01,4886500000.0,514500000.0,2.7,edgar,2026-08-27,2026-10-03,2026-10-03,0
DMAC,2018-09-30,500000.0,-1387000.0,-0.18,edgar,2019-11-13,2026-10-03,2026-10-03,0
DMLP,2023-09-30,42594000.0,29463000.0,0.73,edgar,2023-11-02,2026-10-03,2026-10-03,0
DMLP,2023-12-31,50419000.0,36780000.0,0.9100000000000001,edgar,2024-02-22,2026-10-03,2026-10-03,0
DMLP,2024-03-31,30979000.0,18167000.0,0.44,edgar,2024-05-02,2026-10-03,2026-10-03,0
DMLP,2024-06-30,37360000.0,23628000.0,0.57,edgar,2024-08-01,2026-10-03,2026-10-03,0
DMLP,2024-09-30,53472000.0,36413000.0,0.87,edgar,2024-10-31,2026-10-03,2026-10-03,0
DMLP,2024-12-31,39712000.0,14241000.0,0.25,edgar,2025-02-20,2026-10-03,2026-10-03,0
DMLP,2025-03-31,43164000.0,17642000.0,0.36,edgar,2025-05-08,2026-10-03,2026-10-03,0
DMLP,2025-06-30,32395000.0,12347000.0,0.25,edgar,2025-08-07,2026-10-03,2026-10-03,0
DMLP,2025-09-30,35416000.0,11173000.0,0.23,edgar,2025-11-06,2026-10-03,2026-10-03,0
DMLP,2025-12-31,41857000.0,16190000.0,0.31999999999999995,edgar,2026-02-24,2026-10-03,2026-10-03,0
DMLP,2026-03-31,58875000.0,29137000.0,0.59,edgar,2026-05-06,2026-10-03,2026-10-03,0
DMLP,2026-06-30,56075000.0,30871000.0,0.62,edgar,2026-08-06,2026-10-03,2026-10-03,0
DNA,2023-09-30,55430000.0,-302891000.0,-6.21,edgar,2023-11-08,2026-10-03,2026-10-03,0
DNA,2023-12-31,34755000.0,680282000.0,-11.96,edgar,2024-02-29,2026-10-03,2026-10-03,0
DNA,2024-03-31,37944000.0,-165911000.0,-3.32,edgar,2024-05-09,2026-10-03,2026-10-03,0
DNA,2024-06-30,56206000.0,-217181000.0,-4.23,edgar,2024-08-08,2026-10-03,2026-10-03,0
DNA,2024-09-30,89046000.0,-56403000.0,-1.08,edgar,2024-11-12,2026-10-03,2026-10-03,0
DNA,2024-12-31,43847000.0,,-1.9099999999999984,edgar,2025-02-25,2026-10-03,2026-10-03,0
DNA,2025-03-31,38230000.0,-90957000.0,-1.68,edgar,2025-05-06,2026-10-03,2026-10-03,0
DNA,2025-06-30,39134000.0,-60300000.0,-1.1,edgar,2025-08-07,2026-10-03,2026-10-03,0
DNA,2025-09-30,38837000.0,-80755000.0,-1.45,edgar,2025-11-06,2026-10-03,2026-10-03,0
DNA,2025-12-31,53954000.0,231699000.0,-1.4099999999999993,edgar,2026-02-26,2026-10-03,2026-10-03,0
DNA,2026-03-31,19474000.0,-82587000.0,-1.39,edgar,2026-05-07,2026-10-03,2026-10-03,0
DNA,2026-06-30,20156000.0,-46710000.0,-0.75,edgar,2026-08-06,2026-10-03,2026-10-03,0
DNOW,2023-09-30,588000000.0,35000000.0,0.32,edgar,2023-11-02,2026-10-03,2026-10-03,0
DNOW,2023-12-31,555000000.0,-99999750.0,1.3599999999999999,edgar,2024-02-15,2026-10-03,2026-10-03,0
DNOW,2024-03-31,563000000.0,21000000.0,0.19,edgar,2024-05-10,2026-10-03,2026-10-03,0
DNOW,2024-06-30,633000000.0,24000000.0,0.21,edgar,2024-08-07,2026-10-03,2026-10-03,0
DNOW,2024-09-30,606000000.0,13000000.0,0.12,edgar,2024-11-07,2026-10-03,2026-10-03,0
DNOW,2024-12-31,571000000.0,-57999922.0,0.18999999999999995,edgar,2025-02-18,2026-10-03,2026-10-03,0
DNOW,2025-03-31,599000000.0,21000000.0,0.19,edgar,2025-05-07,2026-10-03,2026-10-03,0
DNOW,2025-06-30,628000000.0,14000000.0,0.13,edgar,2025-08-06,2026-10-03,2026-10-03,0
DNOW,2025-09-30,634000000.0,25000000.0,0.23,edgar,2025-11-05,2026-10-03,2026-10-03,0
DNOW,2025-12-31,959000000.0,-60000089.0,-1.31,edgar,2026-02-26,2026-10-03,2026-10-03,0
DNOW,2026-03-31,1183000000.0,-44000000.0,-0.24,edgar,2026-05-07,2026-10-03,2026-10-03,0
DNOW,2026-06-30,1307000000.0,-21000000.0,-0.11,edgar,2026-08-06,2026-10-03,2026-10-03,0
DNTH,2020-06-30,0.0,-19079000.0,-0.48,edgar,2020-08-06,2026-10-03,2026-10-03,0
DNTH,2020-09-30,0.0,-17678000.0,-0.37,edgar,2020-11-05,2026-10-03,2026-10-03,0
DNTH,2022-09-30,1173000.0,-7784000.0,-8.9,edgar,2023-11-09,2026-10-03,2026-10-03,0
DNTH,2023-09-30,924000.0,-14763000.0,-3.78,edgar,2023-11-09,2026-10-03,2026-10-03,0
DNTH,2024-03-31,874000.0,-13748000.0,-0.54,edgar,2025-05-12,2026-10-03,2026-10-03,0
DNTH,2024-06-30,1863000.0,-17607000.0,-0.51,edgar,2025-08-07,2026-10-03,2026-10-03,0
DNTH,2024-09-30,2172000.0,-25174000.0,-0.74,edgar,2025-11-05,2026-10-03,2026-10-03,0
DNTH,2024-12-31,1326000.0,-28440000.0,-0.7599999999999998,edgar,2025-03-11,2026-10-03,2026-10-03,0
DNTH,2025-03-31,1163000.0,-29511000.0,-0.82,edgar,2025-05-12,2026-10-03,2026-10-03,0
DNTH,2025-06-30,193000.0,-31629000.0,-0.88,edgar,2025-08-07,2026-10-03,2026-10-03,0
DNTH,2025-09-30,396000.0,-36765000.0,-0.97,edgar,2025-11-05,2026-10-03,2026-10-03,0
DNTH,2025-12-31,284000.0,-64432000.0,-1.5300000000000002,edgar,2026-03-09,2026-10-03,2026-10-03,0
DOCN,2023-09-30,177062000.0,19175000.0,0.2,edgar,2023-11-02,2026-10-03,2026-10-03,0
DOCN,2023-12-31,180874000.0,15938000.0,0.17,edgar,2025-02-25,2026-10-03,2026-10-03,0
DOCN,2024-03-31,184730000.0,14139000.0,0.15,edgar,2024-05-10,2026-10-03,2026-10-03,0
DOCN,2024-06-30,192476000.0,19138000.0,0.2,edgar,2024-08-08,2026-10-03,2026-10-03,0
DOCN,2024-09-30,198484000.0,32949000.0,0.33,edgar,2024-11-04,2026-10-03,2026-10-03,0
DOCN,2024-12-31,204925000.0,18266000.0,0.19,edgar,2025-02-25,2026-10-03,2026-10-03,0
DOCN,2025-03-31,210703000.0,38204000.0,0.39,edgar,2025-05-06,2026-10-03,2026-10-03,0
DOCN,2025-06-30,218700000.0,37027000.0,0.39,edgar,2025-08-05,2026-10-03,2026-10-03,0
DOCN,2025-09-30,229634000.0,158371000.0,1.51,edgar,2025-11-05,2026-10-03,2026-10-03,0
DOCN,2025-12-31,242390000.0,25660000.0,0.22999999999999998,edgar,2026-02-24,2026-10-03,2026-10-03,0
DOCN,2026-03-31,257905000.0,15771000.0,0.15,edgar,2026-05-05,2026-10-03,2026-10-03,0
DOCN,2026-06-30,281184000.0,35437000.0,0.29,edgar,2026-08-04,2026-10-03,2026-10-03,0
DOCU,2023-10-31,700421000.0,38805000.0,0.19,edgar,2023-12-08,2026-10-03,2026-10-03,0
DOCU,2024-01-31,712386000.0,27261000.0,0.12999999999999998,edgar,2024-03-21,2026-10-03,2026-10-03,0
DOCU,2024-04-30,709640000.0,33760000.0,0.16,edgar,2024-06-07,2026-10-03,2026-10-03,0
DOCU,2024-07-31,736027000.0,888211000.0,4.26,edgar,2024-09-06,2026-10-03,2026-10-03,0
DOCU,2024-10-31,754820000.0,62423000.0,0.3,edgar,2024-12-06,2026-10-03,2026-10-03,0
DOCU,2025-01-31,776252000.0,83506000.0,0.3600000000000003,edgar,2025-03-18,2026-10-03,2026-10-03,0
DOCU,2025-04-30,763654000.0,72087000.0,0.34,edgar,2025-06-06,2026-10-03,2026-10-03,0
DOCU,2025-07-31,800636000.0,62970000.0,0.3,edgar,2025-09-05,2026-10-03,2026-10-03,0
DOCU,2025-10-31,818350000.0,83725000.0,0.4,edgar,2025-12-05,2026-10-03,2026-10-03,0
DOCU,2026-01-31,836860000.0,90318000.0,0.43999999999999995,edgar,2026-03-18,2026-10-03,2026-10-03,0
DOCU,2026-04-30,830235000.0,78197000.0,0.4,edgar,2026-06-05,2026-10-03,2026-10-03,0
DOCU,2026-07-31,875746000.0,77715000.0,0.4,edgar,2026-09-04,2026-10-03,2026-10-03,0
DSGN,2020-03-31,142000.0,-663000.0,-0.04,edgar,2021-05-10,2026-10-03,2026-10-03,0
DSGN,2020-06-30,31000.0,-1442000.0,-0.06,edgar,2021-08-09,2026-10-03,2026-10-03,0
DSGN,2020-09-30,20000.0,-2320000.0,-0.09,edgar,2021-11-09,2026-10-03,2026-10-03,0
DSGN,2020-12-31,33000.0,-3855000.0,-0.33,edgar,2022-03-10,2026-10-03,2026-10-03,0
DSGN,2025-03-31,0.0,-17715000.0,-0.31,edgar,2025-05-07,2026-10-03,2026-10-03,0
DSGN,2026-03-31,0.0,-17636000.0,-0.29,edgar,2026-04-28,2026-10-03,2026-10-03,0
DSP,2023-09-30,59585000.0,-526000.0,-0.03,edgar,2023-11-06,2026-10-03,2026-10-03,0
DSP,2023-12-31,64406000.0,626000.0,0.04000000000000001,edgar,2024-03-04,2026-10-03,2026-10-03,0
DSP,2024-03-31,53393000.0,-947000.0,-0.06,edgar,2024-04-30,2026-10-03,2026-10-03,0
DSP,2024-06-30,65866000.0,55000.0,0.0,edgar,2024-08-12,2026-10-03,2026-10-03,0
DSP,2024-09-30,79922000.0,1507000.0,0.09,edgar,2024-11-12,2026-10-03,2026-10-03,0
DSP,2024-12-31,90054000.0,1747000.0,0.11000000000000001,edgar,2025-03-03,2026-10-03,2026-10-03,0
DSP,2025-03-31,70642000.0,-1190000.0,-0.07,edgar,2025-05-06,2026-10-03,2026-10-03,0
DSP,2025-06-30,77853000.0,290000.0,0.02,edgar,2025-08-11,2026-10-03,2026-10-03,0
DSP,2025-09-30,85582000.0,996000.0,0.06,edgar,2025-11-10,2026-10-03,2026-10-03,0
DSP,2025-12-31,110124000.0,8256000.0,0.35,edgar,2026-03-11,2026-10-03,2026-10-03,0
DSP,2026-03-31,88538000.0,-455000.0,-0.03,edgar,2026-05-11,2026-10-03,2026-10-03,0
DSP,2026-06-30,104254000.0,-111000.0,-0.03,edgar,2026-08-10,2026-10-03,2026-10-03,0
DT,2023-09-30,351700000.0,35809000.0,0.12,edgar,2023-11-02,2026-10-03,2026-10-03,0
DT,2023-12-31,365096000.0,42691000.0,0.14,edgar,2024-02-08,2026-10-03,2026-10-03,0
DT,2024-03-31,380848000.0,38312000.0,0.13,edgar,2024-05-23,2026-10-03,2026-10-03,0
DT,2024-06-30,399220000.0,38620000.0,0.13,edgar,2024-08-07,2026-10-03,2026-10-03,0
DT,2024-09-30,418129000.0,44008000.0,0.15,edgar,2024-11-07,2026-10-03,2026-10-03,0
DT,2024-12-31,436169000.0,361752000.0,1.19,edgar,2025-01-30,2026-10-03,2026-10-03,0
DT,2025-03-31,445165000.0,39620000.0,0.1200000000000001,edgar,2025-05-22,2026-10-03,2026-10-03,0
DT,2025-06-30,477349000.0,47955000.0,0.16,edgar,2025-08-06,2026-10-03,2026-10-03,0
DT,2025-09-30,493849000.0,57243000.0,0.19,edgar,2025-11-05,2026-10-03,2026-10-03,0
DT,2025-12-31,515473000.0,40055000.0,0.13,edgar,2026-02-09,2026-10-03,2026-10-03,0
DT,2026-03-31,531716000.0,17747000.0,0.06000000000000005,edgar,2026-05-20,2026-10-03,2026-10-03,0
DT,2026-06-30,554548000.0,36651000.0,0.12,edgar,2026-08-05,2026-10-03,2026-10-03,0
DV,2023-09-30,143974000.0,13347000.0,0.08,edgar,2023-11-09,2026-10-03,2026-10-03,0
DV,2023-12-31,172231000.0,33105000.0,0.18999999999999995,edgar,2024-02-28,2026-10-03,2026-10-03,0
DV,2024-03-31,140782000.0,7156000.0,0.04,edgar,2024-05-07,2026-10-03,2026-10-03,0
DV,2024-06-30,155890000.0,7474000.0,0.04,edgar,2024-07-30,2026-10-03,2026-10-03,0
DV,2024-09-30,169556000.0,18201000.0,0.1,edgar,2024-11-06,2026-10-03,2026-10-03,0
DV,2024-12-31,190621000.0,23400000.0,0.14,edgar,2025-02-27,2026-10-03,2026-10-03,0
DV,2025-03-31,165061000.0,2361000.0,0.01,edgar,2025-05-08,2026-10-03,2026-10-03,0
DV,2025-06-30,189021000.0,8758000.0,0.05,edgar,2025-08-05,2026-10-03,2026-10-03,0
DV,2025-09-30,188621000.0,10202000.0,0.06,edgar,2025-11-07,2026-10-03,2026-10-03,0
DV,2025-12-31,205588000.0,29329000.0,0.18,edgar,2026-02-26,2026-10-03,2026-10-03,0
DV,2026-03-31,180825000.0,6410000.0,0.04,edgar,2026-05-06,2026-10-03,2026-10-03,0
DV,2026-06-30,193789000.0,12918000.0,0.08,edgar,2026-08-07,2026-10-03,2026-10-03,0
DVN,2023-09-30,4030000000.0,910000000.0,1.42,edgar,2023-11-08,2026-10-03,2026-10-03,0
DVN,2023-12-31,3821000000.0,1144000000.0,1.8200000000000003,edgar,2024-02-28,2026-10-03,2026-10-03,0
DVN,2024-03-31,3741000000.0,596000000.0,0.94,edgar,2024-05-02,2026-10-03,2026-10-03,0
DVN,2024-06-30,3894000000.0,844000000.0,1.34,edgar,2024-08-07,2026-10-03,2026-10-03,0
DVN,2024-09-30,3797000000.0,812000000.0,1.3,edgar,2024-11-06,2026-10-03,2026-10-03,0
DVN,2024-12-31,4487000000.0,641000000.0,0.9799999999999995,edgar,2025-02-19,2026-10-03,2026-10-03,0
DVN,2025-03-31,4550000000.0,494000000.0,0.77,edgar,2025-05-07,2026-10-03,2026-10-03,0
DVN,2025-06-30,4048000000.0,899000000.0,1.41,edgar,2025-08-06,2026-10-03,2026-10-03,0
DVN,2025-09-30,4251000000.0,687000000.0,1.09,edgar,2025-11-06,2026-10-03,2026-10-03,0
DVN,2025-12-31,3937000000.0,562000000.0,0.8999999999999999,edgar,2026-02-18,2026-10-03,2026-10-03,0
DVN,2026-03-31,4508000000.0,120000000.0,0.19,edgar,2026-05-06,2026-10-03,2026-10-03,0
DVN,2026-06-30,7003000000.0,1911000000.0,2.03,edgar,2026-08-05,2026-10-03,2026-10-03,0
DXCM,2023-09-30,975000000.0,120700000.0,0.29,edgar,2023-10-26,2026-10-03,2026-10-03,0
DXCM,2023-12-31,1034500000.0,256300000.0,0.6100000000000001,edgar,2024-02-08,2026-10-03,2026-10-03,0
DXCM,2024-03-31,921000000.0,146400000.0,0.36,edgar,2024-04-25,2026-10-03,2026-10-03,0
DXCM,2024-06-30,1004300000.0,143500000.0,0.35,edgar,2024-07-25,2026-10-03,2026-10-03,0
DXCM,2024-09-30,994200000.0,134600000.0,0.34,edgar,2024-10-24,2026-10-03,2026-10-03,0
DXCM,2024-12-31,1113500000.0,151700000.0,0.3699999999999999,edgar,2025-02-18,2026-10-03,2026-10-03,0
DXCM,2025-03-31,1036000000.0,105400000.0,0.27,edgar,2025-05-01,2026-10-03,2026-10-03,0
DXCM,2025-06-30,1157100000.0,179800000.0,0.45,edgar,2025-07-30,2026-10-03,2026-10-03,0
DXCM,2025-09-30,1209300000.0,283800000.0,0.7,edgar,2025-10-30,2026-10-03,2026-10-03,0
DXCM,2025-12-31,1259600000.0,267300000.0,0.6699999999999999,edgar,2026-02-12,2026-10-03,2026-10-03,0
DXCM,2026-03-31,1191900000.0,199500000.0,0.51,edgar,2026-04-30,2026-10-03,2026-10-03,0
DXCM,2026-06-30,1308400000.0,249100000.0,0.64,edgar,2026-07-30,2026-10-03,2026-10-03,0
DXPE,2023-09-30,419249000.0,16172000.0,0.93,edgar,2023-11-09,2026-10-03,2026-10-03,0
DXPE,2023-12-31,407044000.0,16006000.0,0.9500000000000002,edgar,2024-03-11,2026-10-03,2026-10-03,0
DXPE,2024-03-31,412635000.0,11332000.0,0.67,edgar,2024-05-09,2026-10-03,2026-10-03,0
DXPE,2024-06-30,445556000.0,16693000.0,1.0,edgar,2024-08-08,2026-10-03,2026-10-03,0
DXPE,2024-09-30,472935000.0,21101000.0,1.27,edgar,2024-11-07,2026-10-03,2026-10-03,0
DXPE,2024-12-31,470914000.0,21363000.0,1.2799999999999998,edgar,2025-03-10,2026-10-03,2026-10-03,0
DXPE,2025-03-31,476569000.0,20589000.0,1.25,edgar,2025-05-08,2026-10-03,2026-10-03,0
DXPE,2025-06-30,498682000.0,23612000.0,1.43,edgar,2025-08-07,2026-10-03,2026-10-03,0
DXPE,2025-09-30,513724000.0,21631000.0,1.31,edgar,2025-11-06,2026-10-03,2026-10-03,0
DXPE,2025-12-31,527390000.0,22845000.0,1.38,edgar,2026-02-26,2026-10-03,2026-10-03,0
DXPE,2026-03-31,521658000.0,19978000.0,1.22,edgar,2026-05-07,2026-10-03,2026-10-03,0
DXPE,2026-06-30,576461000.0,28708000.0,1.76,edgar,2026-08-06,2026-10-03,2026-10-03,0
EAT,2023-09-27,1012500000.0,7200000.0,0.16,edgar,2023-11-01,2026-10-03,2026-10-03,0
EAT,2023-12-27,1074100000.0,42100000.0,0.94,edgar,2024-01-31,2026-10-03,2026-10-03,0
EAT,2024-03-27,1120300000.0,48700000.0,1.08,edgar,2024-04-30,2026-10-03,2026-10-03,0
EAT,2024-06-26,1208200000.0,57300000.0,1.2199999999999998,edgar,2024-08-21,2026-10-03,2026-10-03,0
EAT,2024-09-25,1139000000.0,38500000.0,0.84,edgar,2024-10-30,2026-10-03,2026-10-03,0
EAT,2024-12-25,1358200000.0,118500000.0,2.61,edgar,2025-01-29,2026-10-03,2026-10-03,0
EAT,2025-03-26,1425100000.0,119100000.0,2.56,edgar,2025-04-29,2026-10-03,2026-10-03,0
EAT,2025-06-25,1461900000.0,107000000.0,2.3100000000000005,edgar,2025-08-15,2026-10-03,2026-10-03,0
EAT,2025-09-24,1349200000.0,99500000.0,2.17,edgar,2025-10-29,2026-10-03,2026-10-03,0
EAT,2025-12-24,1452200000.0,128500000.0,2.86,edgar,2026-01-28,2026-10-03,2026-10-03,0
EAT,2026-03-25,1470200000.0,127900000.0,2.87,edgar,2026-04-29,2026-10-03,2026-10-03,0
EAT,2026-06-24,1535800000.0,131100000.0,2.969999999999999,edgar,2026-08-19,2026-10-03,2026-10-03,0
EBAY,2023-09-30,2500000000.0,1305000000.0,2.46,edgar,2023-11-08,2026-10-03,2026-10-03,0
EBAY,2023-12-31,2562000000.0,724000000.0,1.3600000000000003,edgar,2024-02-28,2026-10-03,2026-10-03,0
EBAY,2024-03-31,2556000000.0,438000000.0,0.85,edgar,2024-05-02,2026-10-03,2026-10-03,0
EBAY,2024-06-30,2572000000.0,224000000.0,0.45,edgar,2024-08-01,2026-10-03,2026-10-03,0
EBAY,2024-09-30,2576000000.0,634000000.0,1.29,edgar,2024-10-31,2026-10-03,2026-10-03,0
EBAY,2024-12-31,2579000000.0,679000000.0,1.35,edgar,2025-02-27,2026-10-03,2026-10-03,0
EBAY,2025-03-31,2585000000.0,499000000.0,1.05,edgar,2025-05-01,2026-10-03,2026-10-03,0
EBAY,2025-06-30,2730000000.0,364000000.0,0.78,edgar,2025-07-31,2026-10-03,2026-10-03,0
EBAY,2025-09-30,2820000000.0,632000000.0,1.35,edgar,2025-10-30,2026-10-03,2026-10-03,0
EBAY,2025-12-31,2965000000.0,536000000.0,1.1599999999999997,edgar,2026-02-19,2026-10-03,2026-10-03,0
EBAY,2026-03-31,3089000000.0,512000000.0,1.12,edgar,2026-04-29,2026-10-03,2026-10-03,0
EBAY,2026-06-30,3134000000.0,550000000.0,1.21,edgar,2026-08-06,2026-10-03,2026-10-03,0
EBF,2023-08-31,106760000.0,10910000.0,0.42,edgar,2023-10-03,2026-10-03,2026-10-03,0
EBF,2023-11-30,104621000.0,9906000.0,0.38,edgar,2024-01-05,2026-10-03,2026-10-03,0
EBF,2024-02-29,97434000.0,10146000.0,0.3899999999999999,edgar,2024-05-10,2026-10-03,2026-10-03,0
EBF,2024-05-31,103108000.0,10687000.0,0.41,edgar,2024-06-26,2026-10-03,2026-10-03,0
EBF,2024-08-31,99038000.0,10308000.0,0.4,edgar,2024-10-03,2026-10-03,2026-10-03,0
EBF,2024-11-30,99771000.0,10204000.0,0.39,edgar,2025-01-07,2026-10-03,2026-10-03,0
EBF,2025-02-28,92701000.0,9023000.0,0.3400000000000001,edgar,2025-05-13,2026-10-03,2026-10-03,0
EBF,2025-05-31,97197000.0,9799000.0,0.38,edgar,2025-06-30,2026-10-03,2026-10-03,0
EBF,2025-08-31,98676000.0,13155000.0,0.51,edgar,2025-10-03,2026-10-03,2026-10-03,0
EBF,2025-11-30,100167000.0,10827000.0,0.42,edgar,2026-01-07,2026-10-03,2026-10-03,0
EBF,2026-02-28,96363000.0,8846000.0,0.34999999999999987,edgar,2026-05-08,2026-10-03,2026-10-03,0
EBF,2026-05-31,98615000.0,9879000.0,0.39,edgar,2026-07-01,2026-10-03,2026-10-03,0
ECL,2023-09-30,3958100000.0,404000000.0,1.41,edgar,2023-11-02,2026-10-03,2026-10-03,0
ECL,2023-12-31,3938400000.0,405200000.0,1.41,edgar,2024-02-23,2026-10-03,2026-10-03,0
ECL,2024-03-31,3751900000.0,412100000.0,1.43,edgar,2024-05-02,2026-10-03,2026-10-03,0
ECL,2024-06-30,3985800000.0,490900000.0,1.71,edgar,2024-08-02,2026-10-03,2026-10-03,0
ECL,2024-09-30,3998500000.0,736500000.0,2.58,edgar,2024-10-31,2026-10-03,2026-10-03,0
ECL,2024-12-31,4005200000.0,472900000.0,1.66,edgar,2025-02-21,2026-10-03,2026-10-03,0
ECL,2025-03-31,3695000000.0,402500000.0,1.41,edgar,2025-05-08,2026-10-03,2026-10-03,0
ECL,2025-06-30,4025200000.0,524200000.0,1.84,edgar,2025-08-07,2026-10-03,2026-10-03,0
ECL,2025-09-30,4165000000.0,585000000.0,2.05,edgar,2025-10-30,2026-10-03,2026-10-03,0
ECL,2025-12-31,4196000000.0,563900000.0,1.9800000000000004,edgar,2026-02-23,2026-10-03,2026-10-03,0
ECL,2026-03-31,4066100000.0,432600000.0,1.52,edgar,2026-05-07,2026-10-03,2026-10-03,0
ECL,2026-06-30,4415400000.0,534900000.0,1.9,edgar,2026-08-06,2026-10-03,2026-10-03,0
EDIT,2023-09-30,5336000.0,-45019000.0,-0.55,edgar,2023-11-03,2026-10-03,2026-10-03,0
EDIT,2023-12-31,60049000.0,-18874000.0,-0.19999999999999996,edgar,2024-02-28,2026-10-03,2026-10-03,0
EDIT,2024-03-31,1135000.0,-61950000.0,-0.76,edgar,2024-05-08,2026-10-03,2026-10-03,0
EDIT,2024-06-30,513000.0,-67607000.0,-0.82,edgar,2024-08-07,2026-10-03,2026-10-03,0
EDIT,2024-09-30,61000.0,-62141000.0,-0.75,edgar,2024-11-04,2026-10-03,2026-10-03,0
EDIT,2024-12-31,30605000.0,-45395000.0,-0.5499999999999998,edgar,2025-03-05,2026-10-03,2026-10-03,0
EDIT,2025-03-31,4658000.0,-76088000.0,-0.92,edgar,2025-05-12,2026-10-03,2026-10-03,0
EDIT,2025-06-30,3578000.0,-53235000.0,-0.63,edgar,2025-08-12,2026-10-03,2026-10-03,0
EDIT,2025-09-30,7543000.0,-25117000.0,-0.28,edgar,2025-11-10,2026-10-03,2026-10-03,0
EDIT,2025-12-31,24741000.0,-5620000.0,0.030000000000000027,edgar,2026-03-09,2026-10-03,2026-10-03,0
EDIT,2026-03-31,2831000.0,-24982000.0,-0.26,edgar,2026-05-05,2026-10-03,2026-10-03,0
EDIT,2026-06-30,11890000.0,-18230000.0,-0.15,edgar,2026-08-05,2026-10-03,2026-10-03,0
EE,2023-09-30,275471000.0,,0.4,edgar,2023-11-09,2026-10-03,2026-10-03,0
EE,2023-12-31,240064000.0,,0.22000000000000008,edgar,2024-02-29,2026-10-03,2026-10-03,0
EE,2024-03-31,200113000.0,,0.24,edgar,2024-05-09,2026-10-03,2026-10-03,0
EE,2024-06-30,183333000.0,,0.26,edgar,2024-08-09,2026-10-03,2026-10-03,0
EE,2024-09-30,193419000.0,,0.35,edgar,2024-11-07,2026-10-03,2026-10-03,0
EE,2024-12-31,274572000.0,,0.42000000000000004,edgar,2025-02-27,2026-10-03,2026-10-03,0
EE,2025-03-31,315090000.0,,0.46,edgar,2025-05-08,2026-10-03,2026-10-03,0
EE,2025-06-30,204556000.0,,0.15,edgar,2025-08-11,2026-10-03,2026-10-03,0
EE,2025-09-30,391044000.0,,0.43,edgar,2025-11-06,2026-10-03,2026-10-03,0
EE,2025-12-31,317573000.0,,0.24,edgar,2026-02-27,2026-10-03,2026-10-03,0
EE,2026-03-31,433439000.0,,0.37,edgar,2026-05-07,2026-10-03,2026-10-03,0
EE,2026-06-30,329265000.0,,0.37,edgar,2026-08-06,2026-10-03,2026-10-03,0
EG,2023-09-30,3991000000.0,678000000.0,15.63,edgar,2023-11-01,2026-10-03,2026-10-03,0
EG,2023-12-31,3660000000.0,804000000.0,18.989999999999995,edgar,2024-02-28,2026-10-03,2026-10-03,0
EG,2024-03-31,4133000000.0,733000000.0,16.87,edgar,2024-05-03,2026-10-03,2026-10-03,0
EG,2024-06-30,4227000000.0,724000000.0,16.7,edgar,2024-08-02,2026-10-03,2026-10-03,0
EG,2024-09-30,4285000000.0,509000000.0,11.8,edgar,2024-11-05,2026-10-03,2026-10-03,0
EG,2024-12-31,4636000000.0,-593000000.0,-13.590000000000003,edgar,2025-02-27,2026-10-03,2026-10-03,0
EG,2025-03-31,4263000000.0,210000000.0,4.9,edgar,2025-05-02,2026-10-03,2026-10-03,0
EG,2025-06-30,4491000000.0,680000000.0,16.1,edgar,2025-08-01,2026-10-03,2026-10-03,0
EG,2025-09-30,4319000000.0,255000000.0,6.09,edgar,2025-10-31,2026-10-03,2026-10-03,0
EG,2025-12-31,4423000000.0,446000000.0,10.709999999999994,edgar,2026-02-26,2026-10-03,2026-10-03,0
EG,2026-03-31,4068000000.0,653000000.0,16.21,edgar,2026-05-05,2026-10-03,2026-10-03,0
EG,2026-06-30,3961000000.0,559000000.0,14.22,edgar,2026-08-03,2026-10-03,2026-10-03,0
EGHT,2023-09-30,184999000.0,-7452000.0,-0.06,edgar,2023-11-03,2026-10-03,2026-10-03,0
EGHT,2023-12-31,181006000.0,-21222000.0,-0.17,edgar,2024-02-01,2026-10-03,2026-10-03,0
EGHT,2024-03-31,179413000.0,-23591000.0,-0.20000000000000007,edgar,2024-05-21,2026-10-03,2026-10-03,0
EGHT,2024-06-30,178147000.0,-10290000.0,-0.08,edgar,2024-08-08,2026-10-03,2026-10-03,0
EGHT,2024-09-30,180998000.0,-14543000.0,-0.11,edgar,2024-11-06,2026-10-03,2026-10-03,0
EGHT,2024-12-31,178882000.0,3022000.0,0.02,edgar,2025-02-05,2026-10-03,2026-10-03,0
EGHT,2025-03-31,177043000.0,-5401000.0,-0.03999999999999998,edgar,2025-05-22,2026-10-03,2026-10-03,0
EGHT,2025-06-30,181361000.0,-4315000.0,-0.03,edgar,2025-08-06,2026-10-03,2026-10-03,0
EGHT,2025-09-30,184095000.0,767000.0,0.01,edgar,2025-11-05,2026-10-03,2026-10-03,0
EGHT,2025-12-31,185050000.0,5090000.0,0.04,edgar,2026-02-04,2026-10-03,2026-10-03,0
EGHT,2026-03-31,185246000.0,106000.0,-0.010000000000000004,edgar,2026-05-22,2026-10-03,2026-10-03,0
EGHT,2026-06-30,190170000.0,-1200000.0,-0.01,edgar,2026-08-05,2026-10-03,2026-10-03,0
EGY,2023-09-30,116269000.0,6141000.0,0.06,edgar,2023-11-08,2026-10-03,2026-10-03,0
EGY,2023-12-31,149154000.0,43987000.0,0.41000000000000003,edgar,2024-03-15,2026-10-03,2026-10-03,0
EGY,2024-03-31,100155000.0,7686000.0,0.07,edgar,2024-05-08,2026-10-03,2026-10-03,0
EGY,2024-06-30,116778000.0,28151000.0,0.27,edgar,2024-08-09,2026-10-03,2026-10-03,0
EGY,2024-09-30,140334000.0,10990000.0,0.1,edgar,2024-11-12,2026-10-03,2026-10-03,0
EGY,2024-12-31,121721000.0,11663000.0,0.12,edgar,2025-03-17,2026-10-03,2026-10-03,0
EGY,2025-03-31,110329000.0,7730000.0,0.07,edgar,2025-05-12,2026-10-03,2026-10-03,0
EGY,2025-06-30,96893000.0,8380000.0,0.08,edgar,2025-08-11,2026-10-03,2026-10-03,0
EGY,2025-09-30,61007000.0,1101000.0,0.01,edgar,2025-11-10,2026-10-03,2026-10-03,0
EGY,2025-12-31,91043000.0,-58601000.0,-0.56,edgar,2026-03-16,2026-10-03,2026-10-03,0
EGY,2026-03-31,62599000.0,-93764000.0,-0.9,edgar,2026-05-11,2026-10-03,2026-10-03,0
EGY,2026-06-30,135166000.0,42445000.0,0.39,edgar,2026-08-10,2026-10-03,2026-10-03,0
EL,2023-09-30,3518000000.0,36000000.0,0.09,edgar,2023-11-01,2026-10-03,2026-10-03,0
EL,2023-12-31,4279000000.0,324000000.0,0.87,edgar,2024-02-05,2026-10-03,2026-10-03,0
EL,2024-03-31,3940000000.0,335000000.0,0.91,edgar,2024-05-01,2026-10-03,2026-10-03,0
EL,2024-06-30,3871000000.0,-286000000.0,-0.79,edgar,2024-08-19,2026-10-03,2026-10-03,0
EL,2024-09-30,3361000000.0,-156000000.0,-0.43,edgar,2024-10-31,2026-10-03,2026-10-03,0
EL,2024-12-31,4004000000.0,-590000000.0,-1.64,edgar,2025-02-04,2026-10-03,2026-10-03,0
EL,2025-03-31,3550000000.0,159000000.0,0.44,edgar,2025-05-01,2026-10-03,2026-10-03,0
EL,2025-06-30,3411000000.0,-546000000.0,-1.52,edgar,2025-08-20,2026-10-03,2026-10-03,0
EL,2025-09-30,3481000000.0,47000000.0,0.13,edgar,2025-10-30,2026-10-03,2026-10-03,0
EL,2025-12-31,4229000000.0,162000000.0,0.44,edgar,2026-02-05,2026-10-03,2026-10-03,0
EL,2026-03-31,3712000000.0,89000000.0,0.24,edgar,2026-05-01,2026-10-03,2026-10-03,0
EL,2026-06-30,3627000000.0,-116000000.0,-0.31000000000000005,edgar,2026-08-19,2026-10-03,2026-10-03,0
ELV,2023-09-30,42849000000.0,1289000000.0,5.45,edgar,2023-10-18,2026-10-03,2026-10-03,0
ELV,2023-12-31,42647000000.0,856000000.0,3.6799999999999997,edgar,2024-02-21,2026-10-03,2026-10-03,0
ELV,2024-03-31,42577000000.0,2246000000.0,9.59,edgar,2024-04-18,2026-10-03,2026-10-03,0
ELV,2024-06-30,43886000000.0,2300000000.0,9.85,edgar,2024-07-17,2026-10-03,2026-10-03,0
ELV,2024-09-30,45106000000.0,1016000000.0,4.36,edgar,2024-10-17,2026-10-03,2026-10-03,0
ELV,2024-12-31,45442000000.0,418000000.0,1.879999999999999,edgar,2025-02-20,2026-10-03,2026-10-03,0
ELV,2025-03-31,48891000000.0,2183000000.0,9.61,edgar,2025-04-22,2026-10-03,2026-10-03,0
ELV,2025-06-30,49776000000.0,1743000000.0,7.72,edgar,2025-07-17,2026-10-03,2026-10-03,0
ELV,2025-09-30,50711000000.0,1189000000.0,5.32,edgar,2025-10-21,2026-10-03,2026-10-03,0
ELV,2025-12-31,49747000000.0,547000000.0,2.5600000000000023,edgar,2026-02-06,2026-10-03,2026-10-03,0
ELV,2026-03-31,50181000000.0,1764000000.0,8.0,edgar,2026-04-22,2026-10-03,2026-10-03,0
ELV,2026-06-30,50474000000.0,1463000000.0,6.71,edgar,2026-07-15,2026-10-03,2026-10-03,0
EMR,2023-09-30,4090000000.0,744000000.0,1.29,edgar,2023-11-13,2026-10-03,2026-10-03,0
EMR,2023-12-31,4117000000.0,142000000.0,0.25,edgar,2024-02-07,2026-10-03,2026-10-03,0
EMR,2024-03-31,4376000000.0,501000000.0,0.87,edgar,2024-05-08,2026-10-03,2026-10-03,0
EMR,2024-06-30,4380000000.0,329000000.0,0.57,edgar,2024-08-07,2026-10-03,2026-10-03,0
EMR,2024-09-30,4619000000.0,996000000.0,1.73,edgar,2024-11-12,2026-10-03,2026-10-03,0
EMR,2024-12-31,4175000000.0,585000000.0,1.02,edgar,2025-02-05,2026-10-03,2026-10-03,0
EMR,2025-03-31,4432000000.0,485000000.0,0.86,edgar,2025-05-07,2026-10-03,2026-10-03,0
EMR,2025-06-30,4553000000.0,586000000.0,1.04,edgar,2025-08-06,2026-10-03,2026-10-03,0
EMR,2025-09-30,4855000000.0,637000000.0,1.12,edgar,2025-11-10,2026-10-03,2026-10-03,0
EMR,2025-12-31,4346000000.0,605000000.0,1.07,edgar,2026-02-03,2026-10-03,2026-10-03,0
EMR,2026-03-31,4562000000.0,618000000.0,,edgar,2026-05-05,2026-10-03,2026-10-03,0
EMR,2026-06-30,4873000000.0,718000000.0,1.28,edgar,2026-08-04,2026-10-03,2026-10-03,0
ENS,2023-10-01,901033000.0,65229000.0,1.56,edgar,2023-11-08,2026-10-03,2026-10-03,0
ENS,2023-12-31,861548000.0,76158000.0,1.86,edgar,2024-02-07,2026-10-03,2026-10-03,0
ENS,2024-03-31,910721000.0,60916000.0,1.4799999999999995,edgar,2024-05-22,2026-10-03,2026-10-03,0
ENS,2024-06-30,852916000.0,70111000.0,1.71,edgar,2024-08-07,2026-10-03,2026-10-03,0
ENS,2024-09-29,883669000.0,82266000.0,2.01,edgar,2024-11-06,2026-10-03,2026-10-03,0
ENS,2024-12-29,906152000.0,114812000.0,2.88,edgar,2025-02-05,2026-10-03,2026-10-03,0
ENS,2025-03-31,974842000.0,96511000.0,2.3900000000000006,edgar,2025-05-21,2026-10-03,2026-10-03,0
ENS,2025-06-29,893024000.0,57458000.0,1.46,edgar,2025-08-06,2026-10-03,2026-10-03,0
ENS,2025-09-28,951286000.0,68426000.0,1.8,edgar,2025-11-05,2026-10-03,2026-10-03,0
ENS,2025-12-28,919126000.0,90373000.0,2.4,edgar,2026-02-04,2026-10-03,2026-10-03,0
ENS,2026-03-31,987940000.0,77343000.0,2.04,edgar,2026-05-20,2026-10-03,2026-10-03,0
ENS,2026-07-05,935641000.0,116450000.0,3.09,edgar,2026-08-12,2026-10-03,2026-10-03,0
ENTA,2023-09-30,18932000.0,-28107000.0,-1.3399999999999999,edgar,2023-11-22,2026-10-03,2026-10-03,0
ENTA,2023-12-31,18003000.0,-33407000.0,-1.58,edgar,2024-02-08,2026-10-03,2026-10-03,0
ENTA,2024-03-31,17054000.0,-31157000.0,-1.47,edgar,2024-05-08,2026-10-03,2026-10-03,0
ENTA,2024-06-30,17971000.0,-22658000.0,-1.07,edgar,2024-08-07,2026-10-03,2026-10-03,0
ENTA,2024-09-30,14607000.0,-28823000.0,-1.3600000000000003,edgar,2024-11-27,2026-10-03,2026-10-03,0
ENTA,2024-12-31,16959000.0,-22290000.0,-1.05,edgar,2025-02-12,2026-10-03,2026-10-03,0
ENTA,2025-03-31,14926000.0,-22644000.0,-1.06,edgar,2025-05-14,2026-10-03,2026-10-03,0
ENTA,2025-06-30,18314000.0,-18255000.0,-0.85,edgar,2025-08-13,2026-10-03,2026-10-03,0
ENTA,2025-09-30,15125000.0,-18700000.0,-0.8799999999999999,edgar,2025-11-19,2026-10-03,2026-10-03,0
ENTA,2025-12-31,18615000.0,-11938000.0,-0.42,edgar,2026-02-11,2026-10-03,2026-10-03,0
ENTA,2026-03-31,17159000.0,-13091000.0,-0.45,edgar,2026-05-13,2026-10-03,2026-10-03,0
ENTA,2026-06-30,14359000.0,-19501000.0,-0.67,edgar,2026-08-12,2026-10-03,2026-10-03,0
ENTX,2023-09-30,0.0,-2379000.0,0.08,edgar,2023-11-14,2026-10-03,2026-10-03,0
ENTX,2023-12-31,0.0,-1995000.0,0.07,edgar,2024-03-08,2026-10-03,2026-10-03,0
ENTX,2024-03-31,0.0,-2017000.0,0.05,edgar,2025-05-09,2026-10-03,2026-10-03,0
ENTX,2024-06-30,57000.0,-2145000.0,0.06,edgar,2024-08-09,2026-10-03,2026-10-03,0
ENTX,2024-09-30,42000.0,-3021000.0,0.08,edgar,2024-11-08,2026-10-03,2026-10-03,0
ENTX,2024-12-31,82000.0,-2358000.0,0.06,edgar,2025-03-28,2026-10-03,2026-10-03,0
ENTX,2025-03-31,42000.0,-2567000.0,0.06,edgar,2025-05-09,2026-10-03,2026-10-03,0
ENTX,2025-06-30,0.0,-2656000.0,0.06,edgar,2025-08-08,2026-10-03,2026-10-03,0
ENTX,2025-09-30,0.0,-3200000.0,0.07,edgar,2025-11-14,2026-10-03,2026-10-03,0
ENTX,2025-12-31,0.0,-3016000.0,0.06,edgar,2026-03-27,2026-10-03,2026-10-03,0
ENTX,2026-03-31,0.0,-3505000.0,0.07,edgar,2026-05-08,2026-10-03,2026-10-03,0
ENTX,2026-06-30,0.0,-7312000.0,0.14,edgar,2026-08-07,2026-10-03,2026-10-03,0
EOG,2023-09-30,6212000000.0,2030000000.0,3.48,edgar,2023-11-02,2026-10-03,2026-10-03,0
EOG,2023-12-31,6357000000.0,1988000000.0,3.41,edgar,2024-02-22,2026-10-03,2026-10-03,0
EOG,2024-03-31,6123000000.0,1789000000.0,3.1,edgar,2024-05-02,2026-10-03,2026-10-03,0
EOG,2024-06-30,6025000000.0,1690000000.0,2.95,edgar,2024-08-01,2026-10-03,2026-10-03,0
EOG,2024-09-30,5965000000.0,1673000000.0,2.95,edgar,2024-11-07,2026-10-03,2026-10-03,0
EOG,2024-12-31,5585000000.0,1251000000.0,2.25,edgar,2025-02-27,2026-10-03,2026-10-03,0
EOG,2025-03-31,5669000000.0,1463000000.0,2.65,edgar,2025-05-01,2026-10-03,2026-10-03,0
EOG,2025-06-30,5478000000.0,1345000000.0,2.46,edgar,2025-08-07,2026-10-03,2026-10-03,0
EOG,2025-09-30,5847000000.0,1471000000.0,2.7,edgar,2025-11-06,2026-10-03,2026-10-03,0
EOG,2025-12-31,5638000000.0,701000000.0,1.3099999999999987,edgar,2026-02-24,2026-10-03,2026-10-03,0
EOG,2026-03-31,6921000000.0,1980000000.0,3.7,edgar,2026-05-05,2026-10-03,2026-10-03,0
EOG,2026-06-30,8620000000.0,2724000000.0,5.15,edgar,2026-08-04,2026-10-03,2026-10-03,0
EPC,2023-09-30,534100000.0,29900000.0,0.58,edgar,2023-11-28,2026-10-03,2026-10-03,0
EPC,2023-12-31,488900000.0,4800000.0,0.09,edgar,2024-02-07,2026-10-03,2026-10-03,0
EPC,2024-03-31,599400000.0,36000000.0,0.72,edgar,2024-05-08,2026-10-03,2026-10-03,0
EPC,2024-06-30,647800000.0,49000000.0,0.98,edgar,2024-08-06,2026-10-03,2026-10-03,0
EPC,2024-09-30,517600000.0,8800000.0,0.17999999999999994,edgar,2024-11-14,2026-10-03,2026-10-03,0
EPC,2024-12-31,415100000.0,-2100000.0,-0.04,edgar,2025-02-10,2026-10-03,2026-10-03,0
EPC,2025-03-31,516600000.0,29000000.0,0.6,edgar,2025-05-07,2026-10-03,2026-10-03,0
EPC,2025-06-30,560400000.0,29100000.0,0.62,edgar,2025-08-05,2026-10-03,2026-10-03,0
EPC,2025-09-30,731400000.0,-30600000.0,-0.6499999999999999,edgar,2025-11-18,2026-10-03,2026-10-03,0
EPC,2025-12-31,422800000.0,-65700000.0,-1.41,edgar,2026-02-09,2026-10-03,2026-10-03,0
EPC,2026-03-31,519500000.0,-10600000.0,-0.22,edgar,2026-05-06,2026-10-03,2026-10-03,0
EPC,2026-06-30,570100000.0,13700000.0,0.29,edgar,2026-08-05,2026-10-03,2026-10-03,0
EQH,2023-09-30,3633000000.0,1048000000.0,2.97,edgar,2023-11-03,2026-10-03,2026-10-03,0
EQH,2023-12-31,2107000000.0,-1984998698.0,-2.0600000000000005,edgar,2024-02-26,2026-10-03,2026-10-03,0
EQH,2024-03-31,2230000000.0,92000000.0,0.23,edgar,2024-05-02,2026-10-03,2026-10-03,0
EQH,2024-06-30,3507000000.0,428000000.0,1.23,edgar,2024-08-01,2026-10-03,2026-10-03,0
EQH,2024-09-30,3073000000.0,-132000000.0,-0.46,edgar,2024-11-05,2026-10-03,2026-10-03,0
EQH,2024-12-31,3615000000.0,-387998693.0,2.69,edgar,2025-02-24,2026-10-03,2026-10-03,0
EQH,2025-03-31,4576000000.0,63000000.0,0.16,edgar,2025-05-01,2026-10-03,2026-10-03,0
EQH,2025-06-30,2362000000.0,-349000000.0,-1.21,edgar,2025-08-11,2026-10-03,2026-10-03,0
EQH,2025-09-30,1450000000.0,-1309000000.0,-4.47,edgar,2025-11-07,2026-10-03,2026-10-03,0
EQH,2025-12-31,3277000000.0,1594998620.0,0.6899999999999995,edgar,2026-02-25,2026-10-03,2026-10-03,0
EQH,2026-03-31,4230000000.0,621000000.0,2.14,edgar,2026-05-07,2026-10-03,2026-10-03,0
EQH,2026-06-30,1658000000.0,-453000000.0,-1.68,edgar,2026-08-06,2026-10-03,2026-10-03,0
ESEA,2016-03-31,6547851.0,-2840943.0,-0.4,edgar,2017-05-30,2026-10-03,2026-10-03,0
ESEA,2017-03-31,8292226.0,-2189830.0,-0.24,edgar,2017-05-30,2026-10-03,2026-10-03,0
ESEA,2018-03-31,8306616.0,-1422977.0,-0.3,edgar,2019-06-04,2026-10-03,2026-10-03,0
ESEA,2019-03-31,8338131.0,-16032.0,-0.32,edgar,2019-06-04,2026-10-03,2026-10-03,0
ESEA,2020-03-31,15432807.0,1957095.0,0.32,edgar,2020-05-28,2026-10-03,2026-10-03,0
ESEA,2021-03-31,14309318.0,3790077.0,0.53,edgar,2021-06-04,2026-10-03,2026-10-03,0
ESTC,2023-10-31,310612000.0,-24796000.0,-0.25,edgar,2023-12-01,2026-10-03,2026-10-03,0
ESTC,2024-01-31,327957000.0,176124000.0,1.69,edgar,2024-03-01,2026-10-03,2026-10-03,0
ESTC,2024-04-30,334999000.0,-102928114.0,-0.35,edgar,2024-06-14,2026-10-03,2026-10-03,0
ESTC,2024-07-31,347420000.0,-49227000.0,-0.48,edgar,2024-08-30,2026-10-03,2026-10-03,0
ESTC,2024-10-31,365361000.0,-25450000.0,-0.25,edgar,2024-11-25,2026-10-03,2026-10-03,0
ESTC,2025-01-31,382083000.0,-17056000.0,-0.16,edgar,2025-02-28,2026-10-03,2026-10-03,0
ESTC,2025-04-30,388432000.0,92100766.0,-0.15000000000000002,edgar,2025-06-10,2026-10-03,2026-10-03,0
ESTC,2025-07-31,415288000.0,-24603000.0,-0.23,edgar,2025-08-29,2026-10-03,2026-10-03,0
ESTC,2025-10-31,423481000.0,-51284000.0,-0.48,edgar,2025-11-24,2026-10-03,2026-10-03,0
ESTC,2026-01-31,449881000.0,7753000.0,0.07,edgar,2026-02-27,2026-10-03,2026-10-03,0
ESTC,2026-04-30,450681000.0,435900000.0,4.07,edgar,2026-06-08,2026-10-03,2026-10-03,0
ESTC,2026-07-31,478113000.0,-16729000.0,-0.16,edgar,2026-08-28,2026-10-03,2026-10-03,0
ETN,2023-09-30,5880000000.0,891000000.0,2.22,edgar,2023-10-31,2026-10-03,2026-10-03,0
ETN,2023-12-31,5967000000.0,945000000.0,2.3499999999999996,edgar,2024-02-29,2026-10-03,2026-10-03,0
ETN,2024-03-31,5943000000.0,821000000.0,2.04,edgar,2024-04-30,2026-10-03,2026-10-03,0
ETN,2024-06-30,6350000000.0,993000000.0,2.48,edgar,2024-08-01,2026-10-03,2026-10-03,0
ETN,2024-09-30,6345000000.0,1009000000.0,2.53,edgar,2024-10-31,2026-10-03,2026-10-03,0
ETN,2024-12-31,6240000000.0,971000000.0,2.45,edgar,2025-02-27,2026-10-03,2026-10-03,0
ETN,2025-03-31,6377000000.0,964000000.0,2.45,edgar,2025-05-02,2026-10-03,2026-10-03,0
ETN,2025-06-30,7028000000.0,982000000.0,2.51,edgar,2025-08-05,2026-10-03,2026-10-03,0
ETN,2025-09-30,6988000000.0,1010000000.0,2.59,edgar,2025-11-04,2026-10-03,2026-10-03,0
ETN,2025-12-31,7055000000.0,1131000000.0,2.8999999999999995,edgar,2026-02-26,2026-10-03,2026-10-03,0
ETN,2026-03-31,7451000000.0,866000000.0,2.22,edgar,2026-05-05,2026-10-03,2026-10-03,0
ETN,2026-06-30,8531000000.0,821000000.0,2.11,edgar,2026-07-31,2026-10-03,2026-10-03,0
ETON,2023-09-30,7028000.0,-579000.0,-0.02,edgar,2023-11-09,2026-10-03,2026-10-03,0
ETON,2023-12-31,7313000.0,-2256000.0,-0.09999999999999998,edgar,2024-03-14,2026-10-03,2026-10-03,0
ETON,2024-03-31,7966000.0,-811000.0,-0.03,edgar,2024-05-09,2026-10-03,2026-10-03,0
ETON,2024-06-30,9074000.0,-3041000.0,-0.12,edgar,2024-08-08,2026-10-03,2026-10-03,0
ETON,2024-09-30,10324000.0,627000.0,0.02,edgar,2024-11-12,2026-10-03,2026-10-03,0
ETON,2024-12-31,11647000.0,-598000.0,-0.01999999999999999,edgar,2025-03-18,2026-10-03,2026-10-03,0
ETON,2025-03-31,17282000.0,-1572000.0,-0.06,edgar,2025-05-13,2026-10-03,2026-10-03,0
ETON,2025-06-30,18928000.0,-2585000.0,-0.1,edgar,2025-08-07,2026-10-03,2026-10-03,0
ETON,2025-09-30,22459000.0,-1927000.0,-0.07,edgar,2025-11-06,2026-10-03,2026-10-03,0
ETON,2025-12-31,21281000.0,1483000.0,0.06,edgar,2026-03-19,2026-10-03,2026-10-03,0
ETON,2026-03-31,24266000.0,1554000.0,0.05,edgar,2026-05-14,2026-10-03,2026-10-03,0
ETON,2026-06-30,37589000.0,11578000.0,0.35,edgar,2026-08-13,2026-10-03,2026-10-03,0
EXPD,2023-09-30,2190001000.0,171353000.0,1.16,edgar,2023-11-08,2026-10-03,2026-10-03,0
EXPD,2023-12-31,2277768000.0,158719000.0,1.0999999999999996,edgar,2024-02-23,2026-10-03,2026-10-03,0
EXPD,2024-03-31,2206678000.0,169152000.0,1.17,edgar,2024-05-09,2026-10-03,2026-10-03,0
EXPD,2024-06-30,2439001000.0,175469000.0,1.24,edgar,2024-08-08,2026-10-03,2026-10-03,0
EXPD,2024-09-30,3000131000.0,229574000.0,1.63,edgar,2024-11-05,2026-10-03,2026-10-03,0
EXPD,2024-12-31,2954705000.0,235878000.0,1.6799999999999997,edgar,2025-02-21,2026-10-03,2026-10-03,0
EXPD,2025-03-31,2666419000.0,203795000.0,1.47,edgar,2025-05-08,2026-10-03,2026-10-03,0
EXPD,2025-06-30,2651885000.0,183574000.0,1.34,edgar,2025-08-07,2026-10-03,2026-10-03,0
EXPD,2025-09-30,2894751000.0,222256000.0,1.64,edgar,2025-11-06,2026-10-03,2026-10-03,0
EXPD,2025-12-31,2855954000.0,200707000.0,1.5,edgar,2026-02-25,2026-10-03,2026-10-03,0
EXPD,2026-03-31,2782962000.0,229610000.0,1.71,edgar,2026-05-06,2026-10-03,2026-10-03,0
EXPD,2026-06-30,3502335000.0,266226000.0,2.03,edgar,2026-08-05,2026-10-03,2026-10-03,0
FA,2023-09-30,200364000.0,10773000.0,0.07,edgar,2023-11-09,2026-10-03,2026-10-03,0
FA,2023-12-31,202562000.0,14813000.0,0.10999999999999999,edgar,2024-02-29,2026-10-03,2026-10-03,0
FA,2024-03-31,169416000.0,-2908000.0,-0.02,edgar,2024-05-09,2026-10-03,2026-10-03,0
FA,2024-06-30,184546000.0,1861000.0,0.01,edgar,2024-08-08,2026-10-03,2026-10-03,0
FA,2024-09-30,199119000.0,-8860000.0,-0.06,edgar,2024-11-12,2026-10-03,2026-10-03,0
FA,2024-12-31,307124000.0,-100366000.0,-0.67,edgar,2025-02-27,2026-10-03,2026-10-03,0
FA,2025-03-31,354588000.0,-41194000.0,-0.24,edgar,2025-05-08,2026-10-03,2026-10-03,0
FA,2025-06-30,390633000.0,308000.0,0.0,edgar,2025-08-07,2026-10-03,2026-10-03,0
FA,2025-09-30,409151000.0,2593000.0,0.01,edgar,2025-11-06,2026-10-03,2026-10-03,0
FA,2025-12-31,420017000.0,3469000.0,0.02999999999999997,edgar,2026-02-26,2026-10-03,2026-10-03,0
FA,2026-03-31,385201000.0,2168000.0,0.01,edgar,2026-05-07,2026-10-03,2026-10-03,0
FA,2026-06-30,448763000.0,16914000.0,0.1,edgar,2026-08-06,2026-10-03,2026-10-03,0
FANG,2023-09-30,2340000000.0,915000000.0,5.07,edgar,2023-11-08,2026-10-03,2026-10-03,0
FANG,2023-12-31,2228000000.0,1153000000.0,5.34,edgar,2024-02-22,2026-10-03,2026-10-03,0
FANG,2024-03-31,2227000000.0,768000000.0,4.28,edgar,2024-05-02,2026-10-03,2026-10-03,0
FANG,2024-06-30,2483000000.0,837000000.0,4.66,edgar,2024-08-07,2026-10-03,2026-10-03,0
FANG,2024-09-30,2645000000.0,659000000.0,3.19,edgar,2024-11-07,2026-10-03,2026-10-03,0
FANG,2024-12-31,3711000000.0,1437000000.0,3.3999999999999986,edgar,2025-02-26,2026-10-03,2026-10-03,0
FANG,2025-03-31,4048000000.0,1405000000.0,4.83,edgar,2025-05-07,2026-10-03,2026-10-03,0
FANG,2025-06-30,3678000000.0,699000000.0,2.38,edgar,2025-08-06,2026-10-03,2026-10-03,0
FANG,2025-09-30,3924000000.0,1018000000.0,3.51,edgar,2025-11-05,2026-10-03,2026-10-03,0
FANG,2025-12-31,3376000000.0,-1575000000.0,-4.989999999999998,edgar,2026-02-25,2026-10-03,2026-10-03,0
FANG,2026-03-31,4240000000.0,25000000.0,0.08,edgar,2026-05-06,2026-10-03,2026-10-03,0
FANG,2026-06-30,5562000000.0,1882000000.0,6.65,edgar,2026-08-05,2026-10-03,2026-10-03,0
FATE,2023-09-30,1944000.0,-45170000.0,-0.46,edgar,2023-11-08,2026-10-03,2026-10-03,0
FATE,2023-12-31,1676000.0,-44122000.0,-0.44999999999999996,edgar,2024-02-26,2026-10-03,2026-10-03,0
FATE,2024-03-31,1925000.0,-48004000.0,-0.47,edgar,2024-05-09,2026-10-03,2026-10-03,0
FATE,2024-06-30,6772000.0,-38427000.0,-0.33,edgar,2024-08-13,2026-10-03,2026-10-03,0
FATE,2024-09-30,3074000.0,-47678000.0,-0.4,edgar,2024-11-12,2026-10-03,2026-10-03,0
FATE,2024-12-31,1860000.0,-52153000.0,-0.43999999999999995,edgar,2025-03-05,2026-10-03,2026-10-03,0
FATE,2025-03-31,1629000.0,-37621000.0,-0.32,edgar,2025-05-13,2026-10-03,2026-10-03,0
FATE,2025-06-30,1907000.0,-34070000.0,-0.29,edgar,2025-08-12,2026-10-03,2026-10-03,0
FATE,2025-09-30,1741000.0,-32250000.0,-0.27,edgar,2025-11-13,2026-10-03,2026-10-03,0
FATE,2025-12-31,1369000.0,-32374000.0,-0.2699999999999999,edgar,2026-02-26,2026-10-03,2026-10-03,0
FATE,2026-03-31,1299000.0,-31213000.0,-0.26,edgar,2026-05-13,2026-10-03,2026-10-03,0
FATE,2026-06-30,2082000.0,-30159000.0,-0.25,edgar,2026-08-13,2026-10-03,2026-10-03,0
FBIOP,2023-09-30,34752000.0,-5045000.0,-0.94,edgar,2023-11-14,2026-10-03,2026-10-03,0
FBIOP,2023-12-31,19946000.0,82358000.0,-3.670000000000001,edgar,2024-03-28,2026-10-03,2026-10-03,0
FBIOP,2024-03-31,13030000.0,-15417000.0,-1.04,edgar,2024-05-15,2026-10-03,2026-10-03,0
FBIOP,2024-06-30,14896000.0,-10948000.0,-0.73,edgar,2024-08-13,2026-10-03,2026-10-03,0
FBIOP,2024-09-30,14629000.0,-12867000.0,-0.76,edgar,2024-11-14,2026-10-03,2026-10-03,0
FBIOP,2024-12-31,15120000.0,60232000.0,-0.1599999999999997,edgar,2025-03-31,2026-10-03,2026-10-03,0
FBIOP,2025-03-31,13139000.0,-10584000.0,-0.48,edgar,2026-05-14,2026-10-03,2026-10-03,0
FBIOP,2025-06-30,16413000.0,15486000.0,0.45,edgar,2025-08-14,2026-10-03,2026-10-03,0
FBIOP,2025-09-30,17631000.0,5850000.0,0.11,edgar,2025-11-14,2026-10-03,2026-10-03,0
FBIOP,2025-12-31,16079000.0,26248000.0,-0.15000000000000002,edgar,2026-03-31,2026-10-03,2026-10-03,0
FBIOP,2026-03-31,16038000.0,110373000.0,2.82,edgar,2026-05-14,2026-10-03,2026-10-03,0
FBIOP,2026-06-30,18718000.0,-468000.0,-0.08,edgar,2026-08-13,2026-10-03,2026-10-03,0
FBP,2023-09-30,230024000.0,82022000.0,0.46,edgar,2023-11-08,2026-10-03,2026-10-03,0
FBP,2023-12-31,230291000.0,79489000.0,0.47,edgar,2024-02-28,2026-10-03,2026-10-03,0
FBP,2024-03-31,230503000.0,73458000.0,0.44,edgar,2024-05-09,2026-10-03,2026-10-03,0
FBP,2024-06-30,231666000.0,75838000.0,0.46,edgar,2024-08-09,2026-10-03,2026-10-03,0
FBP,2024-09-30,234566000.0,73727000.0,0.45,edgar,2024-11-08,2026-10-03,2026-10-03,0
FBP,2024-12-31,241466000.0,75701000.0,0.45999999999999996,edgar,2025-02-28,2026-10-03,2026-10-03,0
FBP,2025-03-31,248131000.0,77059000.0,0.47,edgar,2025-05-09,2026-10-03,2026-10-03,0
FBP,2025-06-30,246809000.0,80180000.0,0.5,edgar,2025-08-07,2026-10-03,2026-10-03,0
FBP,2025-09-30,248710000.0,100526000.0,0.63,edgar,2025-11-07,2026-10-03,2026-10-03,0
FBP,2025-12-31,257168000.0,87101000.0,0.5499999999999998,edgar,2026-02-27,2026-10-03,2026-10-03,0
FBP,2026-03-31,258641000.0,88778000.0,0.57,edgar,2026-05-08,2026-10-03,2026-10-03,0
FBP,2026-06-30,264863000.0,96154000.0,0.62,edgar,2026-08-07,2026-10-03,2026-10-03,0
FCEL,2023-10-31,22462000.0,-30364000.0,-7.72,edgar,2023-12-19,2026-10-03,2026-10-03,0
FCEL,2024-01-31,16691000.0,-19793000.0,-1.37,edgar,2024-03-07,2026-10-03,2026-10-03,0
FCEL,2024-04-30,22420000.0,-32140000.0,-2.18,edgar,2024-06-10,2026-10-03,2026-10-03,0
FCEL,2024-07-31,23695000.0,-32660000.0,-1.99,edgar,2024-09-05,2026-10-03,2026-10-03,0
FCEL,2024-10-31,49326000.0,-41416000.0,-2.29,edgar,2024-12-27,2026-10-03,2026-10-03,0
FCEL,2025-01-31,18997000.0,-28326000.0,-1.42,edgar,2025-03-11,2026-10-03,2026-10-03,0
FCEL,2025-04-30,37406000.0,-38049000.0,-1.79,edgar,2025-06-06,2026-10-03,2026-10-03,0
FCEL,2025-07-31,46743000.0,-91656000.0,-3.78,edgar,2025-09-09,2026-10-03,2026-10-03,0
FCEL,2025-10-31,55016000.0,-29868000.0,-0.4299999999999997,edgar,2025-12-18,2026-10-03,2026-10-03,0
FCEL,2026-01-31,30531000.0,-22860000.0,-0.49,edgar,2026-03-09,2026-10-03,2026-10-03,0
FCEL,2026-04-30,35589000.0,-77907000.0,-1.45,edgar,2026-06-08,2026-10-03,2026-10-03,0
FCEL,2026-07-31,33001000.0,-44467000.0,-0.64,edgar,2026-09-02,2026-10-03,2026-10-03,0
FCFS,2023-09-30,335081000.0,57144000.0,1.26,edgar,2023-10-30,2026-10-03,2026-10-03,0
FCFS,2023-12-31,397412000.0,69589000.0,1.5299999999999998,edgar,2024-02-05,2026-10-03,2026-10-03,0
FCFS,2024-03-31,366821000.0,61368000.0,1.35,edgar,2024-04-29,2026-10-03,2026-10-03,0
FCFS,2024-06-30,363463000.0,49073000.0,1.08,edgar,2024-07-29,2026-10-03,2026-10-03,0
FCFS,2024-09-30,363141000.0,64827000.0,1.44,edgar,2024-10-28,2026-10-03,2026-10-03,0
FCFS,2024-12-31,413671000.0,83547000.0,1.8600000000000003,edgar,2025-02-03,2026-10-03,2026-10-03,0
FCFS,2025-03-31,371056000.0,83591000.0,1.87,edgar,2025-04-28,2026-10-03,2026-10-03,0
FCFS,2025-06-30,385125000.0,59805000.0,1.34,edgar,2025-07-28,2026-10-03,2026-10-03,0
FCFS,2025-09-30,410968000.0,82807000.0,1.86,edgar,2025-11-03,2026-10-03,2026-10-03,0
FCFS,2025-12-31,501261000.0,104172000.0,2.3499999999999996,edgar,2026-02-09,2026-10-03,2026-10-03,0
FCFS,2026-03-31,464834000.0,107702000.0,2.43,edgar,2026-04-24,2026-10-03,2026-10-03,0
FCFS,2026-06-30,471263000.0,93467000.0,2.12,edgar,2026-07-27,2026-10-03,2026-10-03,0
FCNCA,2018-06-30,90486000.0,93291000.0,7.77,edgar,2018-08-02,2026-10-03,2026-10-03,0
FCNCA,2018-09-30,87436000.0,117318000.0,9.8,edgar,2018-11-01,2026-10-03,2026-10-03,0
FCNCA,2024-03-31,2444000000.0,731000000.0,49.26,edgar,2025-05-09,2026-10-03,2026-10-03,0
FCNCA,2024-06-30,2460000000.0,707000000.0,47.54,edgar,2025-08-08,2026-10-03,2026-10-03,0
FCNCA,2024-09-30,2446000000.0,639000000.0,43.42,edgar,2025-11-07,2026-10-03,2026-10-03,0
FCNCA,2024-12-31,2408000000.0,700000000.0,49.19,edgar,2025-02-21,2026-10-03,2026-10-03,0
FCNCA,2025-03-31,2298000000.0,483000000.0,34.47,edgar,2025-05-09,2026-10-03,2026-10-03,0
FCNCA,2025-06-30,2373000000.0,575000000.0,42.36,edgar,2025-08-08,2026-10-03,2026-10-03,0
FCNCA,2025-09-30,2433000000.0,568000000.0,43.08,edgar,2025-11-07,2026-10-03,2026-10-03,0
FCNCA,2025-12-31,2437000000.0,580000000.0,45.33000000000001,edgar,2026-02-24,2026-10-03,2026-10-03,0
FCNCA,2026-03-31,2313000000.0,534000000.0,42.63,edgar,2026-05-08,2026-10-03,2026-10-03,0
FCNCA,2026-06-30,2432000000.0,672000000.0,55.52,edgar,2026-08-07,2026-10-03,2026-10-03,0
FDMT,2023-09-30,20204000.0,-10256000.0,-0.24,edgar,2023-11-09,2026-10-03,2026-10-03,0
FDMT,2023-12-31,-18000.0,-32283000.0,-0.69,edgar,2024-02-29,2026-10-03,2026-10-03,0
FDMT,2024-03-31,28000.0,-32401000.0,-0.66,edgar,2024-05-09,2026-10-03,2026-10-03,0
FDMT,2024-06-30,5000.0,-34953000.0,-0.63,edgar,2024-08-08,2026-10-03,2026-10-03,0
FDMT,2024-09-30,3000.0,-43843000.0,-0.79,edgar,2024-11-13,2026-10-03,2026-10-03,0
FDMT,2024-12-31,1000.0,-49671000.0,-0.8999999999999999,edgar,2025-02-28,2026-10-03,2026-10-03,0
FDMT,2025-03-31,14000.0,-47972000.0,-0.86,edgar,2025-05-08,2026-10-03,2026-10-03,0
FDMT,2025-06-30,15000.0,-54658000.0,-0.98,edgar,2025-08-11,2026-10-03,2026-10-03,0
FDMT,2025-09-30,90000.0,-56876000.0,-1.01,edgar,2025-11-10,2026-10-03,2026-10-03,0
FDMT,2025-12-31,85090000.0,19397000.0,0.43000000000000016,edgar,2026-03-18,2026-10-03,2026-10-03,0
FDMT,2026-03-31,3047000.0,-68760000.0,-1.01,edgar,2026-05-07,2026-10-03,2026-10-03,0
FDMT,2026-06-30,3781000.0,-72936000.0,-1.04,edgar,2026-08-13,2026-10-03,2026-10-03,0
FEIM,2023-10-31,13575000.0,797000.0,0.08,edgar,2023-12-15,2026-10-03,2026-10-03,0
FEIM,2024-01-31,13714000.0,130000.0,0.01,edgar,2024-03-18,2026-10-03,2026-10-03,0
FEIM,2024-04-30,15577000.0,-2963406.0,0.27999999999999997,edgar,2024-08-02,2026-10-03,2026-10-03,0
FEIM,2024-07-31,15077000.0,2430000.0,0.25,edgar,2024-09-13,2026-10-03,2026-10-03,0
FEIM,2024-10-31,15820000.0,2654000.0,0.28,edgar,2024-12-16,2026-10-03,2026-10-03,0
FEIM,2025-01-31,18927000.0,15405000.0,1.6,edgar,2025-03-17,2026-10-03,2026-10-03,0
FEIM,2025-04-30,19987000.0,3197000.0,0.33000000000000007,edgar,2025-07-18,2026-10-03,2026-10-03,0
FEIM,2025-07-31,13812000.0,634000.0,0.07,edgar,2025-09-15,2026-10-03,2026-10-03,0
FEIM,2025-10-31,17127000.0,1801000.0,0.18,edgar,2025-12-15,2026-10-03,2026-10-03,0
FEIM,2026-01-31,16890000.0,1567000.0,0.16,edgar,2026-03-17,2026-10-03,2026-10-03,0
FEIM,2026-04-30,15398000.0,-4002903.0,-0.5,edgar,2026-07-17,2026-10-03,2026-10-03,0
FEIM,2026-07-31,23451000.0,4216000.0,0.41,edgar,2026-09-14,2026-10-03,2026-10-03,0
FENC,2023-09-30,6515000.0,-1867000.0,-0.07,edgar,2023-11-09,2026-10-03,2026-10-03,0
FENC,2023-12-31,9735000.0,-16031637000.0,-0.08999999999999997,edgar,2024-03-29,2026-10-03,2026-10-03,0
FENC,2024-03-31,25377000.0,12837000.0,0.41,edgar,2024-05-14,2026-10-03,2026-10-03,0
FENC,2024-06-30,7262000.0,-5553000.0,-0.2,edgar,2024-08-13,2026-10-03,2026-10-03,0
FENC,2024-09-30,6974000.0,-5735000.0,-0.21,edgar,2024-11-08,2026-10-03,2026-10-03,0
FENC,2024-12-31,7925000.0,-437549000.0,-0.019999999999999973,edgar,2025-03-26,2026-10-03,2026-10-03,0
FENC,2025-03-31,8751000.0,-1165000.0,-0.04,edgar,2025-05-14,2026-10-03,2026-10-03,0
FENC,2025-06-30,9652000.0,-3152000.0,-0.11,edgar,2025-08-14,2026-10-03,2026-10-03,0
FENC,2025-09-30,12462000.0,-638000.0,-0.02,edgar,2025-11-13,2026-10-03,2026-10-03,0
FENC,2025-12-31,13777000.0,-9736045000.0,-0.17,edgar,2026-03-27,2026-10-03,2026-10-03,0
FENC,2026-03-31,15108000.0,201000.0,0.01,edgar,2026-05-14,2026-10-03,2026-10-03,0
FENC,2026-06-30,17874000.0,1973000.0,0.05,edgar,2026-08-13,2026-10-03,2026-10-03,0
FET,2023-06-30,185449000.0,-6579000.0,-0.64,edgar,2023-08-04,2026-10-03,2026-10-03,0
FET,2023-09-30,179253000.0,7969000.0,0.77,edgar,2023-11-03,2026-10-03,2026-10-03,0
FET,2023-12-31,185205000.0,-16780000.0,-1.6400000000000001,edgar,2024-03-05,2026-10-03,2026-10-03,0
FET,2024-03-31,202392000.0,-10315000.0,-0.85,edgar,2024-05-03,2026-10-03,2026-10-03,0
FET,2024-06-30,205209000.0,-6696000.0,-0.54,edgar,2024-08-02,2026-10-03,2026-10-03,0
FET,2024-09-30,207806000.0,-14815000.0,-1.2,edgar,2024-11-01,2026-10-03,2026-10-03,0
FET,2024-12-31,201018000.0,-103500000.0,-8.41,edgar,2025-03-03,2026-10-03,2026-10-03,0
FET,2025-03-31,193279000.0,1122000.0,0.09,edgar,2025-05-02,2026-10-03,2026-10-03,0
FET,2025-06-30,199764000.0,7700000.0,0.61,edgar,2025-08-08,2026-10-03,2026-10-03,0
FET,2025-09-30,196231000.0,-20554000.0,-1.76,edgar,2025-10-31,2026-10-03,2026-10-03,0
FET,2025-12-31,202200000.0,2072000.0,0.25,edgar,2026-02-27,2026-10-03,2026-10-03,0
FET,2026-03-31,208700000.0,4492000.0,0.39,edgar,2026-05-01,2026-10-03,2026-10-03,0
FFIV,2023-09-30,706974000.0,152134000.0,2.5300000000000002,edgar,2023-11-14,2026-10-03,2026-10-03,0
FFIV,2023-12-31,692597000.0,138382000.0,2.32,edgar,2024-02-05,2026-10-03,2026-10-03,0
FFIV,2024-03-31,681354000.0,119021000.0,2.0,edgar,2024-05-06,2026-10-03,2026-10-03,0
FFIV,2024-06-30,695495000.0,144079000.0,2.44,edgar,2024-08-06,2026-10-03,2026-10-03,0
FFIV,2024-09-30,746674000.0,165296000.0,2.790000000000001,edgar,2024-11-18,2026-10-03,2026-10-03,0
FFIV,2024-12-31,766489000.0,166445000.0,2.82,edgar,2025-02-07,2026-10-03,2026-10-03,0
FFIV,2025-03-31,731123000.0,145530000.0,2.48,edgar,2025-05-06,2026-10-03,2026-10-03,0
FFIV,2025-06-30,780370000.0,189912000.0,3.25,edgar,2025-08-06,2026-10-03,2026-10-03,0
FFIV,2025-09-30,810090000.0,190493000.0,3.25,edgar,2025-11-25,2026-10-03,2026-10-03,0
FFIV,2025-12-31,822465000.0,180054000.0,3.1,edgar,2026-02-05,2026-10-03,2026-10-03,0
FFIV,2026-03-31,811700000.0,147755000.0,2.58,edgar,2026-05-05,2026-10-03,2026-10-03,0
FFIV,2026-06-30,865077000.0,208208000.0,3.62,edgar,2026-08-06,2026-10-03,2026-10-03,0
FHTX,2023-09-30,17478000.0,-14345000.0,-0.34,edgar,2023-11-02,2026-10-03,2026-10-03,0
FHTX,2023-12-31,5769000.0,-24106000.0,-0.5699999999999998,edgar,2024-03-07,2026-10-03,2026-10-03,0
FHTX,2024-03-31,5050000.0,-25016000.0,-0.59,edgar,2024-05-06,2026-10-03,2026-10-03,0
FHTX,2024-06-30,6888000.0,-22979000.0,-0.45,edgar,2024-08-08,2026-10-03,2026-10-03,0
FHTX,2024-09-30,7808000.0,-19122000.0,-0.31,edgar,2024-11-04,2026-10-03,2026-10-03,0
FHTX,2024-12-31,2856000.0,-19503000.0,-0.22999999999999998,edgar,2025-03-06,2026-10-03,2026-10-03,0
FHTX,2025-03-31,5952000.0,-18834000.0,-0.3,edgar,2025-05-14,2026-10-03,2026-10-03,0
FHTX,2025-06-30,7557000.0,-17936000.0,-0.28,edgar,2025-08-05,2026-10-03,2026-10-03,0
FHTX,2025-09-30,8153000.0,-15849000.0,-0.25,edgar,2025-11-05,2026-10-03,2026-10-03,0
FHTX,2025-12-31,9247000.0,-21664000.0,-0.34999999999999987,edgar,2026-03-11,2026-10-03,2026-10-03,0
FHTX,2026-03-31,3267000.0,-19875000.0,-0.29,edgar,2026-05-07,2026-10-03,2026-10-03,0
FHTX,2026-06-30,16072000.0,-7191000.0,-0.1,edgar,2026-08-06,2026-10-03,2026-10-03,0
FIGS,2023-09-30,142364000.0,6146000.0,0.03,edgar,2023-11-02,2026-10-03,2026-10-03,0
FIGS,2023-12-31,144918000.0,9963000.0,0.06,edgar,2024-02-28,2026-10-03,2026-10-03,0
FIGS,2024-03-31,119293000.0,1435000.0,0.01,edgar,2024-05-09,2026-10-03,2026-10-03,0
FIGS,2024-06-30,144225000.0,1100000.0,0.01,edgar,2024-08-08,2026-10-03,2026-10-03,0
FIGS,2024-09-30,140209000.0,-1700000.0,-0.01,edgar,2024-11-07,2026-10-03,2026-10-03,0
FIGS,2024-12-31,151831000.0,1865000.0,0.01,edgar,2025-02-27,2026-10-03,2026-10-03,0
FIGS,2025-03-31,124901000.0,-102000.0,0.0,edgar,2025-05-08,2026-10-03,2026-10-03,0
FIGS,2025-06-30,152640000.0,7099000.0,0.04,edgar,2025-08-07,2026-10-03,2026-10-03,0
FIGS,2025-09-30,151661000.0,8746000.0,0.05,edgar,2025-11-06,2026-10-03,2026-10-03,0
FIGS,2025-12-31,201896000.0,18557000.0,0.1,edgar,2026-02-26,2026-10-03,2026-10-03,0
FIGS,2026-03-31,159902000.0,6288000.0,0.03,edgar,2026-05-07,2026-10-03,2026-10-03,0
FIGS,2026-06-30,196619000.0,28379000.0,0.15,edgar,2026-08-06,2026-10-03,2026-10-03,0
FIVE,2023-10-28,736405000.0,14594000.0,0.26,edgar,2023-11-30,2026-10-03,2026-10-03,0
FIVE,2024-02-03,1337736000.0,202199000.0,3.65,edgar,2024-03-21,2026-10-03,2026-10-03,0
FIVE,2024-05-04,811863000.0,31467000.0,0.57,edgar,2024-06-06,2026-10-03,2026-10-03,0
FIVE,2024-08-03,830069000.0,33000000.0,0.6,edgar,2024-08-29,2026-10-03,2026-10-03,0
FIVE,2024-11-02,843710000.0,1687000.0,0.03,edgar,2024-12-05,2026-10-03,2026-10-03,0
FIVE,2025-02-01,1390885000.0,187457000.0,3.39,edgar,2025-03-20,2026-10-03,2026-10-03,0
FIVE,2025-05-03,970527000.0,41148000.0,0.75,edgar,2025-06-05,2026-10-03,2026-10-03,0
FIVE,2025-08-02,1026847000.0,42762000.0,0.77,edgar,2025-08-28,2026-10-03,2026-10-03,0
FIVE,2025-11-01,1038293000.0,36505000.0,0.66,edgar,2025-12-04,2026-10-03,2026-10-03,0
FIVE,2026-01-31,1728480000.0,238185000.0,4.289999999999999,edgar,2026-03-19,2026-10-03,2026-10-03,0
FIVE,2026-05-02,1285602000.0,123056000.0,2.21,edgar,2026-06-04,2026-10-03,2026-10-03,0
FIVE,2026-08-01,1261493000.0,221395000.0,3.99,edgar,2026-09-03,2026-10-03,2026-10-03,0
FIVN,2023-09-30,230105000.0,-20419000.0,-0.28,edgar,2023-11-02,2026-10-03,2026-10-03,0
FIVN,2023-12-31,239062000.0,-12358000.0,-0.17,edgar,2024-02-22,2026-10-03,2026-10-03,0
FIVN,2024-03-31,247010000.0,-7077000.0,-0.1,edgar,2024-05-02,2026-10-03,2026-10-03,0
FIVN,2024-06-30,252086000.0,-12816000.0,-0.17,edgar,2024-08-08,2026-10-03,2026-10-03,0
FIVN,2024-09-30,264182000.0,-4479000.0,-0.06,edgar,2024-11-07,2026-10-03,2026-10-03,0
FIVN,2024-12-31,278660000.0,11577000.0,0.13,edgar,2025-02-21,2026-10-03,2026-10-03,0
FIVN,2025-03-31,279705000.0,576000.0,0.01,edgar,2025-05-01,2026-10-03,2026-10-03,0
FIVN,2025-06-30,283269000.0,1154000.0,0.01,edgar,2025-07-31,2026-10-03,2026-10-03,0
FIVN,2025-09-30,285832000.0,17973000.0,0.21,edgar,2025-11-06,2026-10-03,2026-10-03,0
FIVN,2025-12-31,300282000.0,19713000.0,0.23,edgar,2026-02-20,2026-10-03,2026-10-03,0
FIVN,2026-03-31,305319000.0,18412000.0,0.21,edgar,2026-04-30,2026-10-03,2026-10-03,0
FIVN,2026-06-30,312444000.0,3367000.0,0.04,edgar,2026-08-06,2026-10-03,2026-10-03,0
FLOC,2024-03-31,20549000.0,17185000.0,,edgar,2025-05-13,2026-10-03,2026-10-03,0
FLOC,2024-06-30,41629000.0,20082000.0,,edgar,2025-08-05,2026-10-03,2026-10-03,0
FLOC,2024-09-30,102125000.0,20646000.0,,edgar,2025-11-05,2026-10-03,2026-10-03,0
FLOC,2024-12-31,94288000.0,22336000.0,,edgar,2026-02-04,2026-10-03,2026-10-03,0
FLOC,2025-03-31,95054000.0,6172000.0,0.24,edgar,2025-05-13,2026-10-03,2026-10-03,0
FLOC,2025-06-30,91111000.0,5471000.0,0.21,edgar,2025-08-05,2026-10-03,2026-10-03,0
FLOC,2025-09-30,69975000.0,12517000.0,0.32,edgar,2025-11-05,2026-10-03,2026-10-03,0
FLOC,2025-12-31,85621000.0,17238000.0,0.47,edgar,2026-02-26,2026-10-03,2026-10-03,0
FLOC,2026-03-31,87657000.0,7442000.0,0.23,edgar,2026-05-06,2026-10-03,2026-10-03,0
FLOC,2026-06-30,103189000.0,12515000.0,0.28,edgar,2026-08-11,2026-10-03,2026-10-03,0
FLXS,2023-09-30,94603000.0,752000.0,0.14,edgar,2023-11-01,2026-10-03,2026-10-03,0
FLXS,2023-12-31,100108000.0,3051000.0,0.57,edgar,2024-02-07,2026-10-03,2026-10-03,0
FLXS,2024-03-31,107219000.0,1803000.0,0.33,edgar,2024-05-01,2026-10-03,2026-10-03,0
FLXS,2024-06-30,110822000.0,4922000.0,0.89,edgar,2024-08-30,2026-10-03,2026-10-03,0
FLXS,2024-09-30,104007000.0,4140000.0,0.74,edgar,2024-10-23,2026-10-03,2026-10-03,0
FLXS,2024-12-31,108483000.0,9054000.0,1.62,edgar,2025-02-05,2026-10-03,2026-10-03,0
FLXS,2025-03-31,113972000.0,-3742000.0,-0.71,edgar,2025-04-23,2026-10-03,2026-10-03,0
FLXS,2025-06-30,114611000.0,10702000.0,1.89,edgar,2025-08-22,2026-10-03,2026-10-03,0
FLXS,2025-09-30,110439000.0,7327000.0,1.31,edgar,2025-10-22,2026-10-03,2026-10-03,0
FLXS,2025-12-31,118249000.0,6644000.0,1.18,edgar,2026-02-04,2026-10-03,2026-10-03,0
FLXS,2026-03-31,115125000.0,6445000.0,1.14,edgar,2026-04-22,2026-10-03,2026-10-03,0
FLXS,2026-06-30,115365000.0,12712000.0,2.4400000000000004,edgar,2026-08-19,2026-10-03,2026-10-03,0
FMNB,2024-03-31,63411000.0,11240000.0,0.3,edgar,2025-05-08,2026-10-03,2026-10-03,0
FMNB,2024-06-30,66452000.0,11783000.0,0.31,edgar,2025-08-07,2026-10-03,2026-10-03,0
FMNB,2024-09-30,70263000.0,8535000.0,0.23,edgar,2025-11-06,2026-10-03,2026-10-03,0
FMNB,2024-12-31,69322000.0,14391000.0,0.38,edgar,2025-03-06,2026-10-03,2026-10-03,0
FMNB,2025-03-31,67786000.0,13578000.0,0.36,edgar,2025-05-08,2026-10-03,2026-10-03,0
FMNB,2025-06-30,69824000.0,13910000.0,0.37,edgar,2025-08-07,2026-10-03,2026-10-03,0
FMNB,2025-09-30,70796000.0,12461000.0,0.33,edgar,2025-11-06,2026-10-03,2026-10-03,0
FMNB,2025-12-31,71516000.0,14637000.0,0.3899999999999999,edgar,2026-03-05,2026-10-03,2026-10-03,0
FMNB,2026-03-31,80805000.0,16264000.0,0.36,edgar,2026-05-07,2026-10-03,2026-10-03,0
FMNB,2026-06-30,100507000.0,23035000.0,0.39,edgar,2026-08-06,2026-10-03,2026-10-03,0
FORM,2023-09-30,171575000.0,4371000.0,0.06,edgar,2023-11-07,2026-10-03,2026-10-03,0
FORM,2023-12-30,168163000.0,75846000.0,0.9600000000000001,edgar,2024-02-23,2026-10-03,2026-10-03,0
FORM,2024-03-30,168725000.0,21781000.0,0.28,edgar,2024-05-07,2026-10-03,2026-10-03,0
FORM,2024-06-29,197474000.0,19392000.0,0.25,edgar,2024-08-07,2026-10-03,2026-10-03,0
FORM,2024-09-28,207917000.0,18736000.0,0.24,edgar,2024-11-05,2026-10-03,2026-10-03,0
FORM,2024-12-28,189483000.0,9705000.0,0.12,edgar,2025-02-21,2026-10-03,2026-10-03,0
FORM,2025-03-29,171356000.0,6401000.0,0.08,edgar,2025-05-06,2026-10-03,2026-10-03,0
FORM,2025-06-28,195798000.0,9086000.0,0.12,edgar,2025-08-05,2026-10-03,2026-10-03,0
FORM,2025-09-27,202676000.0,15656000.0,0.2,edgar,2025-11-04,2026-10-03,2026-10-03,0
FORM,2025-12-27,215163000.0,23218000.0,0.2899999999999999,edgar,2026-02-20,2026-10-03,2026-10-03,0
FORM,2026-03-28,226144000.0,20384000.0,0.26,edgar,2026-05-05,2026-10-03,2026-10-03,0
FORM,2026-06-27,258242000.0,56207000.0,0.71,edgar,2026-08-04,2026-10-03,2026-10-03,0
FOX,2023-09-30,3207000000.0,415000000.0,0.82,edgar,2023-11-02,2026-10-03,2026-10-03,0
FOX,2023-12-31,4234000000.0,115000000.0,0.23,edgar,2024-02-07,2026-10-03,2026-10-03,0
FOX,2024-03-31,3447000000.0,704000000.0,1.4,edgar,2024-05-08,2026-10-03,2026-10-03,0
FOX,2024-06-30,3092000000.0,320000000.0,0.6800000000000002,edgar,2024-08-08,2026-10-03,2026-10-03,0
FOX,2024-09-30,3564000000.0,832000000.0,1.78,edgar,2024-11-04,2026-10-03,2026-10-03,0
FOX,2024-12-31,5078000000.0,388000000.0,0.81,edgar,2025-02-04,2026-10-03,2026-10-03,0
FOX,2025-03-31,4371000000.0,354000000.0,0.75,edgar,2025-05-12,2026-10-03,2026-10-03,0
FOX,2025-06-30,3287000000.0,719000000.0,1.5700000000000003,edgar,2025-08-06,2026-10-03,2026-10-03,0
FOX,2025-09-30,3738000000.0,609000000.0,1.32,edgar,2025-10-30,2026-10-03,2026-10-03,0
FOX,2025-12-31,5182000000.0,247000000.0,0.52,edgar,2026-02-04,2026-10-03,2026-10-03,0
FOX,2026-03-31,3994000000.0,175000000.0,0.38,edgar,2026-05-11,2026-10-03,2026-10-03,0
FOX,2026-06-30,4212000000.0,696000000.0,1.6199999999999997,edgar,2026-08-06,2026-10-03,2026-10-03,0
FRD,2023-06-30,137298000.0,7690000.0,1.04,edgar,2023-08-14,2026-10-03,2026-10-03,0
FRD,2023-09-30,130748000.0,3513000.0,0.48,edgar,2023-11-14,2026-10-03,2026-10-03,0
FRD,2023-12-31,115973000.0,1184000.0,0.16,edgar,2024-02-14,2026-10-03,2026-10-03,0
FRD,2024-03-31,132232000.0,4958000.0,0.7100000000000002,edgar,2024-06-11,2026-10-03,2026-10-03,0
FRD,2024-06-30,114551000.0,2567000.0,0.37,edgar,2024-08-08,2026-10-03,2026-10-03,0
FRD,2024-09-30,106759000.0,-675000.0,-0.1,edgar,2024-11-12,2026-10-03,2026-10-03,0
FRD,2024-12-31,94074000.0,-1152000.0,-0.17,edgar,2025-02-07,2026-10-03,2026-10-03,0
FRD,2025-03-31,129216000.0,5345000.0,0.77,edgar,2025-06-12,2026-10-03,2026-10-03,0
FRD,2025-06-30,134777000.0,5028000.0,0.71,edgar,2025-08-07,2026-10-03,2026-10-03,0
FRD,2025-09-30,152383000.0,2240000.0,0.32,edgar,2025-11-10,2026-10-03,2026-10-03,0
FRD,2025-12-31,167974000.0,3043000.0,0.43,edgar,2026-02-09,2026-10-03,2026-10-03,0
FRD,2026-06-30,239971000.0,12784000.0,1.79,edgar,2026-08-06,2026-10-03,2026-10-03,0
FRHC,2023-09-30,435581000.0,115847000.0,1.95,edgar,2023-11-09,2026-10-03,2026-10-03,0
FRHC,2023-12-31,418634000.0,96368000.0,1.63,edgar,2024-02-09,2026-10-03,2026-10-03,0
FRHC,2024-03-31,476831000.0,98790000.0,1.6600000000000001,edgar,2024-06-14,2026-10-03,2026-10-03,0
FRHC,2024-06-30,454999000.0,34400000.0,0.57,edgar,2024-08-09,2026-10-03,2026-10-03,0
FRHC,2024-09-30,586139000.0,114658000.0,1.89,edgar,2024-11-08,2026-10-03,2026-10-03,0
FRHC,2024-12-31,664578000.0,78281000.0,1.29,edgar,2025-02-07,2026-10-03,2026-10-03,0
FRHC,2025-03-31,298439000.0,-151052000.0,-2.49,edgar,2025-06-13,2026-10-03,2026-10-03,0
FRHC,2025-06-30,523981000.0,37356000.0,0.61,edgar,2025-08-08,2026-10-03,2026-10-03,0
FRHC,2025-09-30,526107000.0,38721000.0,0.63,edgar,2025-11-07,2026-10-03,2026-10-03,0
FRHC,2025-12-31,628621000.0,76235000.0,1.25,edgar,2026-02-09,2026-10-03,2026-10-03,0
FRHC,2026-03-31,512582000.0,1016000.0,0.019999999999999574,edgar,2026-06-01,2026-10-03,2026-10-03,0
FRHC,2026-06-30,732527000.0,31660000.0,0.52,edgar,2026-08-10,2026-10-03,2026-10-03,0
FRO,2011-09-30,173914000.0,-166156000.0,-2.13,edgar,2012-11-29,2026-10-03,2026-10-03,0
FRO,2012-03-31,149253000.0,7175000.0,0.09,edgar,2013-05-30,2026-10-03,2026-10-03,0
FRO,2012-09-30,126809000.0,-49017000.0,-0.63,edgar,2012-11-29,2026-10-03,2026-10-03,0
FRO,2013-03-31,125903000.0,-18755000.0,-0.24,edgar,2013-05-30,2026-10-03,2026-10-03,0
FRO,2013-06-30,121222000.0,-120277000.0,-1.55,edgar,2014-08-29,2026-10-03,2026-10-03,0
FRO,2014-06-30,118972000.0,-78230000.0,-0.81,edgar,2014-08-29,2026-10-03,2026-10-03,0
FSBW,2021-09-30,777000.0,8331000.0,0.98,edgar,2021-11-09,2026-10-03,2026-10-03,0
FSBW,2021-12-31,786000.0,8637000.0,1.06,edgar,2022-03-16,2026-10-03,2026-10-03,0
FSBW,2022-03-31,759000.0,6870000.0,0.83,edgar,2022-05-10,2026-10-03,2026-10-03,0
FSBW,2022-06-30,809000.0,6699000.0,0.83,edgar,2022-08-09,2026-10-03,2026-10-03,0
FSBW,2022-09-30,812000.0,8458000.0,1.08,edgar,2022-11-09,2026-10-03,2026-10-03,0
FSBW,2022-12-31,805000.0,7573000.0,0.96,edgar,2023-03-16,2026-10-03,2026-10-03,0
FSBW,2023-03-31,914000.0,8212000.0,1.04,edgar,2023-05-10,2026-10-03,2026-10-03,0
FSBW,2023-06-30,1270000.0,9116000.0,1.16,edgar,2023-08-09,2026-10-03,2026-10-03,0
FSBW,2023-09-30,1240000.0,8953000.0,1.13,edgar,2023-11-08,2026-10-03,2026-10-03,0
FSBW,2023-12-31,1188000.0,9819000.0,1.2299999999999995,edgar,2024-03-15,2026-10-03,2026-10-03,0
FSBW,2024-03-31,1127000.0,8397000.0,1.06,edgar,2024-05-10,2026-10-03,2026-10-03,0
FSBW,2024-06-30,1173000.0,8959000.0,1.13,edgar,2024-08-09,2026-10-03,2026-10-03,0
FSLY,2023-09-30,127816000.0,-54311000.0,-0.42,edgar,2023-11-03,2026-10-03,2026-10-03,0
FSLY,2023-12-31,137777000.0,-23398000.0,-0.17000000000000004,edgar,2024-02-22,2026-10-03,2026-10-03,0
FSLY,2024-03-31,133520000.0,-43427000.0,-0.32,edgar,2024-05-01,2026-10-03,2026-10-03,0
FSLY,2024-06-30,132371000.0,-43729000.0,-0.32,edgar,2024-08-08,2026-10-03,2026-10-03,0
FSLY,2024-09-30,137206000.0,-38016000.0,-0.27,edgar,2024-11-07,2026-10-03,2026-10-03,0
FSLY,2024-12-31,140579000.0,-32928000.0,-0.22999999999999987,edgar,2025-02-26,2026-10-03,2026-10-03,0
FSLY,2025-03-31,144474000.0,-39148000.0,-0.27,edgar,2025-05-07,2026-10-03,2026-10-03,0
FSLY,2025-06-30,148709000.0,-37541000.0,-0.26,edgar,2025-08-06,2026-10-03,2026-10-03,0
FSLY,2025-09-30,158223000.0,-29483000.0,-0.2,edgar,2025-11-07,2026-10-03,2026-10-03,0
FSLY,2025-12-31,172612000.0,-15528000.0,-0.09999999999999998,edgar,2026-02-25,2026-10-03,2026-10-03,0
FSLY,2026-03-31,173021000.0,-20524000.0,-0.13,edgar,2026-05-06,2026-10-03,2026-10-03,0
FSLY,2026-06-30,183317000.0,-15591000.0,-0.1,edgar,2026-08-05,2026-10-03,2026-10-03,0
FTAIM,2023-09-30,291096000.0,41307000.0,0.33,edgar,2023-10-26,2026-10-03,2026-10-03,0
FTAIM,2023-12-31,312737000.0,118360000.0,1.0999999999999999,edgar,2026-02-27,2026-10-03,2026-10-03,0
FTAIM,2024-03-31,326694000.0,39622000.0,0.31,edgar,2024-04-26,2026-10-03,2026-10-03,0
FTAIM,2024-06-30,443594000.0,-219870000.0,-2.26,edgar,2024-08-09,2026-10-03,2026-10-03,0
FTAIM,2024-09-30,465794000.0,86482000.0,0.76,edgar,2024-11-12,2026-10-03,2026-10-03,0
FTAIM,2024-12-31,498819000.0,102448000.0,0.8699999999999997,edgar,2026-02-27,2026-10-03,2026-10-03,0
FTAIM,2025-03-31,502080000.0,102386000.0,0.87,edgar,2025-05-05,2026-10-03,2026-10-03,0
FTAIM,2025-06-30,676237000.0,165398000.0,1.57,edgar,2025-07-31,2026-10-03,2026-10-03,0
FTAIM,2025-09-30,667064000.0,117718000.0,1.1,edgar,2025-10-29,2026-10-03,2026-10-03,0
FTAIM,2025-12-31,662028000.0,115562000.0,1.0599999999999996,edgar,2026-02-27,2026-10-03,2026-10-03,0
FTAIM,2026-03-31,830697000.0,137899000.0,1.29,edgar,2026-05-01,2026-10-03,2026-10-03,0
FTAIM,2026-06-30,953085000.0,125094000.0,1.13,edgar,2026-07-31,2026-10-03,2026-10-03,0
FTDR,2023-09-30,524000000.0,71000000.0,0.89,edgar,2023-11-01,2026-10-03,2026-10-03,0
FTDR,2023-12-31,366000000.0,8000000.0,0.11000000000000032,edgar,2024-02-28,2026-10-03,2026-10-03,0
FTDR,2024-03-31,378000000.0,34000000.0,0.43,edgar,2024-05-02,2026-10-03,2026-10-03,0
FTDR,2024-06-30,542000000.0,92000000.0,1.18,edgar,2024-08-01,2026-10-03,2026-10-03,0
FTDR,2024-09-30,540000000.0,100000000.0,1.3,edgar,2024-11-04,2026-10-03,2026-10-03,0
FTDR,2024-12-31,383000000.0,9000000.0,0.09999999999999964,edgar,2025-02-27,2026-10-03,2026-10-03,0
FTDR,2025-03-31,426000000.0,37000000.0,0.49,edgar,2025-05-01,2026-10-03,2026-10-03,0
FTDR,2025-06-30,617000000.0,111000000.0,1.48,edgar,2025-08-05,2026-10-03,2026-10-03,0
FTDR,2025-09-30,618000000.0,106000000.0,1.42,edgar,2025-11-05,2026-10-03,2026-10-03,0
FTDR,2025-12-31,432000000.0,1000000.0,0.03000000000000025,edgar,2026-02-26,2026-10-03,2026-10-03,0
FTDR,2026-03-31,451000000.0,41000000.0,0.57,edgar,2026-04-30,2026-10-03,2026-10-03,0
FTDR,2026-06-30,645000000.0,125000000.0,1.76,edgar,2026-08-06,2026-10-03,2026-10-03,0
FTI,2023-09-30,2056900000.0,90000000.0,0.2,edgar,2023-10-26,2026-10-03,2026-10-03,0
FTI,2023-12-31,2077700000.0,53000000.0,0.12,edgar,2024-02-27,2026-10-03,2026-10-03,0
FTI,2024-03-31,2042000000.0,157100000.0,0.35,edgar,2024-04-26,2026-10-03,2026-10-03,0
FTI,2024-06-30,2325600000.0,186500000.0,0.42,edgar,2024-07-25,2026-10-03,2026-10-03,0
FTI,2024-09-30,2348400000.0,274600000.0,0.63,edgar,2024-10-24,2026-10-03,2026-10-03,0
FTI,2024-12-31,2367300000.0,224700000.0,0.51,edgar,2025-02-27,2026-10-03,2026-10-03,0
FTI,2025-03-31,2233600000.0,142000000.0,0.33,edgar,2025-04-24,2026-10-03,2026-10-03,0
FTI,2025-06-30,2534700000.0,269500000.0,0.64,edgar,2025-07-24,2026-10-03,2026-10-03,0
FTI,2025-09-30,2647300000.0,309700000.0,0.75,edgar,2025-10-23,2026-10-03,2026-10-03,0
FTI,2025-12-31,2517000000.0,242700000.0,0.5799999999999998,edgar,2026-02-19,2026-10-03,2026-10-03,0
FTI,2026-03-31,2492700000.0,260500000.0,0.64,edgar,2026-04-30,2026-10-03,2026-10-03,0
FTI,2026-06-30,2763100000.0,362700000.0,0.9,edgar,2026-07-30,2026-10-03,2026-10-03,0
FTK,2023-09-30,47268000.0,1287000.0,0.04,edgar,2023-11-08,2026-10-03,2026-10-03,0
FTK,2023-12-31,42189000.0,2104000.0,0.09,edgar,2024-03-15,2026-10-03,2026-10-03,0
FTK,2024-03-31,40374000.0,1562000.0,0.05,edgar,2024-05-09,2026-10-03,2026-10-03,0
FTK,2024-06-30,46152000.0,1974000.0,0.06,edgar,2024-08-08,2026-10-03,2026-10-03,0
FTK,2024-09-30,49742000.0,2532000.0,0.08,edgar,2024-11-07,2026-10-03,2026-10-03,0
FTK,2024-12-31,50757000.0,4430000.0,0.15000000000000002,edgar,2025-03-12,2026-10-03,2026-10-03,0
FTK,2025-03-31,55362000.0,5380000.0,0.17,edgar,2025-05-08,2026-10-03,2026-10-03,0
FTK,2025-06-30,58350000.0,1768000.0,0.05,edgar,2025-08-08,2026-10-03,2026-10-03,0
FTK,2025-09-30,56031000.0,20355000.0,0.53,edgar,2025-11-07,2026-10-03,2026-10-03,0
FTK,2025-12-31,67519000.0,3025000.0,0.08999999999999997,edgar,2026-03-16,2026-10-03,2026-10-03,0
FTK,2026-03-31,70051000.0,4664000.0,0.12,edgar,2026-05-07,2026-10-03,2026-10-03,0
FTK,2026-06-30,99367000.0,9953000.0,0.26,edgar,2026-08-06,2026-10-03,2026-10-03,0
FTNT,2023-09-30,1334600000.0,322900000.0,0.41,edgar,2023-11-07,2026-10-03,2026-10-03,0
FTNT,2023-12-31,1415100000.0,310880499.0,0.4099999999999999,edgar,2024-02-26,2026-10-03,2026-10-03,0
FTNT,2024-03-31,1353300000.0,299300000.0,0.39,edgar,2024-05-06,2026-10-03,2026-10-03,0
FTNT,2024-06-30,1434300000.0,379800000.0,0.49,edgar,2024-08-08,2026-10-03,2026-10-03,0
FTNT,2024-09-30,1508100000.0,539900000.0,0.7,edgar,2024-11-08,2026-10-03,2026-10-03,0
FTNT,2024-12-31,1660100000.0,526218820.0,0.6799999999999997,edgar,2025-02-21,2026-10-03,2026-10-03,0
FTNT,2025-03-31,1539700000.0,433400000.0,0.56,edgar,2025-05-08,2026-10-03,2026-10-03,0
FTNT,2025-06-30,1630000000.0,440100000.0,0.57,edgar,2025-08-08,2026-10-03,2026-10-03,0
FTNT,2025-09-30,1724900000.0,473900000.0,0.62,edgar,2025-11-07,2026-10-03,2026-10-03,0
FTNT,2025-12-31,1905000000.0,506042685.0,0.6699999999999999,edgar,2026-02-25,2026-10-03,2026-10-03,0
FTNT,2026-03-31,1849600000.0,534500000.0,0.72,edgar,2026-05-08,2026-10-03,2026-10-03,0
FTNT,2026-06-30,2047900000.0,606300000.0,0.82,edgar,2026-07-30,2026-10-03,2026-10-03,0
FTRE,2023-09-30,713800000.0,-14000000.0,-0.16,edgar,2023-11-13,2026-10-03,2026-10-03,0
FTRE,2023-12-31,709700000.0,-54300000.0,-0.6199999999999999,edgar,2024-03-13,2026-10-03,2026-10-03,0
FTRE,2024-03-31,662100000.0,-101000000.0,-1.13,edgar,2024-05-24,2026-10-03,2026-10-03,0
FTRE,2024-06-30,662400000.0,-138400000.0,-1.55,edgar,2024-08-12,2026-10-03,2026-10-03,0
FTRE,2024-09-30,674900000.0,-27900000.0,-0.31,edgar,2024-11-08,2026-10-03,2026-10-03,0
FTRE,2024-12-31,697000000.0,-61700000.0,-0.6800000000000002,edgar,2025-03-03,2026-10-03,2026-10-03,0
FTRE,2025-03-31,651300000.0,-562900000.0,-6.25,edgar,2025-05-12,2026-10-03,2026-10-03,0
FTRE,2025-06-30,710300000.0,-374900000.0,-4.14,edgar,2025-08-06,2026-10-03,2026-10-03,0
FTRE,2025-09-30,701300000.0,-15900000.0,-0.17,edgar,2025-11-05,2026-10-03,2026-10-03,0
FTRE,2025-12-31,660500000.0,-35300000.0,-0.25,edgar,2026-02-26,2026-10-03,2026-10-03,0
FTRE,2026-03-31,636500000.0,-23600000.0,-0.25,edgar,2026-05-05,2026-10-03,2026-10-03,0
FTRE,2026-06-30,678200000.0,-13200000.0,-0.14,edgar,2026-07-29,2026-10-03,2026-10-03,0
FVCB,2023-09-30,395000.0,4039000.0,0.22,edgar,2023-11-09,2026-10-03,2026-10-03,0
FVCB,2023-12-31,384000.0,-5071000.0,-0.27,edgar,2024-03-21,2026-10-03,2026-10-03,0
FVCB,2024-03-31,359000.0,1340000.0,0.07,edgar,2024-05-14,2026-10-03,2026-10-03,0
FVCB,2024-06-30,415000.0,4155000.0,0.23,edgar,2024-08-13,2026-10-03,2026-10-03,0
FVCB,2024-09-30,412000.0,4669000.0,0.25,edgar,2024-11-13,2026-10-03,2026-10-03,0
FVCB,2024-12-31,378000.0,4900000.0,0.2699999999999999,edgar,2025-03-20,2026-10-03,2026-10-03,0
FVCB,2025-03-31,382000.0,5165000.0,0.28,edgar,2025-05-14,2026-10-03,2026-10-03,0
FVCB,2025-06-30,392000.0,5667000.0,0.31,edgar,2026-08-06,2026-10-03,2026-10-03,0
FVCB,2025-09-30,416000.0,5579000.0,0.31,edgar,2025-11-12,2026-10-03,2026-10-03,0
FVCB,2025-12-31,591000.0,5646000.0,0.30999999999999994,edgar,2026-03-16,2026-10-03,2026-10-03,0
FVCB,2026-03-31,458000.0,6386000.0,0.35,edgar,2026-05-07,2026-10-03,2026-10-03,0
FVCB,2026-06-30,549000.0,8223000.0,0.45,edgar,2026-08-06,2026-10-03,2026-10-03,0
FVR,2024-03-31,15259000.0,-2452000.0,,edgar,2025-05-15,2026-10-03,2026-10-03,0
FVR,2024-06-30,14610000.0,-2186000.0,,edgar,2025-08-14,2026-10-03,2026-10-03,0
FVR,2024-09-30,14534000.0,-2431000.0,,edgar,2025-11-13,2026-10-03,2026-10-03,0
FVR,2024-12-31,15177000.0,-2997000.0,-0.19,edgar,2025-03-20,2026-10-03,2026-10-03,0
FVR,2025-03-31,119000.0,-833000.0,-0.06,edgar,2026-05-07,2026-10-03,2026-10-03,0
FVR,2025-06-30,97000.0,-2901000.0,-0.16,edgar,2026-08-06,2026-10-03,2026-10-03,0
FVR,2025-09-30,16803000.0,4015000.0,0.19,edgar,2025-11-13,2026-10-03,2026-10-03,0
FVR,2025-12-31,16515000.0,-4110000.0,-0.19,edgar,2026-02-25,2026-10-03,2026-10-03,0
FVR,2026-03-31,292000.0,320000.0,0.0,edgar,2026-05-07,2026-10-03,2026-10-03,0
FVR,2026-06-30,203000.0,1232000.0,0.03,edgar,2026-08-06,2026-10-03,2026-10-03,0
GABC,2021-06-30,10583000.0,23822000.0,0.9,edgar,2021-08-06,2026-10-03,2026-10-03,0
GABC,2021-09-30,10813000.0,21486000.0,0.81,edgar,2021-11-09,2026-10-03,2026-10-03,0
GABC,2024-03-31,84080000.0,19022000.0,0.64,edgar,2025-05-12,2026-10-03,2026-10-03,0
GABC,2024-06-30,90500000.0,20530000.0,0.69,edgar,2025-08-07,2026-10-03,2026-10-03,0
GABC,2024-09-30,88454000.0,21048000.0,0.71,edgar,2025-11-05,2026-10-03,2026-10-03,0
GABC,2024-12-31,90669000.0,23211000.0,0.79,edgar,2025-03-03,2026-10-03,2026-10-03,0
GABC,2025-03-31,111056000.0,10517000.0,0.3,edgar,2025-05-12,2026-10-03,2026-10-03,0
GABC,2025-06-30,123168000.0,31361000.0,0.84,edgar,2025-08-07,2026-10-03,2026-10-03,0
GABC,2025-09-30,126526000.0,35074000.0,0.94,edgar,2025-11-05,2026-10-03,2026-10-03,0
GABC,2025-12-31,126651000.0,35683000.0,0.98,edgar,2026-02-27,2026-10-03,2026-10-03,0
GABC,2026-03-31,122934000.0,33152000.0,0.88,edgar,2026-05-06,2026-10-03,2026-10-03,0
GABC,2026-06-30,126928000.0,38172000.0,1.02,edgar,2026-08-06,2026-10-03,2026-10-03,0
GBLI,2023-09-30,126061000.0,7700000.0,0.55,edgar,2023-11-09,2026-10-03,2026-10-03,0
GBLI,2023-12-31,109261000.0,5898000.0,0.43999999999999995,edgar,2024-03-15,2026-10-03,2026-10-03,0
GBLI,2024-03-31,112291000.0,11366000.0,0.82,edgar,2024-05-08,2026-10-03,2026-10-03,0
GBLI,2024-06-30,108687000.0,10093000.0,0.73,edgar,2024-08-08,2026-10-03,2026-10-03,0
GBLI,2024-09-30,111761000.0,12760000.0,0.92,edgar,2024-11-07,2026-10-03,2026-10-03,0
GBLI,2024-12-31,108448000.0,9022000.0,0.6500000000000004,edgar,2025-03-11,2026-10-03,2026-10-03,0
GBLI,2025-03-31,108651000.0,-3989000.0,-0.3,edgar,2025-05-07,2026-10-03,2026-10-03,0
GBLI,2025-06-30,110520000.0,10344000.0,0.71,edgar,2025-08-06,2026-10-03,2026-10-03,0
GBLI,2025-09-30,114198000.0,12523000.0,0.86,edgar,2025-10-31,2026-10-03,2026-10-03,0
GBLI,2025-12-31,116729000.0,6455000.0,0.48,edgar,2026-03-10,2026-10-03,2026-10-03,0
GBLI,2026-03-31,109177000.0,4246000.0,0.29,edgar,2026-05-05,2026-10-03,2026-10-03,0
GBLI,2026-06-30,116102000.0,11082000.0,0.76,edgar,2026-08-06,2026-10-03,2026-10-03,0
GBTG,2023-09-30,571000000.0,-8000000.0,-0.02,edgar,2023-11-07,2026-10-03,2026-10-03,0
GBTG,2023-12-31,549000000.0,-46000000.0,0.010000000000000009,edgar,2024-03-13,2026-10-03,2026-10-03,0
GBTG,2024-03-31,610000000.0,-19000000.0,-0.04,edgar,2024-05-07,2026-10-03,2026-10-03,0
GBTG,2024-06-30,625000000.0,27000000.0,0.06,edgar,2024-08-06,2026-10-03,2026-10-03,0
GBTG,2024-09-30,597000000.0,-128000000.0,-0.28,edgar,2024-11-05,2026-10-03,2026-10-03,0
GBTG,2024-12-31,591000000.0,-14000000.0,-0.03999999999999998,edgar,2025-03-07,2026-10-03,2026-10-03,0
GBTG,2025-03-31,621000000.0,75000000.0,0.16,edgar,2025-05-06,2026-10-03,2026-10-03,0
GBTG,2025-06-30,631000000.0,15000000.0,0.03,edgar,2025-08-05,2026-10-03,2026-10-03,0
GBTG,2025-09-30,674000000.0,-62000000.0,-0.13,edgar,2025-11-10,2026-10-03,2026-10-03,0
GBTG,2025-12-31,792000000.0,83000000.0,0.16,edgar,2026-03-09,2026-10-03,2026-10-03,0
GBTG,2026-03-31,840000000.0,54000000.0,0.1,edgar,2026-05-11,2026-10-03,2026-10-03,0
GBTG,2026-06-30,870000000.0,17000000.0,0.03,edgar,2026-08-04,2026-10-03,2026-10-03,0
GCMG,2023-09-30,121714000.0,5898000.0,0.04,edgar,2023-11-09,2026-10-03,2026-10-03,0
GCMG,2023-12-31,116556000.0,3258000.0,0.010000000000000009,edgar,2024-03-01,2026-10-03,2026-10-03,0
GCMG,2024-03-31,108866000.0,2124000.0,-0.13,edgar,2024-05-08,2026-10-03,2026-10-03,0
GCMG,2024-06-30,116954000.0,4800000.0,0.04,edgar,2024-08-08,2026-10-03,2026-10-03,0
GCMG,2024-09-30,122931000.0,4156000.0,0.03,edgar,2024-11-08,2026-10-03,2026-10-03,0
GCMG,2024-12-31,165261000.0,7615000.0,0.09,edgar,2025-02-21,2026-10-03,2026-10-03,0
GCMG,2025-03-31,125846000.0,463000.0,-0.02,edgar,2025-05-08,2026-10-03,2026-10-03,0
GCMG,2025-06-30,119657000.0,15437000.0,0.05,edgar,2025-08-07,2026-10-03,2026-10-03,0
GCMG,2025-09-30,134967000.0,10495000.0,0.16,edgar,2025-11-05,2026-10-03,2026-10-03,0
GCMG,2025-12-31,177095000.0,18976000.0,0.22999999999999998,edgar,2026-02-19,2026-10-03,2026-10-03,0
GCMG,2026-03-31,124778000.0,5467000.0,0.06,edgar,2026-05-07,2026-10-03,2026-10-03,0
GCMG,2026-06-30,134339000.0,9564000.0,0.12,edgar,2026-08-10,2026-10-03,2026-10-03,0
GDOT,2023-09-30,344631000.0,-6265000.0,,edgar,2023-11-09,2026-10-03,2026-10-03,0
GDOT,2023-12-31,357729000.0,-23603000.0,,edgar,2024-02-29,2026-10-03,2026-10-03,0
GDOT,2024-03-31,439277000.0,4750000.0,,edgar,2024-05-10,2026-10-03,2026-10-03,0
GDOT,2024-06-30,392456000.0,-28715000.0,,edgar,2024-08-09,2026-10-03,2026-10-03,0
GDOT,2024-09-30,393666000.0,-7840000.0,,edgar,2024-11-08,2026-10-03,2026-10-03,0
GDOT,2024-12-31,436112000.0,5103000.0,,edgar,2026-03-16,2026-10-03,2026-10-03,0
GDOT,2025-03-31,537245000.0,25773000.0,,edgar,2025-05-12,2026-10-03,2026-10-03,0
GDOT,2025-06-30,482675000.0,-47025000.0,,edgar,2025-08-11,2026-10-03,2026-10-03,0
GDOT,2025-09-30,472158000.0,-30791000.0,,edgar,2025-11-10,2026-10-03,2026-10-03,0
GDOT,2025-12-31,498635000.0,-46823000.0,,edgar,2026-03-16,2026-10-03,2026-10-03,0
GDOT,2026-03-31,629005000.0,53753000.0,,edgar,2026-05-11,2026-10-03,2026-10-03,0
GDOT,2026-06-30,574393000.0,-2087000.0,,edgar,2026-08-10,2026-10-03,2026-10-03,0
GE,2023-09-30,8461000000.0,352000000.0,0.24,edgar,2024-02-02,2026-10-03,2026-10-03,0
GE,2023-12-31,8547000000.0,1589000000.0,1.44,edgar,2024-02-02,2026-10-03,2026-10-03,0
GE,2024-03-31,8076000000.0,1539000000.0,1.4,edgar,2025-02-03,2026-10-03,2026-10-03,0
GE,2024-06-30,8223000000.0,1266000000.0,1.15,edgar,2025-02-03,2026-10-03,2026-10-03,0
GE,2024-09-30,8943000000.0,1852000000.0,1.7,edgar,2025-02-03,2026-10-03,2026-10-03,0
GE,2024-12-31,9879000000.0,1899000000.0,1.75,edgar,2025-02-03,2026-10-03,2026-10-03,0
GE,2025-03-31,9935000000.0,1978000000.0,1.83,edgar,2025-04-22,2026-10-03,2026-10-03,0
GE,2025-06-30,11023000000.0,2028000000.0,1.89,edgar,2025-07-21,2026-10-03,2026-10-03,0
GE,2025-09-30,12181000000.0,2157000000.0,2.02,edgar,2025-10-21,2026-10-03,2026-10-03,0
GE,2025-12-31,12716000000.0,2541000000.0,2.4000000000000004,edgar,2026-01-29,2026-10-03,2026-10-03,0
GE,2026-03-31,12392000000.0,1904000000.0,1.81,edgar,2026-04-21,2026-10-03,2026-10-03,0
GE,2026-06-30,13349000000.0,2370000000.0,2.26,edgar,2026-07-16,2026-10-03,2026-10-03,0
GEF,2023-10-31,265100000.0,67800000.0,,edgar,2023-12-18,2026-10-03,2026-10-03,0
GEF,2024-01-31,965500000.0,67200000.0,,edgar,2024-02-29,2026-10-03,2026-10-03,0
GEF,2024-04-30,1117500000.0,44400000.0,,edgar,2024-06-06,2026-10-03,2026-10-03,0
GEF,2024-07-31,1164900000.0,87100000.0,,edgar,2024-08-29,2026-10-03,2026-10-03,0
GEF,2024-10-31,1107000000.0,70100000.0,,edgar,2025-11-19,2026-10-03,2026-10-03,0
GEF,2024-12-31,1016700000.0,22000000.0,,edgar,2026-01-30,2026-10-03,2026-10-03,0
GEF,2025-01-31,995800000.0,8600000.0,,edgar,2025-02-27,2026-10-03,2026-10-03,0
GEF,2025-03-31,1078400000.0,39900000.0,,edgar,2026-04-29,2026-10-03,2026-10-03,0
GEF,2025-04-30,1101300000.0,47300000.0,,edgar,2025-06-05,2026-10-03,2026-10-03,0
GEF,2025-07-31,1134700000.0,64000000.0,,edgar,2025-08-28,2026-10-03,2026-10-03,0
GEF,2025-12-31,994800000.0,174600000.0,,edgar,2026-01-30,2026-10-03,2026-10-03,0
GEF,2026-03-31,1072800000.0,12600000.0,,edgar,2026-04-29,2026-10-03,2026-10-03,0
GEN,2023-09-29,945000000.0,147000000.0,0.23,edgar,2023-11-07,2026-10-03,2026-10-03,0
GEN,2023-12-29,948000000.0,142000000.0,0.22,edgar,2024-02-05,2026-10-03,2026-10-03,0
GEN,2024-03-29,964000000.0,131000000.0,0.20999999999999996,edgar,2024-05-16,2026-10-03,2026-10-03,0
GEN,2024-06-28,965000000.0,181000000.0,0.29,edgar,2024-08-07,2026-10-03,2026-10-03,0
GEN,2024-09-27,974000000.0,161000000.0,0.26,edgar,2024-10-31,2026-10-03,2026-10-03,0
GEN,2024-12-27,986000000.0,159000000.0,0.26,edgar,2025-01-31,2026-10-03,2026-10-03,0
GEN,2025-03-28,1010000000.0,142000000.0,0.21999999999999997,edgar,2025-05-15,2026-10-03,2026-10-03,0
GEN,2025-07-04,1257000000.0,135000000.0,0.22,edgar,2025-08-13,2026-10-03,2026-10-03,0
GEN,2025-10-03,1220000000.0,134000000.0,0.21,edgar,2025-11-07,2026-10-03,2026-10-03,0
GEN,2026-01-02,1240000000.0,192000000.0,0.31,edgar,2026-02-06,2026-10-03,2026-10-03,0
GEN,2026-04-03,1283000000.0,512000000.0,0.8300000000000001,edgar,2026-05-21,2026-10-03,2026-10-03,0
GEN,2026-07-03,1336000000.0,215000000.0,0.36,edgar,2026-08-07,2026-10-03,2026-10-03,0
GEO,2023-09-30,602785000.0,24519000.0,0.16,edgar,2023-11-08,2026-10-03,2026-10-03,0
GEO,2023-12-31,608282000.0,25232000.0,0.16999999999999993,edgar,2024-02-29,2026-10-03,2026-10-03,0
GEO,2024-03-31,605672000.0,22668000.0,0.14,edgar,2024-05-08,2026-10-03,2026-10-03,0
GEO,2024-06-30,607185000.0,-32513000.0,-0.25,edgar,2024-08-08,2026-10-03,2026-10-03,0
GEO,2024-09-30,603125000.0,26320000.0,0.19,edgar,2024-11-12,2026-10-03,2026-10-03,0
GEO,2024-12-31,607720000.0,15491000.0,0.13999999999999999,edgar,2025-02-28,2026-10-03,2026-10-03,0
GEO,2025-03-31,604647000.0,19558000.0,0.14,edgar,2025-05-07,2026-10-03,2026-10-03,0
GEO,2025-06-30,636169000.0,29108000.0,0.21,edgar,2025-08-06,2026-10-03,2026-10-03,0
GEO,2025-09-30,682341000.0,173940000.0,1.24,edgar,2025-11-06,2026-10-03,2026-10-03,0
GEO,2025-12-31,708392000.0,31766000.0,0.22999999999999998,edgar,2026-02-25,2026-10-03,2026-10-03,0
GEO,2026-03-31,705213000.0,38334000.0,0.29,edgar,2026-05-07,2026-10-03,2026-10-03,0
GEO,2026-06-30,732072000.0,47503000.0,0.36,edgar,2026-08-06,2026-10-03,2026-10-03,0
GERN,2023-03-31,21000.0,-38122000.0,-0.07,edgar,2023-05-11,2026-10-03,2026-10-03,0
GERN,2023-06-30,29000.0,-49227000.0,-0.09,edgar,2023-08-03,2026-10-03,2026-10-03,0
GERN,2023-09-30,164000.0,-44805000.0,-0.08,edgar,2023-11-02,2026-10-03,2026-10-03,0
GERN,2023-12-31,23000.0,-51973000.0,-0.08000000000000002,edgar,2024-02-28,2026-10-03,2026-10-03,0
GERN,2024-03-31,304000.0,-55390000.0,-0.09,edgar,2024-05-02,2026-10-03,2026-10-03,0
GERN,2024-06-30,882000.0,-67383000.0,-0.1,edgar,2024-08-08,2026-10-03,2026-10-03,0
GERN,2024-09-30,28271000.0,-26447000.0,-0.04,edgar,2024-11-07,2026-10-03,2026-10-03,0
GERN,2025-03-31,39603000.0,-19835000.0,-0.03,edgar,2025-05-07,2026-10-03,2026-10-03,0
GERN,2025-06-30,49036000.0,-16375000.0,-0.02,edgar,2025-08-06,2026-10-03,2026-10-03,0
GERN,2025-09-30,47227000.0,-18428000.0,-0.03,edgar,2025-11-07,2026-10-03,2026-10-03,0
GERN,2026-03-31,51837000.0,-3642000.0,-0.01,edgar,2026-05-06,2026-10-03,2026-10-03,0
GERN,2026-06-30,57480000.0,-16680000.0,-0.02,edgar,2026-08-05,2026-10-03,2026-10-03,0
GFF,2023-09-30,641385000.0,41965000.0,0.8099999999999998,edgar,2023-11-16,2026-10-03,2026-10-03,0
GFF,2023-12-31,643153000.0,42177000.0,0.82,edgar,2024-02-07,2026-10-03,2026-10-03,0
GFF,2024-03-31,672880000.0,64143000.0,1.28,edgar,2024-05-08,2026-10-03,2026-10-03,0
GFF,2024-06-30,647814000.0,41086000.0,0.84,edgar,2024-08-07,2026-10-03,2026-10-03,0
GFF,2024-09-30,659673000.0,62491000.0,1.2900000000000005,edgar,2024-11-13,2026-10-03,2026-10-03,0
GFF,2024-12-31,632371000.0,70851000.0,1.49,edgar,2025-02-05,2026-10-03,2026-10-03,0
GFF,2025-03-31,426684000.0,56762000.0,1.21,edgar,2025-05-08,2026-10-03,2026-10-03,0
GFF,2025-06-30,449692000.0,-120139000.0,-2.65,edgar,2025-08-06,2026-10-03,2026-10-03,0
GFF,2025-09-30,1011179000.0,43636000.0,1.04,edgar,2025-11-19,2026-10-03,2026-10-03,0
GFF,2025-12-31,649088000.0,64387000.0,1.41,edgar,2026-02-06,2026-10-03,2026-10-03,0
GFF,2026-03-31,421860000.0,19318000.0,0.42,edgar,2026-05-07,2026-10-03,2026-10-03,0
GFF,2026-06-30,481370000.0,51632000.0,1.14,edgar,2026-08-05,2026-10-03,2026-10-03,0
GH,2023-09-30,143030000.0,-86102000.0,-0.73,edgar,2023-11-06,2026-10-03,2026-10-03,0
GH,2023-12-31,155054000.0,-186994000.0,-1.58,edgar,2024-02-22,2026-10-03,2026-10-03,0
GH,2024-03-31,168491000.0,-114985000.0,-0.94,edgar,2025-04-30,2026-10-03,2026-10-03,0
GH,2024-06-30,177235000.0,-102628000.0,-0.84,edgar,2025-07-30,2026-10-03,2026-10-03,0
GH,2024-09-30,191476000.0,-107754000.0,-0.88,edgar,2025-10-29,2026-10-03,2026-10-03,0
GH,2024-12-31,201814000.0,-111033000.0,-0.8999999999999999,edgar,2026-02-19,2026-10-03,2026-10-03,0
GH,2025-03-31,203471000.0,-95159000.0,-0.77,edgar,2025-04-30,2026-10-03,2026-10-03,0
GH,2025-06-30,232088000.0,-99899000.0,-0.8,edgar,2025-07-30,2026-10-03,2026-10-03,0
GH,2025-09-30,265196000.0,-92725000.0,-0.74,edgar,2025-10-29,2026-10-03,2026-10-03,0
GH,2025-12-31,281266000.0,-128517000.0,-1.0099999999999998,edgar,2026-02-19,2026-10-03,2026-10-03,0
GH,2026-03-31,301665000.0,-112075000.0,-0.85,edgar,2026-05-07,2026-10-03,2026-10-03,0
GH,2026-06-30,334978000.0,-120142000.0,-0.9,edgar,2026-07-30,2026-10-03,2026-10-03,0
GHC,2023-06-30,1104999000.0,122788000.0,25.89,edgar,2023-08-02,2026-10-03,2026-10-03,0
GHC,2023-09-30,1111519000.0,-23031000.0,-5.02,edgar,2023-11-01,2026-10-03,2026-10-03,0
GHC,2023-12-31,1166813000.0,53259000.0,11.72,edgar,2024-02-23,2026-10-03,2026-10-03,0
GHC,2024-03-31,1152662000.0,124380000.0,27.72,edgar,2024-05-01,2026-10-03,2026-10-03,0
GHC,2024-06-30,1185280000.0,-21040000.0,-4.79,edgar,2024-07-31,2026-10-03,2026-10-03,0
GHC,2024-09-30,1207162000.0,72503000.0,16.42,edgar,2024-10-30,2026-10-03,2026-10-03,0
GHC,2024-12-31,1245800000.0,548791000.0,124.05000000000001,edgar,2025-02-26,2026-10-03,2026-10-03,0
GHC,2025-03-31,1165915000.0,23894000.0,5.45,edgar,2025-04-30,2026-10-03,2026-10-03,0
GHC,2025-06-30,1215772000.0,36749000.0,8.35,edgar,2025-07-30,2026-10-03,2026-10-03,0
GHC,2025-09-30,1278859000.0,122925000.0,27.91,edgar,2025-10-29,2026-10-03,2026-10-03,0
GHC,2025-12-31,1251017000.0,108723000.0,24.759999999999998,edgar,2026-02-25,2026-10-03,2026-10-03,0
GHC,2026-06-30,1302506000.0,281103000.0,64.86,edgar,2026-07-30,2026-10-03,2026-10-03,0
GIC,2023-09-30,354600000.0,20700000.0,0.54,edgar,2023-10-31,2026-10-03,2026-10-03,0
GIC,2023-12-31,320100000.0,15300000.0,0.3899999999999999,edgar,2024-03-12,2026-10-03,2026-10-03,0
GIC,2024-03-31,323400000.0,13200000.0,0.34,edgar,2024-04-30,2026-10-03,2026-10-03,0
GIC,2024-06-30,347800000.0,20300000.0,0.52,edgar,2024-07-30,2026-10-03,2026-10-03,0
GIC,2024-09-30,342400000.0,16800000.0,0.44,edgar,2024-10-30,2026-10-03,2026-10-03,0
GIC,2024-12-31,302300000.0,10700000.0,0.28,edgar,2025-02-26,2026-10-03,2026-10-03,0
GIC,2025-03-31,321000000.0,13600000.0,0.35,edgar,2025-04-30,2026-10-03,2026-10-03,0
GIC,2025-06-30,358900000.0,25100000.0,0.65,edgar,2025-07-29,2026-10-03,2026-10-03,0
GIC,2025-09-30,353600000.0,18800000.0,0.48,edgar,2025-10-28,2026-10-03,2026-10-03,0
GIC,2025-12-31,345600000.0,14600000.0,0.3700000000000001,edgar,2026-02-27,2026-10-03,2026-10-03,0
GIC,2026-03-31,350400000.0,16600000.0,0.42,edgar,2026-05-05,2026-10-03,2026-10-03,0
GIC,2026-06-30,386600000.0,37100000.0,0.96,edgar,2026-08-04,2026-10-03,2026-10-03,0
GILD,2023-09-30,7051000000.0,2180000000.0,1.73,edgar,2023-11-07,2026-10-03,2026-10-03,0
GILD,2023-12-31,7114000000.0,1430000000.0,1.1400000000000001,edgar,2024-02-23,2026-10-03,2026-10-03,0
GILD,2024-03-31,6686000000.0,-4170000000.0,-3.34,edgar,2024-05-08,2026-10-03,2026-10-03,0
GILD,2024-06-30,6954000000.0,1614000000.0,1.29,edgar,2024-08-08,2026-10-03,2026-10-03,0
GILD,2024-09-30,7545000000.0,1253000000.0,1.0,edgar,2024-11-12,2026-10-03,2026-10-03,0
GILD,2024-12-31,7569000000.0,1783000000.0,1.4299999999999997,edgar,2025-02-28,2026-10-03,2026-10-03,0
GILD,2025-03-31,6667000000.0,1315000000.0,1.04,edgar,2025-05-07,2026-10-03,2026-10-03,0
GILD,2025-06-30,7082000000.0,1960000000.0,1.56,edgar,2025-08-07,2026-10-03,2026-10-03,0
GILD,2025-09-30,7769000000.0,3052000000.0,2.43,edgar,2025-11-07,2026-10-03,2026-10-03,0
GILD,2025-12-31,7925000000.0,2183000000.0,1.75,edgar,2026-02-24,2026-10-03,2026-10-03,0
GILD,2026-03-31,6960000000.0,2021000000.0,1.61,edgar,2026-05-07,2026-10-03,2026-10-03,0
GILD,2026-06-30,7803000000.0,-10496000000.0,-8.45,edgar,2026-08-06,2026-10-03,2026-10-03,0
GLP,2023-09-30,2807437000.0,26808000.0,,edgar,2023-11-09,2026-10-03,2026-10-03,0
GLP,2023-12-31,2312742000.0,55278000.0,,edgar,2024-02-29,2026-10-03,2026-10-03,0
GLP,2024-03-31,2202648000.0,-5602000.0,,edgar,2024-05-08,2026-10-03,2026-10-03,0
GLP,2024-06-30,2281917000.0,46149000.0,,edgar,2024-08-07,2026-10-03,2026-10-03,0
GLP,2024-09-30,2136402000.0,45922000.0,,edgar,2024-11-08,2026-10-03,2026-10-03,0
GLP,2024-12-31,2066159000.0,23858000.0,,edgar,2025-02-28,2026-10-03,2026-10-03,0
GLP,2025-03-31,2174409000.0,18684000.0,,edgar,2025-05-08,2026-10-03,2026-10-03,0
GLP,2025-06-30,2084841000.0,25210000.0,,edgar,2025-08-07,2026-10-03,2026-10-03,0
GLP,2025-09-30,2243472000.0,29025000.0,,edgar,2025-11-07,2026-10-03,2026-10-03,0
GLP,2025-12-31,2210392000.0,25058000.0,,edgar,2026-02-27,2026-10-03,2026-10-03,0
GLP,2026-03-31,2387399000.0,70136000.0,,edgar,2026-05-08,2026-10-03,2026-10-03,0
GLP,2026-06-30,2929654000.0,70985000.0,,edgar,2026-08-07,2026-10-03,2026-10-03,0
GME,2023-10-28,1078300000.0,-3100000.0,-0.01,edgar,2023-12-06,2026-10-03,2026-10-03,0
GME,2024-02-03,1793600000.0,63400000.0,0.21,edgar,2024-03-26,2026-10-03,2026-10-03,0
GME,2024-05-04,881800000.0,-32300000.0,-0.11,edgar,2025-06-10,2026-10-03,2026-10-03,0
GME,2024-08-03,798300000.0,14800000.0,0.04,edgar,2025-09-09,2026-10-03,2026-10-03,0
GME,2024-11-02,860300000.0,17400000.0,0.04,edgar,2025-12-09,2026-10-03,2026-10-03,0
GME,2025-02-01,1282600000.0,131100000.0,0.36,edgar,2025-03-25,2026-10-03,2026-10-03,0
GME,2025-05-03,732400000.0,44800000.0,0.09,edgar,2025-06-10,2026-10-03,2026-10-03,0
GME,2025-08-02,972200000.0,168600000.0,0.31,edgar,2025-09-09,2026-10-03,2026-10-03,0
GME,2025-11-01,821000000.0,77100000.0,0.13,edgar,2025-12-09,2026-10-03,2026-10-03,0
GME,2026-01-31,1104300000.0,127500000.0,0.24,edgar,2026-03-24,2026-10-03,2026-10-03,0
GME,2026-05-02,835300000.0,389600000.0,0.66,edgar,2026-06-11,2026-10-03,2026-10-03,0
GME,2026-08-01,790200000.0,298700000.0,0.51,edgar,2026-09-09,2026-10-03,2026-10-03,0
GNK,2023-09-30,83361000.0,-32004000.0,-0.75,edgar,2023-11-08,2026-10-03,2026-10-03,0
GNK,2023-12-31,115517000.0,4938000.0,0.12,edgar,2024-02-27,2026-10-03,2026-10-03,0
GNK,2024-03-31,117435000.0,18798000.0,0.43,edgar,2024-05-08,2026-10-03,2026-10-03,0
GNK,2024-06-30,107047000.0,23467000.0,0.54,edgar,2024-08-07,2026-10-03,2026-10-03,0
GNK,2024-09-30,99332000.0,21459000.0,0.49,edgar,2024-11-06,2026-10-03,2026-10-03,0
GNK,2024-12-31,99202000.0,12677000.0,0.29000000000000004,edgar,2025-02-21,2026-10-03,2026-10-03,0
GNK,2025-03-31,71269000.0,-11923000.0,-0.28,edgar,2025-05-07,2026-10-03,2026-10-03,0
GNK,2025-06-30,80939000.0,-6801000.0,-0.16,edgar,2025-08-06,2026-10-03,2026-10-03,0
GNK,2025-09-30,79921000.0,-1053000.0,-0.02,edgar,2025-11-05,2026-10-03,2026-10-03,0
GNK,2025-12-31,109925000.0,15411000.0,0.36,edgar,2026-02-18,2026-10-03,2026-10-03,0
GNK,2026-03-31,114429000.0,9309000.0,0.21,edgar,2026-05-06,2026-10-03,2026-10-03,0
GNK,2026-06-30,136414000.0,16649000.0,0.37,edgar,2026-08-05,2026-10-03,2026-10-03,0
GNW,2023-09-30,1831000000.0,29000000.0,0.06,edgar,2023-11-09,2026-10-03,2026-10-03,0
GNW,2023-12-31,1911000000.0,-212000000.0,-0.47,edgar,2024-02-29,2026-10-03,2026-10-03,0
GNW,2024-03-31,1864000000.0,139000000.0,0.31,edgar,2024-05-03,2026-10-03,2026-10-03,0
GNW,2024-06-30,1769000000.0,76000000.0,0.17,edgar,2024-08-02,2026-10-03,2026-10-03,0
GNW,2024-09-30,1880000000.0,85000000.0,0.19,edgar,2024-11-07,2026-10-03,2026-10-03,0
GNW,2024-12-31,1782000000.0,-1000000.0,0.010000000000000009,edgar,2025-02-28,2026-10-03,2026-10-03,0
GNW,2025-03-31,1786000000.0,54000000.0,0.13,edgar,2025-05-02,2026-10-03,2026-10-03,0
GNW,2025-06-30,1796000000.0,51000000.0,0.12,edgar,2025-07-31,2026-10-03,2026-10-03,0
GNW,2025-09-30,1935000000.0,116000000.0,0.28,edgar,2025-11-06,2026-10-03,2026-10-03,0
GNW,2025-12-31,1784000000.0,2000000.0,0.010000000000000009,edgar,2026-02-27,2026-10-03,2026-10-03,0
GNW,2026-03-31,1777000000.0,47000000.0,0.12,edgar,2026-05-06,2026-10-03,2026-10-03,0
GNW,2026-06-30,1901000000.0,47000000.0,0.12,edgar,2026-08-06,2026-10-03,2026-10-03,0
GOLD,2023-09-30,2484618000.0,18827000.0,0.77,edgar,2023-11-08,2026-10-03,2026-10-03,0
GOLD,2023-12-31,2078815000.0,13766000.0,0.57,edgar,2024-02-08,2026-10-03,2026-10-03,0
GOLD,2024-03-31,2610651000.0,5013000.0,0.21,edgar,2024-05-09,2026-10-03,2026-10-03,0
GOLD,2024-06-30,2524955000.0,30940000.0,1.2899999999999998,edgar,2024-09-13,2026-10-03,2026-10-03,0
GOLD,2024-09-30,2715096000.0,8984000.0,0.37,edgar,2024-11-08,2026-10-03,2026-10-03,0
GOLD,2024-12-31,2742345000.0,6558000.0,0.27,edgar,2025-02-10,2026-10-03,2026-10-03,0
GOLD,2025-03-31,34000000.0,-8546000.0,-0.36,edgar,2026-05-11,2026-10-03,2026-10-03,0
GOLD,2025-06-30,2512048000.0,10324000.0,0.42999999999999994,edgar,2025-09-11,2026-10-03,2026-10-03,0
GOLD,2025-09-30,3680766000.0,-939000.0,-0.04,edgar,2025-11-07,2026-10-03,2026-10-03,0
GOLD,2025-12-31,148100000.0,11636000.0,0.46,edgar,2026-02-06,2026-10-03,2026-10-03,0
GOLD,2026-03-31,178200000.0,59487000.0,2.09,edgar,2026-05-11,2026-10-03,2026-10-03,0
GOLD,2026-06-30,5005014000.0,12157000.0,0.5100000000000002,edgar,2026-09-10,2026-10-03,2026-10-03,0
GOOD,2023-09-30,36464000.0,1789000.0,-0.04,edgar,2023-11-06,2026-10-03,2026-10-03,0
GOOD,2023-12-31,35908000.0,4537000.0,0.04000000000000001,edgar,2024-02-21,2026-10-03,2026-10-03,0
GOOD,2024-03-31,35721000.0,3524000.0,0.01,edgar,2024-05-06,2026-10-03,2026-10-03,0
GOOD,2024-06-30,37057000.0,1611000.0,-0.04,edgar,2024-08-06,2026-10-03,2026-10-03,0
GOOD,2024-09-30,39235000.0,11677000.0,0.2,edgar,2024-11-04,2026-10-03,2026-10-03,0
GOOD,2024-12-31,37375000.0,7186000.0,0.1,edgar,2025-02-18,2026-10-03,2026-10-03,0
GOOD,2025-03-31,37501000.0,5134000.0,0.04,edgar,2025-05-07,2026-10-03,2026-10-03,0
GOOD,2025-06-30,39533000.0,4633000.0,0.03,edgar,2025-08-06,2026-10-03,2026-10-03,0
GOOD,2025-09-30,40841000.0,4136000.0,0.02,edgar,2025-11-03,2026-10-03,2026-10-03,0
GOOD,2025-12-31,43461000.0,5383000.0,0.05000000000000002,edgar,2026-02-18,2026-10-03,2026-10-03,0
GOOD,2026-03-31,41909000.0,6969000.0,0.08,edgar,2026-05-05,2026-10-03,2026-10-03,0
GOOD,2026-06-30,43989000.0,8266000.0,0.11,edgar,2026-08-05,2026-10-03,2026-10-03,0
GOODO,2023-09-30,36464000.0,1789000.0,-0.04,edgar,2023-11-06,2026-10-03,2026-10-03,0
GOODO,2023-12-31,35908000.0,4537000.0,0.04000000000000001,edgar,2024-02-21,2026-10-03,2026-10-03,0
GOODO,2024-03-31,35721000.0,3524000.0,0.01,edgar,2024-05-06,2026-10-03,2026-10-03,0
GOODO,2024-06-30,37057000.0,1611000.0,-0.04,edgar,2024-08-06,2026-10-03,2026-10-03,0
GOODO,2024-09-30,39235000.0,11677000.0,0.2,edgar,2024-11-04,2026-10-03,2026-10-03,0
GOODO,2024-12-31,37375000.0,7186000.0,0.1,edgar,2025-02-18,2026-10-03,2026-10-03,0
GOODO,2025-03-31,37501000.0,5134000.0,0.04,edgar,2025-05-07,2026-10-03,2026-10-03,0
GOODO,2025-06-30,39533000.0,4633000.0,0.03,edgar,2025-08-06,2026-10-03,2026-10-03,0
GOODO,2025-09-30,40841000.0,4136000.0,0.02,edgar,2025-11-03,2026-10-03,2026-10-03,0
GOODO,2025-12-31,43461000.0,5383000.0,0.05000000000000002,edgar,2026-02-18,2026-10-03,2026-10-03,0
GOODO,2026-03-31,41909000.0,6969000.0,0.08,edgar,2026-05-05,2026-10-03,2026-10-03,0
GOODO,2026-06-30,43989000.0,8266000.0,0.11,edgar,2026-08-05,2026-10-03,2026-10-03,0
GPRO,2023-09-30,294299000.0,-3684000.0,-0.02,edgar,2023-11-07,2026-10-03,2026-10-03,0
GPRO,2023-12-31,295420000.0,-2418000.0,-0.02999999999999997,edgar,2024-02-09,2026-10-03,2026-10-03,0
GPRO,2024-03-31,155469000.0,-339088000.0,-2.24,edgar,2024-05-07,2026-10-03,2026-10-03,0
GPRO,2024-06-30,186224000.0,-47821000.0,-0.31,edgar,2024-08-06,2026-10-03,2026-10-03,0
GPRO,2024-09-30,258898000.0,-8211000.0,-0.05,edgar,2024-11-07,2026-10-03,2026-10-03,0
GPRO,2024-12-31,200882000.0,-37191000.0,-0.21999999999999975,edgar,2025-03-17,2026-10-03,2026-10-03,0
GPRO,2025-03-31,134308000.0,-46709000.0,-0.3,edgar,2025-05-12,2026-10-03,2026-10-03,0
GPRO,2025-06-30,152643000.0,-16422000.0,-0.1,edgar,2025-08-11,2026-10-03,2026-10-03,0
GPRO,2025-09-30,162918000.0,-21252000.0,-0.13,edgar,2025-11-06,2026-10-03,2026-10-03,0
GPRO,2025-12-31,201673000.0,-9104000.0,-0.05999999999999994,edgar,2026-03-12,2026-10-03,2026-10-03,0
GPRO,2026-03-31,99065000.0,-80820000.0,-0.5,edgar,2026-05-11,2026-10-03,2026-10-03,0
GPRO,2026-06-30,104934000.0,-51005000.0,-0.3,edgar,2026-08-10,2026-10-03,2026-10-03,0
GRAL,2023-06-30,22414000.0,-193044000.0,-6.22,edgar,2024-08-13,2026-10-03,2026-10-03,0
GRAL,2023-10-01,20722000.0,-891448000.0,-28.71,edgar,2024-11-13,2026-10-03,2026-10-03,0
GRAL,2024-03-31,26721000.0,-218914000.0,-7.05,edgar,2025-05-14,2026-10-03,2026-10-03,0
GRAL,2024-06-30,31970000.0,-1585337000.0,-51.06,edgar,2024-08-13,2026-10-03,2026-10-03,0
GRAL,2024-09-30,28652000.0,-125688000.0,-3.94,edgar,2024-11-13,2026-10-03,2026-10-03,0
GRAL,2024-12-31,38252000.0,-97066000.0,-1.4899999999999949,edgar,2025-03-05,2026-10-03,2026-10-03,0
GRAL,2025-03-31,31837000.0,-106213000.0,-3.1,edgar,2025-05-14,2026-10-03,2026-10-03,0
GRAL,2025-06-30,35544000.0,-113985000.0,-3.18,edgar,2025-08-13,2026-10-03,2026-10-03,0
GRAL,2025-09-30,36194000.0,-88977000.0,-2.46,edgar,2025-11-13,2026-10-03,2026-10-03,0
GRAL,2025-12-31,43597000.0,-99176000.0,-2.369999999999999,edgar,2026-03-12,2026-10-03,2026-10-03,0
GRAL,2026-03-31,40785000.0,-93187000.0,-2.29,edgar,2026-05-07,2026-10-03,2026-10-03,0
GRAL,2026-06-30,44687000.0,-110247000.0,-2.56,edgar,2026-08-06,2026-10-03,2026-10-03,0
GRDN,2023-09-30,262741000.0,-6995000.0,,edgar,2024-11-12,2026-10-03,2026-10-03,0
GRDN,2024-03-31,275410000.0,7095000.0,,edgar,2025-05-12,2026-10-03,2026-10-03,0
GRDN,2024-06-30,300037000.0,0.0,,edgar,2025-08-11,2026-10-03,2026-10-03,0
GRDN,2024-09-30,314393000.0,-121990000.0,,edgar,2024-11-12,2026-10-03,2026-10-03,0
GRDN,2024-12-31,338569000.0,11841000.0,,edgar,2026-03-11,2026-10-03,2026-10-03,0
GRDN,2025-03-31,329308000.0,9448000.0,,edgar,2025-05-12,2026-10-03,2026-10-03,0
GRDN,2025-06-30,344334000.0,9030000.0,,edgar,2025-08-11,2026-10-03,2026-10-03,0
GRDN,2025-09-30,377427000.0,9818000.0,,edgar,2025-11-10,2026-10-03,2026-10-03,0
GRDN,2025-12-31,397616000.0,20923000.0,,edgar,2026-03-11,2026-10-03,2026-10-03,0
GRDN,2026-03-31,336595000.0,13295000.0,,edgar,2026-05-06,2026-10-03,2026-10-03,0
GRDN,2026-06-30,351768000.0,21872000.0,,edgar,2026-08-06,2026-10-03,2026-10-03,0
GREEL,2023-09-30,20879000.0,-14239000.0,-1.96,edgar,2024-11-07,2026-10-03,2026-10-03,0
GREEL,2023-12-31,19642000.0,2942000.0,0.6300000000000008,edgar,2024-04-10,2026-10-03,2026-10-03,0
GREEL,2024-03-31,19333000.0,-3944000.0,-0.42,edgar,2025-05-15,2026-10-03,2026-10-03,0
GREEL,2024-06-30,13057000.0,-5568000.0,-0.56,edgar,2025-08-13,2026-10-03,2026-10-03,0
GREEL,2024-09-30,12351000.0,-6367000.0,-0.6,edgar,2024-11-07,2026-10-03,2026-10-03,0
GREEL,2024-12-31,14792000.0,-3906000.0,-0.2999999999999998,edgar,2025-03-31,2026-10-03,2026-10-03,0
GREEL,2025-03-31,19242000.0,-5564000.0,-0.4,edgar,2025-05-15,2026-10-03,2026-10-03,0
GREEL,2025-06-30,12861000.0,-4118000.0,-0.27,edgar,2025-08-13,2026-10-03,2026-10-03,0
GREEL,2025-09-30,15220000.0,11958000.0,0.75,edgar,2025-11-13,2026-10-03,2026-10-03,0
GREEL,2025-12-31,11454000.0,3010000.0,0.26000000000000006,edgar,2026-03-31,2026-10-03,2026-10-03,0
GREEL,2026-03-31,20834000.0,-4584000.0,-0.29,edgar,2026-05-15,2026-10-03,2026-10-03,0
GREEL,2026-06-30,3385000.0,-9897000.0,-0.58,edgar,2026-08-14,2026-10-03,2026-10-03,0
GTLB,2023-10-31,149668000.0,-285158000.0,-1.84,edgar,2023-12-05,2026-10-03,2026-10-03,0
GTLB,2024-01-31,163779000.0,-36467000.0,-0.23999999999999977,edgar,2024-03-26,2026-10-03,2026-10-03,0
GTLB,2024-04-30,169187000.0,-55233000.0,-0.35,edgar,2024-06-04,2026-10-03,2026-10-03,0
GTLB,2024-07-31,182584000.0,12912000.0,0.08,edgar,2024-09-04,2026-10-03,2026-10-03,0
GTLB,2024-10-31,196047000.0,29103000.0,0.17,edgar,2024-12-06,2026-10-03,2026-10-03,0
GTLB,2025-01-31,211431000.0,7991000.0,0.05999999999999996,edgar,2025-03-21,2026-10-03,2026-10-03,0
GTLB,2025-04-30,214509000.0,-35875000.0,-0.22,edgar,2025-06-11,2026-10-03,2026-10-03,0
GTLB,2025-07-31,235960000.0,-9208000.0,-0.06,edgar,2025-09-04,2026-10-03,2026-10-03,0
GTLB,2025-10-31,244353000.0,-8276000.0,-0.05,edgar,2025-12-03,2026-10-03,2026-10-03,0
GTLB,2026-01-31,260402000.0,-5205000.0,-0.010000000000000009,edgar,2026-03-17,2026-10-03,2026-10-03,0
GTLB,2026-04-30,264158000.0,-4972000.0,-0.03,edgar,2026-06-02,2026-10-03,2026-10-03,0
GTLB,2026-07-31,286254000.0,-36844000.0,-0.22,edgar,2026-09-02,2026-10-03,2026-10-03,0
HAFC,2024-03-31,58388000.0,15164000.0,0.5,edgar,2025-05-09,2026-10-03,2026-10-03,0
HAFC,2024-06-30,56677000.0,14451000.0,0.48,edgar,2025-08-08,2026-10-03,2026-10-03,0
HAFC,2024-09-30,58489000.0,14892000.0,0.49,edgar,2025-11-07,2026-10-03,2026-10-03,0
HAFC,2024-12-31,60805000.0,17693000.0,0.5799999999999998,edgar,2025-02-28,2026-10-03,2026-10-03,0
HAFC,2025-03-31,62818000.0,17672000.0,0.58,edgar,2025-05-09,2026-10-03,2026-10-03,0
HAFC,2025-06-30,65210000.0,15117000.0,0.5,edgar,2025-08-08,2026-10-03,2026-10-03,0
HAFC,2025-09-30,70959000.0,22061000.0,0.73,edgar,2025-11-07,2026-10-03,2026-10-03,0
HAFC,2025-12-31,71178000.0,21250000.0,0.6999999999999997,edgar,2026-02-27,2026-10-03,2026-10-03,0
HAFC,2026-03-31,71742000.0,22557000.0,0.75,edgar,2026-05-08,2026-10-03,2026-10-03,0
HAFC,2026-06-30,72205000.0,23505000.0,0.79,edgar,2026-08-07,2026-10-03,2026-10-03,0
HALO,2023-09-30,216033000.0,81837000.0,0.61,edgar,2023-11-06,2026-10-03,2026-10-03,0
HALO,2023-12-31,230039000.0,85388000.0,0.6400000000000001,edgar,2024-02-20,2026-10-03,2026-10-03,0
HALO,2024-03-31,195879000.0,76823000.0,0.6,edgar,2024-05-07,2026-10-03,2026-10-03,0
HALO,2024-06-30,231353000.0,93245000.0,0.72,edgar,2024-08-06,2026-10-03,2026-10-03,0
HALO,2024-09-30,290084000.0,137011000.0,1.05,edgar,2024-10-31,2026-10-03,2026-10-03,0
HALO,2024-12-31,298008000.0,137012000.0,1.06,edgar,2025-02-18,2026-10-03,2026-10-03,0
HALO,2025-03-31,264861000.0,118095000.0,0.93,edgar,2025-05-06,2026-10-03,2026-10-03,0
HALO,2025-06-30,325719000.0,165160000.0,1.33,edgar,2025-08-05,2026-10-03,2026-10-03,0
HALO,2025-09-30,354264000.0,175225000.0,1.43,edgar,2025-11-03,2026-10-03,2026-10-03,0
HALO,2025-12-31,451767000.0,-141591000.0,-1.13,edgar,2026-02-17,2026-10-03,2026-10-03,0
HALO,2026-03-31,376708000.0,150049000.0,1.22,edgar,2026-05-11,2026-10-03,2026-10-03,0
HALO,2026-06-30,480999000.0,229913000.0,1.9,edgar,2026-08-06,2026-10-03,2026-10-03,0
HBB,2023-09-30,153614000.0,10340000.0,0.74,edgar,2023-11-01,2026-10-03,2026-10-03,0
HBB,2023-12-31,206650000.0,19569000.0,1.3900000000000001,edgar,2024-03-06,2026-10-03,2026-10-03,0
HBB,2024-03-31,128277000.0,-1162000.0,-0.08,edgar,2024-05-07,2026-10-03,2026-10-03,0
HBB,2024-06-30,156240000.0,5986000.0,0.42,edgar,2024-07-31,2026-10-03,2026-10-03,0
HBB,2024-09-30,156667000.0,1936000.0,0.14,edgar,2024-10-30,2026-10-03,2026-10-03,0
HBB,2024-12-31,213509000.0,23999000.0,1.7200000000000002,edgar,2025-02-26,2026-10-03,2026-10-03,0
HBB,2025-03-31,133372000.0,1805000.0,0.13,edgar,2026-02-25,2026-10-03,2026-10-03,0
HBB,2025-06-30,127770000.0,4453000.0,0.33,edgar,2025-07-30,2026-10-03,2026-10-03,0
HBB,2025-09-30,132779000.0,1653000.0,0.12,edgar,2025-11-05,2026-10-03,2026-10-03,0
HBB,2025-12-31,212931000.0,18544000.0,1.3699999999999999,edgar,2026-02-25,2026-10-03,2026-10-03,0
HBB,2026-03-31,121963000.0,3539000.0,0.26,edgar,2026-05-06,2026-10-03,2026-10-03,0
HBB,2026-06-30,142632000.0,33708000.0,2.49,edgar,2026-08-05,2026-10-03,2026-10-03,0
HCI,2023-09-30,131644000.0,13157000.0,1.34,edgar,2023-11-08,2026-10-03,2026-10-03,0
HCI,2023-12-31,162670000.0,48319000.0,3.4,edgar,2024-03-08,2026-10-03,2026-10-03,0
HCI,2024-03-31,206614000.0,47611000.0,3.81,edgar,2024-05-09,2026-10-03,2026-10-03,0
HCI,2024-06-30,206245000.0,54076000.0,4.24,edgar,2024-08-09,2026-10-03,2026-10-03,0
HCI,2024-09-30,175317000.0,5682000.0,0.52,edgar,2024-11-08,2026-10-03,2026-10-03,0
HCI,2024-12-31,161875000.0,20212000.0,0.23,edgar,2025-02-28,2026-10-03,2026-10-03,0
HCI,2025-03-31,216433000.0,69684000.0,5.35,edgar,2025-05-09,2026-10-03,2026-10-03,0
HCI,2025-06-30,221920000.0,66160000.0,5.18,edgar,2025-08-08,2026-10-03,2026-10-03,0
HCI,2025-09-30,216350000.0,65507000.0,4.9,edgar,2025-11-07,2026-10-03,2026-10-03,0
HCI,2025-12-31,246243000.0,119044000.0,7.25,edgar,2026-02-26,2026-10-03,2026-10-03,0
HCI,2026-03-31,242882000.0,73407000.0,5.45,edgar,2026-05-07,2026-10-03,2026-10-03,0
HCI,2026-06-30,246653000.0,73797000.0,5.6,edgar,2026-08-07,2026-10-03,2026-10-03,0
HG,2023-09-30,396266000.0,52648000.0,0.41,edgar,2023-12-06,2026-10-03,2026-10-03,0
HG,2023-12-31,495162000.0,133349000.0,1.19,edgar,2024-03-07,2026-10-03,2026-10-03,0
HG,2024-03-31,658645000.0,277332000.0,1.38,edgar,2024-05-09,2026-10-03,2026-10-03,0
HG,2024-06-30,587942000.0,200382000.0,1.2,edgar,2024-08-08,2026-10-03,2026-10-03,0
HG,2024-09-30,512844000.0,61035000.0,0.74,edgar,2024-11-07,2026-10-03,2026-10-03,0
HG,2024-12-31,570493000.0,74409000.0,0.3500000000000001,edgar,2025-02-27,2026-10-03,2026-10-03,0
HG,2025-03-31,768781000.0,181266000.0,0.77,edgar,2025-05-08,2026-10-03,2026-10-03,0
HG,2025-06-30,740765000.0,267786000.0,1.79,edgar,2025-08-07,2026-10-03,2026-10-03,0
HG,2025-09-30,667650000.0,176425000.0,1.32,edgar,2025-11-05,2026-10-03,2026-10-03,0
HG,2025-12-31,728328000.0,214552000.0,1.67,edgar,2026-02-25,2026-10-03,2026-10-03,0
HG,2026-03-31,758908000.0,217032000.0,1.31,edgar,2026-05-06,2026-10-03,2026-10-03,0
HG,2026-06-30,839578000.0,254803000.0,1.42,edgar,2026-08-07,2026-10-03,2026-10-03,0
HGTY,2023-09-30,135789000.0,18623000.0,,edgar,2023-11-08,2026-10-03,2026-10-03,0
HGTY,2023-12-31,93601000.0,9042000.0,,edgar,2024-03-12,2026-10-03,2026-10-03,0
HGTY,2024-03-31,118503000.0,8199000.0,,edgar,2024-05-07,2026-10-03,2026-10-03,0
HGTY,2024-06-30,153445000.0,42657000.0,,edgar,2024-08-06,2026-10-03,2026-10-03,0
HGTY,2024-09-30,155458000.0,19007000.0,,edgar,2024-11-07,2026-10-03,2026-10-03,0
HGTY,2024-12-31,121225000.0,8440000.0,,edgar,2025-03-04,2026-10-03,2026-10-03,0
HGTY,2025-03-31,148392000.0,27293000.0,,edgar,2025-05-07,2026-10-03,2026-10-03,0
HGTY,2025-06-30,188431000.0,47202000.0,,edgar,2025-08-04,2026-10-03,2026-10-03,0
HGTY,2025-09-30,189988000.0,46171000.0,,edgar,2025-11-04,2026-10-03,2026-10-03,0
HGTY,2025-12-31,150823000.0,28559000.0,,edgar,2026-02-26,2026-10-03,2026-10-03,0
HGTY,2026-03-31,61093000.0,-12745000.0,,edgar,2026-05-06,2026-10-03,2026-10-03,0
HGTY,2026-06-30,80826000.0,8041000.0,,edgar,2026-08-05,2026-10-03,2026-10-03,0
HLIO,2023-09-30,201400000.0,3500000.0,0.11,edgar,2023-11-07,2026-10-03,2026-10-03,0
HLIO,2023-12-30,193400000.0,3300000.0,0.09999999999999987,edgar,2024-02-27,2026-10-03,2026-10-03,0
HLIO,2024-03-30,212000000.0,9200000.0,0.28,edgar,2024-05-09,2026-10-03,2026-10-03,0
HLIO,2024-06-29,219900000.0,13600000.0,0.41,edgar,2024-08-06,2026-10-03,2026-10-03,0
HLIO,2024-09-28,194500000.0,11400000.0,0.34,edgar,2024-11-06,2026-10-03,2026-10-03,0
HLIO,2024-12-28,179500000.0,4800000.0,0.1399999999999999,edgar,2025-02-25,2026-10-03,2026-10-03,0
HLIO,2025-03-29,195500000.0,7300000.0,0.22,edgar,2025-05-07,2026-10-03,2026-10-03,0
HLIO,2025-06-28,212500000.0,11400000.0,0.34,edgar,2025-08-05,2026-10-03,2026-10-03,0
HLIO,2025-09-27,220300000.0,10300000.0,0.31,edgar,2025-11-04,2026-10-03,2026-10-03,0
HLIO,2026-01-03,210700000.0,19400000.0,0.58,edgar,2026-03-03,2026-10-03,2026-10-03,0
HLIO,2026-04-04,228400000.0,19700000.0,0.59,edgar,2026-05-12,2026-10-03,2026-10-03,0
HLIO,2026-07-04,231900000.0,21900000.0,0.66,edgar,2026-08-11,2026-10-03,2026-10-03,0
HLIT,2023-09-29,127203000.0,-6495000.0,-0.06,edgar,2023-11-03,2026-10-03,2026-10-03,0
HLIT,2023-12-31,-52333000.0,83841000.0,0.73,edgar,2024-02-16,2026-10-03,2026-10-03,0
HLIT,2024-03-29,122060000.0,-8089000.0,-0.07,edgar,2024-05-02,2026-10-03,2026-10-03,0
HLIT,2024-06-28,138740000.0,-12532000.0,-0.11,edgar,2024-08-02,2026-10-03,2026-10-03,0
HLIT,2024-09-27,195756000.0,21718000.0,0.19,edgar,2024-11-01,2026-10-03,2026-10-03,0
HLIT,2024-12-31,31644000.0,38120000.0,0.32,edgar,2025-02-14,2026-10-03,2026-10-03,0
HLIT,2025-03-28,84878000.0,5940000.0,0.05,edgar,2025-05-01,2026-10-03,2026-10-03,0
HLIT,2025-06-27,86918000.0,2871000.0,0.03,edgar,2025-08-01,2026-10-03,2026-10-03,0
HLIT,2025-09-26,142382000.0,2694000.0,0.02,edgar,2025-11-04,2026-10-03,2026-10-03,0
HLIT,2025-12-31,46345000.0,-10289000.0,-0.48,edgar,2026-02-24,2026-10-03,2026-10-03,0
HLIT,2026-04-03,121695000.0,7309000.0,0.07,edgar,2026-05-13,2026-10-03,2026-10-03,0
HLIT,2026-07-03,133462000.0,-2324000.0,-0.02,edgar,2026-08-17,2026-10-03,2026-10-03,0
HNI,2023-09-30,711600000.0,37800000.0,0.8,edgar,2023-10-31,2026-10-03,2026-10-03,0
HNI,2023-12-30,679800000.0,22600000.0,0.55,edgar,2024-02-27,2026-10-03,2026-10-03,0
HNI,2024-03-30,588000000.0,17700000.0,0.37,edgar,2024-04-30,2026-10-03,2026-10-03,0
HNI,2024-06-29,623700000.0,36000000.0,0.75,edgar,2024-07-30,2026-10-03,2026-10-03,0
HNI,2024-09-28,672200000.0,47500000.0,0.98,edgar,2024-10-29,2026-10-03,2026-10-03,0
HNI,2024-12-28,642500000.0,38300000.0,0.7799999999999998,edgar,2025-02-25,2026-10-03,2026-10-03,0
HNI,2025-03-29,599800000.0,13900000.0,0.29,edgar,2026-05-06,2026-10-03,2026-10-03,0
HNI,2025-06-28,667100000.0,48200000.0,1.02,edgar,2025-07-29,2026-10-03,2026-10-03,0
HNI,2025-09-27,683800000.0,41200000.0,0.88,edgar,2025-11-05,2026-10-03,2026-10-03,0
HNI,2026-01-03,888300000.0,-49100000.0,-1.0799999999999998,edgar,2026-03-03,2026-10-03,2026-10-03,0
HNI,2026-04-04,1347500000.0,-38800000.0,-0.55,edgar,2026-05-06,2026-10-03,2026-10-03,0
HNI,2026-07-04,1472400000.0,51100000.0,0.7,edgar,2026-08-04,2026-10-03,2026-10-03,0
HOS,2023-09-30,395670000.0,15560000.0,0.1,edgar,2023-10-25,2026-10-03,2026-10-03,0
HOS,2023-12-31,335157000.0,-28333000.0,-0.19,edgar,2024-02-29,2026-10-03,2026-10-03,0
HOS,2024-03-31,296211000.0,-26287000.0,-0.17,edgar,2024-04-26,2026-10-03,2026-10-03,0
HOS,2024-06-30,364797000.0,32289000.0,0.21,edgar,2024-07-25,2026-10-03,2026-10-03,0
HOS,2024-09-30,342419000.0,29514000.0,0.19,edgar,2024-10-24,2026-10-03,2026-10-03,0
HOS,2024-12-31,355133000.0,20121000.0,0.13,edgar,2025-02-27,2026-10-03,2026-10-03,0
HOS,2025-03-31,278064000.0,3072000.0,0.02,edgar,2025-04-24,2026-10-03,2026-10-03,0
HOS,2025-06-30,251682000.0,-2598000.0,-0.02,edgar,2025-07-24,2026-10-03,2026-10-03,0
HOS,2025-09-30,376960000.0,22083000.0,0.15,edgar,2025-10-23,2026-10-03,2026-10-03,0
HOS,2025-12-31,384768000.0,8270000.0,0.06,edgar,2026-02-26,2026-10-03,2026-10-03,0
HOS,2026-03-31,287946000.0,-13406000.0,-0.09,edgar,2026-04-24,2026-10-03,2026-10-03,0
HOS,2026-06-30,304016000.0,22720000.0,0.15,edgar,2026-08-06,2026-10-03,2026-10-03,0
HP,2023-09-30,657258000.0,77622000.0,0.77,edgar,2023-11-08,2026-10-03,2026-10-03,0
HP,2023-12-31,674565000.0,95173000.0,0.94,edgar,2024-01-29,2026-10-03,2026-10-03,0
HP,2024-03-31,685131000.0,84831000.0,0.84,edgar,2024-04-24,2026-10-03,2026-10-03,0
HP,2024-06-30,695139000.0,88685000.0,0.88,edgar,2024-07-25,2026-10-03,2026-10-03,0
HP,2024-09-30,691293000.0,75476000.0,0.77,edgar,2024-11-13,2026-10-03,2026-10-03,0
HP,2024-12-31,674613000.0,54772000.0,0.54,edgar,2025-02-05,2026-10-03,2026-10-03,0
HP,2025-03-31,1012394000.0,1654000.0,0.01,edgar,2025-05-09,2026-10-03,2026-10-03,0
HP,2025-06-30,1037876000.0,-162758000.0,-1.64,edgar,2025-08-11,2026-10-03,2026-10-03,0
HP,2025-09-30,953777000.0,-57363000.0,-0.5700000000000001,edgar,2025-11-21,2026-10-03,2026-10-03,0
HP,2025-12-31,981125000.0,-96706000.0,-0.98,edgar,2026-02-05,2026-10-03,2026-10-03,0
HP,2026-03-31,906426000.0,-58609000.0,-0.59,edgar,2026-05-07,2026-10-03,2026-10-03,0
HP,2026-06-30,986882000.0,75682000.0,0.74,edgar,2026-08-06,2026-10-03,2026-10-03,0
HPE,2023-10-31,7351000000.0,642000000.0,0.49,edgar,2023-12-22,2026-10-03,2026-10-03,0
HPE,2024-01-31,6755000000.0,387000000.0,0.29,edgar,2024-03-05,2026-10-03,2026-10-03,0
HPE,2024-04-30,7204000000.0,314000000.0,0.24,edgar,2024-06-05,2026-10-03,2026-10-03,0
HPE,2024-07-31,7710000000.0,512000000.0,0.38,edgar,2024-09-05,2026-10-03,2026-10-03,0
HPE,2024-10-31,8458000000.0,1366000000.0,1.02,edgar,2024-12-19,2026-10-03,2026-10-03,0
HPE,2025-01-31,7854000000.0,627000000.0,0.44,edgar,2025-03-07,2026-10-03,2026-10-03,0
HPE,2025-04-30,7627000000.0,-1050000000.0,-0.82,edgar,2025-06-04,2026-10-03,2026-10-03,0
HPE,2025-07-31,9136000000.0,305000000.0,0.21,edgar,2025-09-04,2026-10-03,2026-10-03,0
HPE,2025-10-31,9679000000.0,175000000.0,0.12999999999999995,edgar,2025-12-18,2026-10-03,2026-10-03,0
HPE,2026-01-31,9301000000.0,452000000.0,0.31,edgar,2026-03-10,2026-10-03,2026-10-03,0
HPE,2026-04-30,10678000000.0,624000000.0,0.44,edgar,2026-06-02,2026-10-03,2026-10-03,0
HPE,2026-07-31,12213000000.0,1540000000.0,1.06,edgar,2026-09-03,2026-10-03,2026-10-03,0
HPK,2023-09-30,345586000.0,38779000.0,0.28,edgar,2023-11-06,2026-10-03,2026-10-03,0
HPK,2023-12-31,320991000.0,215745138000.0,0.66,edgar,2024-03-06,2026-10-03,2026-10-03,0
HPK,2024-03-31,287764000.0,6438000.0,0.05,edgar,2024-05-08,2026-10-03,2026-10-03,0
HPK,2024-06-30,275266000.0,29717000.0,0.21,edgar,2024-08-05,2026-10-03,2026-10-03,0
HPK,2024-09-30,271578000.0,49933000.0,0.35,edgar,2024-11-04,2026-10-03,2026-10-03,0
HPK,2024-12-31,282567000.0,94982912000.0,0.06000000000000005,edgar,2025-03-10,2026-10-03,2026-10-03,0
HPK,2025-03-31,272311000.0,36335000.0,0.26,edgar,2025-05-12,2026-10-03,2026-10-03,0
HPK,2025-06-30,216472000.0,26176000.0,0.19,edgar,2025-08-11,2026-10-03,2026-10-03,0
HPK,2025-09-30,188862000.0,-18335000.0,-0.15,edgar,2025-11-05,2026-10-03,2026-10-03,0
HPK,2025-12-31,185714000.0,18918824000.0,-0.16000000000000003,edgar,2026-03-11,2026-10-03,2026-10-03,0
HPK,2026-03-31,215885000.0,-127448000.0,-1.02,edgar,2026-05-06,2026-10-03,2026-10-03,0
HPK,2026-06-30,272419000.0,82275000.0,0.59,edgar,2026-08-10,2026-10-03,2026-10-03,0
HPQ,2023-10-31,13817000000.0,974000000.0,0.9699999999999998,edgar,2023-12-18,2026-10-03,2026-10-03,0
HPQ,2024-01-31,13185000000.0,622000000.0,0.62,edgar,2024-02-28,2026-10-03,2026-10-03,0
HPQ,2024-04-30,12800000000.0,607000000.0,0.61,edgar,2024-05-30,2026-10-03,2026-10-03,0
HPQ,2024-07-31,13519000000.0,640000000.0,0.65,edgar,2024-08-29,2026-10-03,2026-10-03,0
HPQ,2024-10-31,14055000000.0,906000000.0,0.9300000000000002,edgar,2024-12-13,2026-10-03,2026-10-03,0
HPQ,2025-01-31,13504000000.0,565000000.0,0.59,edgar,2025-02-28,2026-10-03,2026-10-03,0
HPQ,2025-04-30,13220000000.0,406000000.0,0.42,edgar,2025-05-29,2026-10-03,2026-10-03,0
HPQ,2025-07-31,13932000000.0,763000000.0,0.8,edgar,2025-08-28,2026-10-03,2026-10-03,0
HPQ,2025-10-31,14639000000.0,795000000.0,0.8399999999999999,edgar,2025-12-10,2026-10-03,2026-10-03,0
HPQ,2026-01-31,14438000000.0,545000000.0,0.58,edgar,2026-02-25,2026-10-03,2026-10-03,0
HPQ,2026-04-30,14408000000.0,450000000.0,0.49,edgar,2026-05-28,2026-10-03,2026-10-03,0
HPQ,2026-07-31,15677000000.0,661000000.0,0.71,edgar,2026-08-27,2026-10-03,2026-10-03,0
HRB,2023-09-30,183800000.0,-163482000.0,-1.12,edgar,2023-11-07,2026-10-03,2026-10-03,0
HRB,2023-12-31,179083000.0,-189755000.0,-1.33,edgar,2024-02-06,2026-10-03,2026-10-03,0
HRB,2024-03-31,2184834000.0,690737000.0,4.86,edgar,2024-05-09,2026-10-03,2026-10-03,0
HRB,2024-06-30,1062630000.0,257817000.0,1.7000000000000002,edgar,2024-08-15,2026-10-03,2026-10-03,0
HRB,2024-09-30,193810000.0,-172576000.0,-1.24,edgar,2024-11-07,2026-10-03,2026-10-03,0
HRB,2024-12-31,179070000.0,-243420000.0,-1.8,edgar,2025-02-06,2026-10-03,2026-10-03,0
HRB,2025-03-31,2277104000.0,722330000.0,5.31,edgar,2025-05-07,2026-10-03,2026-10-03,0
HRB,2025-06-30,1111011000.0,299439000.0,2.12,edgar,2025-08-15,2026-10-03,2026-10-03,0
HRB,2025-09-30,203551000.0,-165819000.0,-1.26,edgar,2025-11-06,2026-10-03,2026-10-03,0
HRB,2025-12-31,198865000.0,-242166000.0,-1.92,edgar,2026-02-05,2026-10-03,2026-10-03,0
HRB,2026-03-31,2398107000.0,847901000.0,6.6,edgar,2026-05-06,2026-10-03,2026-10-03,0
HRB,2026-06-30,1144869000.0,293680000.0,2.2399999999999993,edgar,2026-08-14,2026-10-03,2026-10-03,0
HRMY,2023-09-30,160268000.0,38461000.0,0.63,edgar,2023-10-31,2026-10-03,2026-10-03,0
HRMY,2023-12-31,168412000.0,26607000.0,0.45999999999999996,edgar,2024-02-22,2026-10-03,2026-10-03,0
HRMY,2024-03-31,154615000.0,38334000.0,0.67,edgar,2024-04-30,2026-10-03,2026-10-03,0
HRMY,2024-06-30,172814000.0,11591000.0,0.2,edgar,2024-08-06,2026-10-03,2026-10-03,0
HRMY,2024-09-30,186038000.0,46093000.0,0.79,edgar,2024-10-29,2026-10-03,2026-10-03,0
HRMY,2024-12-31,201267000.0,49475000.0,0.8499999999999996,edgar,2025-02-25,2026-10-03,2026-10-03,0
HRMY,2025-03-31,184733000.0,45560000.0,0.78,edgar,2025-05-06,2026-10-03,2026-10-03,0
HRMY,2025-06-30,200489000.0,39776000.0,0.68,edgar,2025-08-05,2026-10-03,2026-10-03,0
HRMY,2025-09-30,239455000.0,50865000.0,0.87,edgar,2025-11-04,2026-10-03,2026-10-03,0
HRMY,2025-12-31,243776000.0,22486000.0,0.3799999999999999,edgar,2026-02-24,2026-10-03,2026-10-03,0
HRMY,2026-03-31,215387000.0,32488000.0,0.55,edgar,2026-05-07,2026-10-03,2026-10-03,0
HRMY,2026-06-30,261280000.0,75431000.0,1.28,edgar,2026-08-04,2026-10-03,2026-10-03,0
HSHP,2023-06-30,6732000.0,-1115000.0,-0.03,edgar,2024-08-16,2026-10-03,2026-10-03,0
HSHP,2024-06-30,31200000.0,6900000.0,0.16,edgar,2024-08-16,2026-10-03,2026-10-03,0
HSHP,2025-06-30,29900000.0,1100000.0,0.02,edgar,2025-08-08,2026-10-03,2026-10-03,0
HSHP,2026-06-30,53700000.0,24600000.0,0.52,edgar,2026-08-11,2026-10-03,2026-10-03,0
HSIC,2023-09-30,3162000000.0,137000000.0,1.05,edgar,2023-11-28,2026-10-03,2026-10-03,0
HSIC,2023-12-30,3017000000.0,38000000.0,0.14000000000000012,edgar,2024-02-28,2026-10-03,2026-10-03,0
HSIC,2024-03-30,3172000000.0,93000000.0,0.72,edgar,2024-05-07,2026-10-03,2026-10-03,0
HSIC,2024-06-29,3136000000.0,104000000.0,0.8,edgar,2024-08-06,2026-10-03,2026-10-03,0
HSIC,2024-09-28,3174000000.0,99000000.0,0.78,edgar,2024-11-05,2026-10-03,2026-10-03,0
HSIC,2024-12-28,3191000000.0,102000000.0,0.75,edgar,2025-02-25,2026-10-03,2026-10-03,0
HSIC,2025-03-29,3168000000.0,110000000.0,0.88,edgar,2025-05-05,2026-10-03,2026-10-03,0
HSIC,2025-06-28,3240000000.0,86000000.0,0.7,edgar,2025-08-05,2026-10-03,2026-10-03,0
HSIC,2025-09-27,3339000000.0,101000000.0,0.84,edgar,2025-11-04,2026-10-03,2026-10-03,0
HSIC,2025-12-27,3437000000.0,122000000.0,0.8500000000000001,edgar,2026-02-24,2026-10-03,2026-10-03,0
HSIC,2026-03-28,3368000000.0,107000000.0,0.92,edgar,2026-05-05,2026-10-03,2026-10-03,0
HSIC,2026-06-27,3458000000.0,94000000.0,0.82,edgar,2026-08-04,2026-10-03,2026-10-03,0
HTFL,2024-06-30,31054000.0,-23379000.0,-4.66,edgar,2025-09-19,2026-10-03,2026-10-03,0
HTFL,2024-09-30,32934000.0,-19140000.0,-3.43,edgar,2025-11-12,2026-10-03,2026-10-03,0
HTFL,2025-03-31,37205000.0,-32345000.0,-5.25,edgar,2026-05-14,2026-10-03,2026-10-03,0
HTFL,2025-06-30,43424000.0,-9196000.0,-1.46,edgar,2025-09-19,2026-10-03,2026-10-03,0
HTFL,2025-09-30,46276000.0,-50855000.0,-1.04,edgar,2025-11-12,2026-10-03,2026-10-03,0
HTFL,2025-12-31,49129000.0,-24395000.0,4.58,edgar,2026-03-18,2026-10-03,2026-10-03,0
HTFL,2026-03-31,52587000.0,-27380000.0,-0.32,edgar,2026-05-14,2026-10-03,2026-10-03,0
HTFL,2026-06-30,64082000.0,-15743000.0,-0.18,edgar,2026-08-13,2026-10-03,2026-10-03,0
HTO,2023-06-30,159724000.0,18286000.0,0.58,edgar,2023-07-31,2026-10-03,2026-10-03,0
HTO,2023-09-30,211716000.0,36222000.0,1.13,edgar,2023-10-31,2026-10-03,2026-10-03,0
HTO,2023-12-31,170892000.0,18949000.0,0.6000000000000001,edgar,2024-02-23,2026-10-03,2026-10-03,0
HTO,2024-03-31,150008000.0,11699000.0,0.36,edgar,2024-04-26,2026-10-03,2026-10-03,0
HTO,2024-06-30,173106000.0,20696000.0,0.64,edgar,2024-07-25,2026-10-03,2026-10-03,0
HTO,2024-09-30,216677000.0,38652000.0,1.17,edgar,2024-10-28,2026-10-03,2026-10-03,0
HTO,2024-12-31,196535000.0,22920000.0,0.7000000000000002,edgar,2025-02-28,2026-10-03,2026-10-03,0
HTO,2025-03-31,164863000.0,16551000.0,0.49,edgar,2025-04-29,2026-10-03,2026-10-03,0
HTO,2025-06-30,197777000.0,24675000.0,0.71,edgar,2025-07-30,2026-10-03,2026-10-03,0
HTO,2025-09-30,243522000.0,45132000.0,1.27,edgar,2025-10-28,2026-10-03,2026-10-03,0
HTO,2025-12-31,199432000.0,16220000.0,0.4500000000000002,edgar,2026-02-26,2026-10-03,2026-10-03,0
HTO,2026-03-31,179322000.0,19013000.0,0.49,edgar,2026-04-29,2026-10-03,2026-10-03,0
HZO,2023-09-30,594595000.0,15141000.0,0.6500000000000004,edgar,2023-11-17,2026-10-03,2026-10-03,0
HZO,2023-12-31,527274000.0,930000.0,0.04,edgar,2024-01-25,2026-10-03,2026-10-03,0
HZO,2024-03-31,582892000.0,1587000.0,0.07,edgar,2024-04-25,2026-10-03,2026-10-03,0
HZO,2024-06-30,757720000.0,31550000.0,1.37,edgar,2024-07-25,2026-10-03,2026-10-03,0
HZO,2024-09-30,563122000.0,3999000.0,0.1699999999999997,edgar,2024-11-14,2026-10-03,2026-10-03,0
HZO,2024-12-31,468461000.0,18066000.0,0.77,edgar,2025-01-23,2026-10-03,2026-10-03,0
HZO,2025-03-31,631515000.0,3300000.0,0.14,edgar,2025-04-24,2026-10-03,2026-10-03,0
HZO,2025-06-30,657159000.0,-52146000.0,-2.42,edgar,2025-07-24,2026-10-03,2026-10-03,0
HZO,2025-09-30,552153000.0,-851000.0,0.07999999999999985,edgar,2025-11-17,2026-10-03,2026-10-03,0
HZO,2025-12-31,505178000.0,-7926000.0,-0.36,edgar,2026-01-29,2026-10-03,2026-10-03,0
HZO,2026-03-31,527412000.0,-2598000.0,-0.12,edgar,2026-04-23,2026-10-03,2026-10-03,0
HZO,2026-06-30,611258000.0,15361000.0,0.66,edgar,2026-07-23,2026-10-03,2026-10-03,0
IAUX,2024-03-31,8413000.0,-19699000.0,-0.06,edgar,2025-05-05,2026-10-03,2026-10-03,0
IAUX,2024-06-30,7184000.0,-41005000.0,-0.11,edgar,2025-08-13,2026-10-03,2026-10-03,0
IAUX,2024-09-30,11509000.0,-43099000.0,-0.11,edgar,2025-11-12,2026-10-03,2026-10-03,0
IAUX,2024-12-31,23229000.0,-17730000.0,-0.06,edgar,2025-04-01,2026-10-03,2026-10-03,0
IAUX,2025-03-31,14048000.0,-41205000.0,-0.1,edgar,2025-05-05,2026-10-03,2026-10-03,0
IAUX,2025-06-30,27836000.0,-30215000.0,-0.05,edgar,2025-08-13,2026-10-03,2026-10-03,0
IAUX,2025-09-30,32019000.0,-41867000.0,-0.05,edgar,2025-11-12,2026-10-03,2026-10-03,0
IAUX,2025-12-31,21290000.0,-85560000.0,-0.09999999999999998,edgar,2026-02-19,2026-10-03,2026-10-03,0
IAUX,2026-03-31,52390000.0,-78601000.0,-0.09,edgar,2026-05-12,2026-10-03,2026-10-03,0
IAUX,2026-06-30,24348000.0,-52527000.0,-0.06,edgar,2026-08-10,2026-10-03,2026-10-03,0
IBEX,2023-09-30,124609000.0,7425000.0,0.39,edgar,2023-11-09,2026-10-03,2026-10-03,0
IBEX,2023-12-31,132634000.0,6075000.0,0.33,edgar,2024-02-08,2026-10-03,2026-10-03,0
IBEX,2024-03-31,126795000.0,10310000.0,0.57,edgar,2024-05-09,2026-10-03,2026-10-03,0
IBEX,2024-06-30,124531000.0,9845000.0,0.55,edgar,2024-09-12,2026-10-03,2026-10-03,0
IBEX,2024-09-30,129717000.0,7531000.0,0.43,edgar,2024-11-07,2026-10-03,2026-10-03,0
IBEX,2024-12-31,140682000.0,9268000.0,0.57,edgar,2025-02-06,2026-10-03,2026-10-03,0
IBEX,2025-03-31,140736000.0,10469000.0,0.73,edgar,2025-05-08,2026-10-03,2026-10-03,0
IBEX,2025-06-30,147138000.0,9596000.0,0.6299999999999999,edgar,2025-09-11,2026-10-03,2026-10-03,0
IBEX,2025-09-30,151179000.0,12042000.0,0.82,edgar,2025-11-06,2026-10-03,2026-10-03,0
IBEX,2025-12-31,164221000.0,12217000.0,0.83,edgar,2026-02-05,2026-10-03,2026-10-03,0
IBEX,2026-03-31,164407000.0,13325000.0,0.89,edgar,2026-05-06,2026-10-03,2026-10-03,0
IBEX,2026-06-30,164269000.0,8747000.0,0.5899999999999999,edgar,2026-09-10,2026-10-03,2026-10-03,0
IBRX,2023-09-30,82000.0,-95582000.0,-0.19,edgar,2024-11-12,2026-10-03,2026-10-03,0
IBRX,2023-12-31,139000.0,-234096000.0,-0.3699999999999999,edgar,2024-03-19,2026-10-03,2026-10-03,0
IBRX,2024-03-31,40000.0,-134109000.0,-0.2,edgar,2025-05-12,2026-10-03,2026-10-03,0
IBRX,2024-06-30,1047000.0,-134564000.0,-0.2,edgar,2024-08-12,2026-10-03,2026-10-03,0
IBRX,2024-09-30,6106000.0,-85729000.0,-0.14,edgar,2024-11-12,2026-10-03,2026-10-03,0
IBRX,2024-12-31,7552000.0,-59198000.0,-0.07999999999999996,edgar,2025-03-03,2026-10-03,2026-10-03,0
IBRX,2025-03-31,16517000.0,-129646000.0,-0.15,edgar,2025-05-12,2026-10-03,2026-10-03,0
IBRX,2025-06-30,26425000.0,-92555000.0,-0.1,edgar,2025-08-05,2026-10-03,2026-10-03,0
IBRX,2025-09-30,32061000.0,-67253000.0,-0.07,edgar,2025-11-05,2026-10-03,2026-10-03,0
IBRX,2025-12-31,38285000.0,-62046000.0,-0.06,edgar,2026-02-23,2026-10-03,2026-10-03,0
IBRX,2026-03-31,44206000.0,-632782000.0,-0.62,edgar,2026-05-07,2026-10-03,2026-10-03,0
IBRX,2026-06-30,51240000.0,-230378000.0,-0.22,edgar,2026-08-04,2026-10-03,2026-10-03,0
IBTA,2023-09-30,85287000.0,8413000.0,0.31,edgar,2024-11-14,2026-10-03,2026-10-03,0
IBTA,2023-12-31,99674000.0,18646000.0,1.02,edgar,2025-02-27,2026-10-03,2026-10-03,0
IBTA,2024-03-31,82327000.0,9297000.0,0.33,edgar,2024-05-31,2026-10-03,2026-10-03,0
IBTA,2024-06-30,87926000.0,-33966000.0,-1.32,edgar,2024-08-14,2026-10-03,2026-10-03,0
IBTA,2024-09-30,98621000.0,17239000.0,0.51,edgar,2024-11-14,2026-10-03,2026-10-03,0
IBTA,2024-12-31,98380000.0,76170000.0,3.04,edgar,2025-02-27,2026-10-03,2026-10-03,0
IBTA,2025-03-31,84574000.0,555000.0,0.02,edgar,2025-05-15,2026-10-03,2026-10-03,0
IBTA,2025-06-30,86029000.0,2490000.0,0.08,edgar,2025-08-13,2026-10-03,2026-10-03,0
IBTA,2025-09-30,83260000.0,1533000.0,0.05,edgar,2025-11-13,2026-10-03,2026-10-03,0
IBTA,2025-12-31,88526000.0,-998000.0,-0.03,edgar,2026-02-26,2026-10-03,2026-10-03,0
IBTA,2026-03-31,82483000.0,-10322000.0,-0.43,edgar,2026-05-06,2026-10-03,2026-10-03,0
IBTA,2026-06-30,88905000.0,-1229000.0,-0.05,edgar,2026-08-04,2026-10-03,2026-10-03,0
IDT,2023-07-31,303807000.0,7977000.0,0.31000000000000005,edgar,2023-10-16,2026-10-03,2026-10-03,0
IDT,2023-10-31,301205000.0,7659000.0,0.3,edgar,2023-12-11,2026-10-03,2026-10-03,0
IDT,2024-01-31,296098000.0,14425000.0,0.57,edgar,2024-03-11,2026-10-03,2026-10-03,0
IDT,2024-04-30,299643000.0,5551000.0,0.22,edgar,2024-06-10,2026-10-03,2026-10-03,0
IDT,2024-07-31,308832000.0,36819000.0,1.4500000000000002,edgar,2024-10-15,2026-10-03,2026-10-03,0
IDT,2024-10-31,309566000.0,17249000.0,0.68,edgar,2024-12-10,2026-10-03,2026-10-03,0
IDT,2025-01-31,303349000.0,20269000.0,0.8,edgar,2025-03-12,2026-10-03,2026-10-03,0
IDT,2025-04-30,301985000.0,21692000.0,0.86,edgar,2025-06-09,2026-10-03,2026-10-03,0
IDT,2025-07-31,316595000.0,16884000.0,0.6699999999999999,edgar,2025-09-29,2026-10-03,2026-10-03,0
IDT,2025-10-31,322752000.0,22362000.0,0.89,edgar,2025-12-10,2026-10-03,2026-10-03,0
IDT,2026-01-31,320516000.0,20948000.0,0.84,edgar,2026-03-12,2026-10-03,2026-10-03,0
IDT,2026-04-30,315713000.0,21613000.0,0.87,edgar,2026-06-09,2026-10-03,2026-10-03,0
IDYA,2022-12-31,4022000.0,-24201000.0,-0.53,edgar,2023-03-07,2026-10-03,2026-10-03,0
IDYA,2023-03-31,7880000.0,-23640000.0,-0.49,edgar,2023-05-09,2026-10-03,2026-10-03,0
IDYA,2023-06-30,3544000.0,-27926000.0,-0.5,edgar,2023-08-10,2026-10-03,2026-10-03,0
IDYA,2023-09-30,8038000.0,-27440000.0,-0.46,edgar,2023-11-07,2026-10-03,2026-10-03,0
IDYA,2023-12-31,3923000.0,-33955000.0,-0.51,edgar,2024-02-20,2026-10-03,2026-10-03,0
IDYA,2024-03-31,0.0,-39572000.0,-0.53,edgar,2024-05-07,2026-10-03,2026-10-03,0
IDYA,2024-06-30,0.0,-52772000.0,-0.68,edgar,2024-08-06,2026-10-03,2026-10-03,0
IDYA,2024-09-30,0.0,-51821000.0,-0.6,edgar,2024-11-04,2026-10-03,2026-10-03,0
IDYA,2024-12-31,7000000.0,-130312000.0,-1.5499999999999998,edgar,2025-02-18,2026-10-03,2026-10-03,0
IDYA,2025-09-30,207834000.0,119244000.0,1.33,edgar,2025-11-04,2026-10-03,2026-10-03,0
IDYA,2026-03-31,6560000.0,-98539000.0,-1.11,edgar,2026-05-05,2026-10-03,2026-10-03,0
IDYA,2026-06-30,8857000.0,-112452000.0,-1.22,edgar,2026-08-04,2026-10-03,2026-10-03,0
IKT,2023-06-30,116410.0,-5777966.0,-1.11,edgar,2023-08-14,2026-10-03,2026-10-03,0
IKT,2023-09-30,79569.0,-4595199.0,-0.86,edgar,2023-11-14,2026-10-03,2026-10-03,0
IKT,2023-12-31,1.0,-4177940.0,-0.20999999999999996,edgar,2024-03-27,2026-10-03,2026-10-03,0
IKT,2024-03-31,0.0,-4649635.0,-0.73,edgar,2024-05-15,2026-10-03,2026-10-03,0
IKT,2024-06-30,0.0,-4959608.0,-0.66,edgar,2024-08-14,2026-10-03,2026-10-03,0
IKT,2024-09-30,0.0,-5778066.0,-0.65,edgar,2024-11-14,2026-10-03,2026-10-03,0
IKT,2024-12-31,0.0,-12132691.0,0.8800000000000001,edgar,2025-03-27,2026-10-03,2026-10-03,0
IKT,2025-03-31,0.0,-13678735.0,-0.15,edgar,2025-05-14,2026-10-03,2026-10-03,0
IKT,2025-06-30,0.0,-9915523.0,-0.11,edgar,2025-08-14,2026-10-03,2026-10-03,0
IKT,2025-09-30,0.0,-11930280.0,-0.13,edgar,2025-11-14,2026-10-03,2026-10-03,0
IKT,2026-03-31,0.0,-16380840.0,-0.1,edgar,2026-05-12,2026-10-03,2026-10-03,0
IKT,2026-06-30,0.0,-19591231.0,-0.11,edgar,2026-08-11,2026-10-03,2026-10-03,0
ILMN,2023-10-01,1119000000.0,-754000000.0,-4.77,edgar,2023-11-13,2026-10-03,2026-10-03,0
ILMN,2023-12-31,1122000000.0,-176000000.0,-1.1100000000000003,edgar,2024-02-16,2026-10-03,2026-10-03,0
ILMN,2024-03-31,1076000000.0,-126000000.0,-0.79,edgar,2024-05-03,2026-10-03,2026-10-03,0
ILMN,2024-06-30,1112000000.0,-1988000000.0,-12.48,edgar,2024-08-07,2026-10-03,2026-10-03,0
ILMN,2024-09-29,1080000000.0,705000000.0,4.42,edgar,2024-11-06,2026-10-03,2026-10-03,0
ILMN,2024-12-29,1104000000.0,186000000.0,1.160000000000001,edgar,2025-02-12,2026-10-03,2026-10-03,0
ILMN,2025-03-30,1041000000.0,131000000.0,0.82,edgar,2025-05-09,2026-10-03,2026-10-03,0
ILMN,2025-06-29,1059000000.0,235000000.0,1.49,edgar,2025-08-01,2026-10-03,2026-10-03,0
ILMN,2025-09-28,1084000000.0,150000000.0,0.98,edgar,2025-10-31,2026-10-03,2026-10-03,0
ILMN,2025-12-28,1159000000.0,334000000.0,2.16,edgar,2026-02-12,2026-10-03,2026-10-03,0
ILMN,2026-03-29,1091000000.0,134000000.0,0.87,edgar,2026-05-04,2026-10-03,2026-10-03,0
ILMN,2026-06-28,1159000000.0,207000000.0,1.35,edgar,2026-07-31,2026-10-03,2026-10-03,0
INBX,2023-06-30,30000.0,-47052000.0,-4.31,edgar,2024-08-13,2026-10-03,2026-10-03,0
INBX,2023-09-30,119000.0,-51789000.0,-4.39,edgar,2024-11-14,2026-10-03,2026-10-03,0
INBX,2024-03-31,0.0,-78710000.0,-5.77,edgar,2025-05-14,2026-10-03,2026-10-03,0
INBX,2024-06-30,100000.0,1858011000.0,125.48,edgar,2024-08-13,2026-10-03,2026-10-03,0
INBX,2024-09-30,0.0,-43864000.0,-2.84,edgar,2024-11-14,2026-10-03,2026-10-03,0
INBX,2024-12-31,100000.0,-47865000.0,-4.25,edgar,2025-03-17,2026-10-03,2026-10-03,0
INBX,2025-03-31,0.0,-43311000.0,-2.8,edgar,2025-05-14,2026-10-03,2026-10-03,0
INBX,2025-06-30,1300000.0,-28654000.0,-1.85,edgar,2025-08-13,2026-10-03,2026-10-03,0
INBX,2025-09-30,0.0,-35256000.0,-2.28,edgar,2025-11-14,2026-10-03,2026-10-03,0
INBX,2025-12-31,0.0,-32834000.0,-2.1099999999999994,edgar,2026-03-19,2026-10-03,2026-10-03,0
INBX,2026-06-30,0.0,-36650000.0,-2.34,edgar,2026-08-13,2026-10-03,2026-10-03,0
INCY,2023-06-30,954610000.0,203548000.0,0.9,edgar,2023-08-01,2026-10-03,2026-10-03,0
INCY,2023-09-30,919025000.0,171269000.0,0.76,edgar,2023-10-31,2026-10-03,2026-10-03,0
INCY,2023-12-31,1013341000.0,201080000.0,0.8899999999999999,edgar,2024-02-13,2026-10-03,2026-10-03,0
INCY,2024-03-31,880889000.0,169548000.0,0.75,edgar,2024-04-30,2026-10-03,2026-10-03,0
INCY,2024-06-30,1043759000.0,-444601000.0,-2.04,edgar,2024-07-30,2026-10-03,2026-10-03,0
INCY,2024-09-30,1137871000.0,106456000.0,0.54,edgar,2024-10-29,2026-10-03,2026-10-03,0
INCY,2024-12-31,1178698000.0,201197000.0,0.9,edgar,2025-02-10,2026-10-03,2026-10-03,0
INCY,2025-03-31,1052898000.0,158203000.0,0.8,edgar,2025-04-29,2026-10-03,2026-10-03,0
INCY,2025-06-30,1215529000.0,404999000.0,2.04,edgar,2025-07-29,2026-10-03,2026-10-03,0
INCY,2025-09-30,1365980000.0,424169000.0,2.11,edgar,2025-10-28,2026-10-03,2026-10-03,0
INCY,2025-12-31,1506835000.0,299329000.0,1.46,edgar,2026-02-10,2026-10-03,2026-10-03,0
INCY,2026-03-31,1272676000.0,303330000.0,1.47,edgar,2026-04-28,2026-10-03,2026-10-03,0
INDI,2023-09-30,60476000.0,-17097000.0,-0.12,edgar,2023-11-13,2026-10-03,2026-10-03,0
INDI,2023-12-31,70133000.0,-25862000.0,-0.050000000000000044,edgar,2024-02-29,2026-10-03,2026-10-03,0
INDI,2024-03-31,52353000.0,-31179000.0,-0.19,edgar,2024-05-10,2026-10-03,2026-10-03,0
INDI,2024-06-30,52355000.0,-19160000.0,-0.11,edgar,2024-08-09,2026-10-03,2026-10-03,0
INDI,2024-09-30,53965000.0,-49682000.0,-0.28,edgar,2024-11-08,2026-10-03,2026-10-03,0
INDI,2024-12-31,58009000.0,-44166000.0,-0.17999999999999994,edgar,2025-03-03,2026-10-03,2026-10-03,0
INDI,2025-03-31,54077000.0,-34546000.0,-0.18,edgar,2025-05-12,2026-10-03,2026-10-03,0
INDI,2025-06-30,51634000.0,-39038000.0,-0.2,edgar,2025-08-08,2026-10-03,2026-10-03,0
INDI,2025-09-30,53676000.0,-38289000.0,-0.19,edgar,2025-11-07,2026-10-03,2026-10-03,0
INDI,2025-12-31,58007000.0,-38839000.0,-0.15999999999999992,edgar,2026-02-27,2026-10-03,2026-10-03,0
INDI,2026-03-31,55457000.0,-43192000.0,-0.21,edgar,2026-05-11,2026-10-03,2026-10-03,0
INDI,2026-06-30,64009000.0,-37075000.0,-0.17,edgar,2026-08-07,2026-10-03,2026-10-03,0
INGM,2023-09-30,11925373000.0,86783000.0,0.39,edgar,2024-11-12,2026-10-03,2026-10-03,0
INGM,2023-12-30,13019501000.0,136524000.0,0.61,edgar,2025-03-05,2026-10-03,2026-10-03,0
INGM,2024-03-30,11334934000.0,49552000.0,0.22,edgar,2025-03-05,2026-10-03,2026-10-03,0
INGM,2024-06-29,11541439000.0,54585000.0,0.25,edgar,2025-03-05,2026-10-03,2026-10-03,0
INGM,2024-09-28,11762628000.0,76969000.0,0.35,edgar,2024-11-12,2026-10-03,2026-10-03,0
INGM,2024-12-28,13344670000.0,83116000.0,0.36,edgar,2025-03-05,2026-10-03,2026-10-03,0
INGM,2025-03-29,12280843000.0,69189000.0,0.29,edgar,2025-05-08,2026-10-03,2026-10-03,0
INGM,2025-06-28,12793956000.0,37826000.0,0.16,edgar,2025-08-06,2026-10-03,2026-10-03,0
INGM,2025-09-27,12603755000.0,99457000.0,0.42,edgar,2025-10-30,2026-10-03,2026-10-03,0
INGM,2025-12-27,14877709000.0,121410000.0,0.5199999999999999,edgar,2026-03-03,2026-10-03,2026-10-03,0
INGM,2026-03-28,13962981000.0,98870000.0,0.42,edgar,2026-04-30,2026-10-03,2026-10-03,0
INGM,2026-06-27,14531069000.0,110866000.0,0.48,edgar,2026-07-30,2026-10-03,2026-10-03,0
INN,2023-09-30,181816000.0,-5769000.0,-0.05,edgar,2023-11-01,2026-10-03,2026-10-03,0
INN,2023-12-31,177435000.0,-21267000.0,-0.16000000000000003,edgar,2024-02-29,2026-10-03,2026-10-03,0
INN,2024-03-31,188142000.0,2833000.0,-0.02,edgar,2024-05-01,2026-10-03,2026-10-03,0
INN,2024-06-30,193903000.0,38698000.0,0.23,edgar,2024-07-30,2026-10-03,2026-10-03,0
INN,2024-09-30,176807000.0,-3556000.0,-0.04,edgar,2024-11-04,2026-10-03,2026-10-03,0
INN,2024-12-31,172931000.0,916000.0,0.04999999999999999,edgar,2025-02-24,2026-10-03,2026-10-03,0
INN,2025-03-31,184478000.0,623000.0,-0.04,edgar,2025-04-30,2026-10-03,2026-10-03,0
INN,2025-06-30,192917000.0,2037000.0,-0.02,edgar,2025-08-05,2026-10-03,2026-10-03,0
INN,2025-09-30,177117000.0,-11760000.0,-0.11,edgar,2025-11-04,2026-10-03,2026-10-03,0
INN,2025-12-31,174960000.0,-2577000.0,-0.04999999999999999,edgar,2026-02-25,2026-10-03,2026-10-03,0
INN,2026-03-31,185053000.0,-5913000.0,-0.1,edgar,2026-04-30,2026-10-03,2026-10-03,0
INN,2026-06-30,199019000.0,9735000.0,0.04,edgar,2026-08-05,2026-10-03,2026-10-03,0
INOD,2023-09-30,22169000.0,371000.0,0.01,edgar,2024-11-07,2026-10-03,2026-10-03,0
INOD,2023-12-31,26112000.0,1651488.0,0.07,edgar,2024-03-04,2026-10-03,2026-10-03,0
INOD,2024-03-31,26504000.0,989000.0,0.03,edgar,2025-05-09,2026-10-03,2026-10-03,0
INOD,2024-06-30,32553000.0,-14000.0,0.0,edgar,2025-07-31,2026-10-03,2026-10-03,0
INOD,2024-09-30,52224000.0,17389000.0,0.51,edgar,2024-11-07,2026-10-03,2026-10-03,0
INOD,2024-12-31,59180000.0,10296007.0,0.35,edgar,2025-02-24,2026-10-03,2026-10-03,0
INOD,2025-03-31,58344000.0,7787000.0,0.22,edgar,2025-05-09,2026-10-03,2026-10-03,0
INOD,2025-06-30,58393000.0,7219000.0,0.2,edgar,2025-07-31,2026-10-03,2026-10-03,0
INOD,2025-09-30,62550000.0,8342000.0,0.24,edgar,2025-11-06,2026-10-03,2026-10-03,0
INOD,2025-12-31,72376000.0,8833298.0,0.26,edgar,2026-02-26,2026-10-03,2026-10-03,0
INOD,2026-03-31,90096000.0,14898000.0,0.42,edgar,2026-05-07,2026-10-03,2026-10-03,0
INOD,2026-06-30,92142000.0,14412000.0,0.41,edgar,2026-08-06,2026-10-03,2026-10-03,0
INSW,2023-09-30,241708000.0,97937000.0,1.99,edgar,2023-11-07,2026-10-03,2026-10-03,0
INSW,2023-12-31,250734000.0,132118000.0,2.6799999999999997,edgar,2024-02-29,2026-10-03,2026-10-03,0
INSW,2024-03-31,274401000.0,144490000.0,2.92,edgar,2024-05-08,2026-10-03,2026-10-03,0
INSW,2024-06-30,257409000.0,144723000.0,2.91,edgar,2024-08-07,2026-10-03,2026-10-03,0
INSW,2024-09-30,225190000.0,91688000.0,1.84,edgar,2024-11-07,2026-10-03,2026-10-03,0
INSW,2024-12-31,194613000.0,35819000.0,0.7100000000000009,edgar,2025-02-27,2026-10-03,2026-10-03,0
INSW,2025-03-31,183394000.0,49565000.0,1.0,edgar,2025-05-08,2026-10-03,2026-10-03,0
INSW,2025-06-30,195641000.0,61646000.0,1.25,edgar,2025-08-06,2026-10-03,2026-10-03,0
INSW,2025-09-30,196388000.0,70546000.0,1.42,edgar,2025-11-06,2026-10-03,2026-10-03,0
INSW,2025-12-31,267879000.0,127503000.0,2.5600000000000005,edgar,2026-02-26,2026-10-03,2026-10-03,0
INSW,2026-03-31,325476000.0,286143000.0,5.75,edgar,2026-05-07,2026-10-03,2026-10-03,0
INSW,2026-06-30,467287000.0,294925000.0,5.91,edgar,2026-08-10,2026-10-03,2026-10-03,0
INTC,2023-09-30,14158000000.0,297000000.0,0.07,edgar,2023-10-27,2026-10-03,2026-10-03,0
INTC,2023-12-30,15406000000.0,2669000000.0,0.6400000000000001,edgar,2024-01-26,2026-10-03,2026-10-03,0
INTC,2024-03-30,12724000000.0,-381000000.0,-0.09,edgar,2024-04-26,2026-10-03,2026-10-03,0
INTC,2024-06-29,12833000000.0,-1610000000.0,-0.38,edgar,2024-08-02,2026-10-03,2026-10-03,0
INTC,2024-09-28,13284000000.0,-16639000000.0,-3.88,edgar,2024-11-01,2026-10-03,2026-10-03,0
INTC,2024-12-28,14260000000.0,-126000000.0,-0.03000000000000025,edgar,2025-01-31,2026-10-03,2026-10-03,0
INTC,2025-03-29,12667000000.0,-821000000.0,-0.19,edgar,2025-04-25,2026-10-03,2026-10-03,0
INTC,2025-06-28,12859000000.0,-2918000000.0,-0.67,edgar,2025-07-24,2026-10-03,2026-10-03,0
INTC,2025-09-27,13653000000.0,4063000000.0,0.9,edgar,2025-11-06,2026-10-03,2026-10-03,0
INTC,2025-12-27,13674000000.0,-591000000.0,-0.09999999999999998,edgar,2026-01-23,2026-10-03,2026-10-03,0
INTC,2026-03-28,13577000000.0,-3728000000.0,-0.73,edgar,2026-04-24,2026-10-03,2026-10-03,0
INTC,2026-06-27,16128000000.0,-11033000000.0,-2.16,edgar,2026-07-24,2026-10-03,2026-10-03,0
INVX,2023-09-30,139086000.0,15366000.0,0.48,edgar,2024-11-08,2026-10-03,2026-10-03,0
INVX,2023-12-31,126344000.0,52766000.0,1.6400000000000001,edgar,2024-02-27,2026-10-03,2026-10-03,0
INVX,2024-03-31,127997000.0,16417000.0,0.51,edgar,2025-05-07,2026-10-03,2026-10-03,0
INVX,2024-06-30,130302000.0,9534000.0,0.3,edgar,2025-08-06,2026-10-03,2026-10-03,0
INVX,2024-09-30,151817000.0,82586000.0,1.99,edgar,2024-11-08,2026-10-03,2026-10-03,0
INVX,2024-12-31,250687000.0,31788000.0,-0.029999999999999805,edgar,2025-03-03,2026-10-03,2026-10-03,0
INVX,2025-03-31,240415000.0,14757000.0,0.21,edgar,2025-05-07,2026-10-03,2026-10-03,0
INVX,2025-06-30,224234000.0,15345000.0,0.22,edgar,2025-08-06,2026-10-03,2026-10-03,0
INVX,2025-09-30,240000000.0,39228000.0,0.57,edgar,2025-11-04,2026-10-03,2026-10-03,0
INVX,2025-12-31,273602000.0,13968000.0,0.19999999999999996,edgar,2026-02-24,2026-10-03,2026-10-03,0
INVX,2026-03-31,239031000.0,-16671000.0,-0.24,edgar,2026-05-05,2026-10-03,2026-10-03,0
INVX,2026-06-30,244896000.0,25031000.0,0.36,edgar,2026-08-04,2026-10-03,2026-10-03,0
IOSP,2023-09-30,464100000.0,39200000.0,1.57,edgar,2023-11-08,2026-10-03,2026-10-03,0
IOSP,2023-12-31,494700000.0,37800000.0,1.4999999999999991,edgar,2024-02-14,2026-10-03,2026-10-03,0
IOSP,2024-03-31,500200000.0,41400000.0,1.65,edgar,2024-05-10,2026-10-03,2026-10-03,0
IOSP,2024-06-30,435000000.0,31200000.0,1.24,edgar,2024-08-07,2026-10-03,2026-10-03,0
IOSP,2024-09-30,443400000.0,33400000.0,1.33,edgar,2024-11-06,2026-10-03,2026-10-03,0
IOSP,2024-12-31,466800000.0,-70400000.0,-2.8,edgar,2025-02-19,2026-10-03,2026-10-03,0
IOSP,2025-03-31,440800000.0,32800000.0,1.31,edgar,2025-05-09,2026-10-03,2026-10-03,0
IOSP,2025-06-30,439700000.0,23500000.0,0.94,edgar,2025-08-06,2026-10-03,2026-10-03,0
IOSP,2025-09-30,441900000.0,12900000.0,0.52,edgar,2025-11-05,2026-10-03,2026-10-03,0
IOSP,2025-12-31,455600000.0,46200000.0,1.9,edgar,2026-02-18,2026-10-03,2026-10-03,0
IOSP,2026-03-31,453200000.0,30400000.0,1.22,edgar,2026-05-08,2026-10-03,2026-10-03,0
IOSP,2026-06-30,491400000.0,30800000.0,1.25,edgar,2026-08-05,2026-10-03,2026-10-03,0
IOT,2023-10-28,237534000.0,-45531000.0,-0.08,edgar,2023-12-05,2026-10-03,2026-10-03,0
IOT,2024-02-03,276274000.0,-113371000.0,-0.22000000000000003,edgar,2024-03-26,2026-10-03,2026-10-03,0
IOT,2024-05-04,280726000.0,-56289000.0,-0.1,edgar,2024-06-11,2026-10-03,2026-10-03,0
IOT,2024-08-03,300202000.0,-49610000.0,-0.09,edgar,2024-09-10,2026-10-03,2026-10-03,0
IOT,2024-11-02,321981000.0,-37806000.0,-0.07,edgar,2024-12-10,2026-10-03,2026-10-03,0
IOT,2025-02-01,346290000.0,-11202000.0,-0.020000000000000018,edgar,2025-03-25,2026-10-03,2026-10-03,0
IOT,2025-05-03,366884000.0,-22121000.0,-0.04,edgar,2025-06-10,2026-10-03,2026-10-03,0
IOT,2025-08-02,391480000.0,-16800000.0,-0.03,edgar,2025-09-09,2026-10-03,2026-10-03,0
IOT,2025-11-01,415975000.0,7766000.0,0.01,edgar,2025-12-09,2026-10-03,2026-10-03,0
IOT,2026-01-31,444296000.0,22038000.0,0.039999999999999994,edgar,2026-03-16,2026-10-03,2026-10-03,0
IOT,2026-05-02,478844000.0,44508000.0,0.08,edgar,2026-06-09,2026-10-03,2026-10-03,0
IOT,2026-08-01,508437000.0,16242000.0,0.03,edgar,2026-09-08,2026-10-03,2026-10-03,0
IOVA,2023-06-30,238000.0,-106528000.0,-0.47,edgar,2023-08-08,2026-10-03,2026-10-03,0
IOVA,2023-09-30,469000.0,-113760000.0,-0.46,edgar,2023-11-07,2026-10-03,2026-10-03,0
IOVA,2024-03-31,715000.0,-112976000.0,-0.42,edgar,2024-05-09,2026-10-03,2026-10-03,0
IOVA,2024-06-30,31106000.0,-97101000.0,-0.34,edgar,2024-08-08,2026-10-03,2026-10-03,0
IOVA,2024-09-30,58555000.0,-83541000.0,-0.28,edgar,2024-11-07,2026-10-03,2026-10-03,0
IOVA,2024-12-31,73694000.0,-78582000.0,-0.24,edgar,2025-02-27,2026-10-03,2026-10-03,0
IOVA,2025-03-31,49324000.0,-116163000.0,-0.36,edgar,2025-05-08,2026-10-03,2026-10-03,0
IOVA,2025-06-30,59952000.0,-111658000.0,-0.33,edgar,2025-08-07,2026-10-03,2026-10-03,0
IOVA,2025-09-30,67455000.0,-91253000.0,-0.25,edgar,2025-11-06,2026-10-03,2026-10-03,0
IOVA,2025-12-31,86771000.0,-71926000.0,-0.15000000000000013,edgar,2026-02-24,2026-10-03,2026-10-03,0
IOVA,2026-03-31,71430000.0,-79045000.0,-0.19,edgar,2026-05-07,2026-10-03,2026-10-03,0
IOVA,2026-06-30,99313000.0,-47315000.0,-0.11,edgar,2026-08-06,2026-10-03,2026-10-03,0
IPAR,2023-09-30,367969000.0,53214000.0,1.66,edgar,2023-11-07,2026-10-03,2026-10-03,0
IPAR,2023-12-31,328739000.0,45766000.0,0.3200000000000003,edgar,2024-02-27,2026-10-03,2026-10-03,0
IPAR,2024-03-31,323963000.0,41048000.0,1.27,edgar,2024-05-07,2026-10-03,2026-10-03,0
IPAR,2024-06-30,342229000.0,36823000.0,1.14,edgar,2024-08-06,2026-10-03,2026-10-03,0
IPAR,2024-09-30,424629000.0,62259000.0,1.93,edgar,2024-11-06,2026-10-03,2026-10-03,0
IPAR,2024-12-31,361504000.0,62870000.0,0.7800000000000002,edgar,2025-03-11,2026-10-03,2026-10-03,0
IPAR,2025-03-31,338819000.0,42492000.0,1.32,edgar,2025-05-05,2026-10-03,2026-10-03,0
IPAR,2025-06-30,333936000.0,31988000.0,0.99,edgar,2025-08-05,2026-10-03,2026-10-03,0
IPAR,2025-09-30,429579000.0,65809000.0,2.05,edgar,2025-11-05,2026-10-03,2026-10-03,0
IPAR,2025-12-31,386175000.0,67711000.0,0.8800000000000008,edgar,2026-03-10,2026-10-03,2026-10-03,0
IPAR,2026-03-31,344885000.0,43366000.0,1.35,edgar,2026-05-05,2026-10-03,2026-10-03,0
IPAR,2026-06-30,341037000.0,30487000.0,0.95,edgar,2026-08-04,2026-10-03,2026-10-03,0
IQV,2023-06-30,3728000000.0,297000000.0,1.59,edgar,2023-08-01,2026-10-03,2026-10-03,0
IQV,2023-09-30,3736000000.0,303000000.0,1.63,edgar,2023-11-01,2026-10-03,2026-10-03,0
IQV,2023-12-31,3868000000.0,469000000.0,2.54,edgar,2024-02-15,2026-10-03,2026-10-03,0
IQV,2024-03-31,3737000000.0,288000000.0,1.56,edgar,2024-05-02,2026-10-03,2026-10-03,0
IQV,2024-06-30,3814000000.0,363000000.0,1.97,edgar,2024-07-22,2026-10-03,2026-10-03,0
IQV,2024-09-30,3896000000.0,285000000.0,1.55,edgar,2024-10-31,2026-10-03,2026-10-03,0
IQV,2024-12-31,3958000000.0,437000000.0,2.41,edgar,2025-02-13,2026-10-03,2026-10-03,0
IQV,2025-03-31,3829000000.0,249000000.0,1.4,edgar,2025-05-06,2026-10-03,2026-10-03,0
IQV,2025-06-30,4017000000.0,266000000.0,1.54,edgar,2025-07-22,2026-10-03,2026-10-03,0
IQV,2025-09-30,4100000000.0,331000000.0,1.93,edgar,2025-10-28,2026-10-03,2026-10-03,0
IQV,2025-12-31,4364000000.0,514000000.0,2.9699999999999998,edgar,2026-02-17,2026-10-03,2026-10-03,0
IQV,2026-03-31,4151000000.0,274000000.0,1.61,edgar,2026-05-05,2026-10-03,2026-10-03,0
IRD,2023-09-30,11935000.0,5561000.0,0.25,edgar,2023-11-13,2026-10-03,2026-10-03,0
IRD,2023-12-31,1691000.0,-4795000.0,-0.19,edgar,2024-03-08,2026-10-03,2026-10-03,0
IRD,2024-03-31,1711000.0,-7106000.0,-0.29,edgar,2024-05-10,2026-10-03,2026-10-03,0
IRD,2024-06-30,1112000.0,-7765000.0,-0.3,edgar,2024-08-13,2026-10-03,2026-10-03,0
IRD,2024-09-30,3867000.0,-7526000.0,-0.29,edgar,2024-11-12,2026-10-03,2026-10-03,0
IRD,2024-12-31,4302000.0,-35135000.0,-1.27,edgar,2025-03-31,2026-10-03,2026-10-03,0
IRD,2025-03-31,4370000.0,-8194000.0,-0.24,edgar,2025-05-15,2026-10-03,2026-10-03,0
IRD,2025-06-30,2882000.0,-7420000.0,-0.12,edgar,2025-08-13,2026-10-03,2026-10-03,0
IRD,2025-09-30,3079000.0,-17454000.0,-0.25,edgar,2025-11-12,2026-10-03,2026-10-03,0
IRD,2025-12-31,3865000.0,-16523000.0,-0.19000000000000006,edgar,2026-03-12,2026-10-03,2026-10-03,0
IRD,2026-03-31,2157000.0,-65535000.0,-0.75,edgar,2026-05-12,2026-10-03,2026-10-03,0
IRD,2026-06-30,755000.0,-8098000.0,-0.14,edgar,2026-08-06,2026-10-03,2026-10-03,0
IRDM,2023-09-30,197602000.0,-1642000.0,-0.01,edgar,2023-10-19,2026-10-03,2026-10-03,0
IRDM,2023-12-31,194740000.0,38023000.0,0.29,edgar,2024-02-15,2026-10-03,2026-10-03,0
IRDM,2024-03-31,203853000.0,19653000.0,0.16,edgar,2024-04-18,2026-10-03,2026-10-03,0
IRDM,2024-06-30,201067000.0,32336000.0,0.27,edgar,2024-07-23,2026-10-03,2026-10-03,0
IRDM,2024-09-30,212771000.0,24446000.0,0.21,edgar,2024-10-17,2026-10-03,2026-10-03,0
IRDM,2024-12-31,212991000.0,36341000.0,0.29999999999999993,edgar,2025-02-13,2026-10-03,2026-10-03,0
IRDM,2025-03-31,214878000.0,30412000.0,0.27,edgar,2025-04-22,2026-10-03,2026-10-03,0
IRDM,2025-06-30,216906000.0,21968000.0,0.2,edgar,2025-07-24,2026-10-03,2026-10-03,0
IRDM,2025-09-30,226935000.0,37127000.0,0.35,edgar,2025-10-23,2026-10-03,2026-10-03,0
IRDM,2025-12-31,212940000.0,24865000.0,0.24,edgar,2026-02-12,2026-10-03,2026-10-03,0
IRDM,2026-03-31,219057000.0,21594000.0,0.2,edgar,2026-04-23,2026-10-03,2026-10-03,0
IRDM,2026-06-30,225237000.0,9679000.0,0.09,edgar,2026-07-22,2026-10-03,2026-10-03,0
IRWD,2023-09-30,113739000.0,15321000.0,0.09,edgar,2023-11-09,2026-10-03,2026-10-03,0
IRWD,2023-12-31,117553000.0,-1087000.0,-0.01,edgar,2024-02-16,2026-10-03,2026-10-03,0
IRWD,2024-03-31,74877000.0,-4162000.0,-0.03,edgar,2024-05-09,2026-10-03,2026-10-03,0
IRWD,2024-06-30,94396000.0,-860000.0,-0.01,edgar,2024-08-08,2026-10-03,2026-10-03,0
IRWD,2024-09-30,91592000.0,3646000.0,0.02,edgar,2024-11-07,2026-10-03,2026-10-03,0
IRWD,2024-12-31,90545000.0,2256000.0,0.01,edgar,2025-03-31,2026-10-03,2026-10-03,0
IRWD,2025-03-31,41143000.0,-37386000.0,-0.23,edgar,2025-05-12,2026-10-03,2026-10-03,0
IRWD,2025-06-30,85239000.0,23599000.0,0.14,edgar,2025-08-11,2026-10-03,2026-10-03,0
IRWD,2025-09-30,122060000.0,40080000.0,0.23,edgar,2025-11-10,2026-10-03,2026-10-03,0
IRWD,2025-12-31,47709000.0,-2276000.0,-0.01,edgar,2026-02-26,2026-10-03,2026-10-03,0
IRWD,2026-03-31,106506000.0,40773000.0,0.24,edgar,2026-05-07,2026-10-03,2026-10-03,0
IRWD,2026-06-30,113041000.0,51291000.0,0.31,edgar,2026-08-06,2026-10-03,2026-10-03,0
ITIC,2023-09-30,9319000.0,7084000.0,3.75,edgar,2023-11-08,2026-10-03,2026-10-03,0
ITIC,2023-12-31,8891000.0,5835600.0,3.08,edgar,2024-03-15,2026-10-03,2026-10-03,0
ITIC,2024-03-31,8027000.0,4525000.0,2.4,edgar,2024-05-08,2026-10-03,2026-10-03,0
ITIC,2024-06-30,9105000.0,8871000.0,4.7,edgar,2024-08-09,2026-10-03,2026-10-03,0
ITIC,2024-09-30,8879000.0,9315000.0,4.92,edgar,2024-11-07,2026-10-03,2026-10-03,0
ITIC,2024-12-31,9136000.0,8362000.0,4.41,edgar,2025-03-17,2026-10-03,2026-10-03,0
ITIC,2025-03-31,8501000.0,3171000.0,1.67,edgar,2025-05-12,2026-10-03,2026-10-03,0
ITIC,2025-06-30,11171000.0,12278000.0,6.48,edgar,2025-08-08,2026-10-03,2026-10-03,0
ITIC,2025-09-30,11069000.0,12214000.0,6.45,edgar,2025-11-07,2026-10-03,2026-10-03,0
ITIC,2025-12-31,10169000.0,7517200.0,3.969999999999999,edgar,2026-03-16,2026-10-03,2026-10-03,0
ITIC,2026-03-31,9409000.0,6067000.0,3.2,edgar,2026-05-11,2026-10-03,2026-10-03,0
ITIC,2026-06-30,11073000.0,14633000.0,7.73,edgar,2026-08-10,2026-10-03,2026-10-03,0
ITT,2023-09-30,822100000.0,110800000.0,1.34,edgar,2023-11-02,2026-10-03,2026-10-03,0
ITT,2023-12-31,829100000.0,93200000.0,1.1300000000000003,edgar,2024-02-12,2026-10-03,2026-10-03,0
ITT,2024-03-30,910600000.0,111500000.0,1.35,edgar,2024-05-02,2026-10-03,2026-10-03,0
ITT,2024-06-29,905900000.0,119700000.0,1.45,edgar,2024-08-01,2026-10-03,2026-10-03,0
ITT,2024-09-28,885200000.0,161600000.0,1.97,edgar,2024-10-29,2026-10-03,2026-10-03,0
ITT,2024-12-31,929000000.0,127100000.0,1.5500000000000007,edgar,2025-02-10,2026-10-03,2026-10-03,0
ITT,2025-03-29,913000000.0,108400000.0,1.33,edgar,2025-05-01,2026-10-03,2026-10-03,0
ITT,2025-06-28,972400000.0,121000000.0,1.52,edgar,2025-07-31,2026-10-03,2026-10-03,0
ITT,2025-09-27,999100000.0,126900000.0,1.62,edgar,2025-10-29,2026-10-03,2026-10-03,0
ITT,2025-12-31,1054000000.0,131700000.0,1.6399999999999997,edgar,2026-02-09,2026-10-03,2026-10-03,0
ITT,2026-04-04,1211900000.0,78000000.0,0.89,edgar,2026-05-06,2026-10-03,2026-10-03,0
ITT,2026-07-04,1473100000.0,84900000.0,0.95,edgar,2026-08-06,2026-10-03,2026-10-03,0
IVZ,2023-09-30,1442000000.0,131400000.0,0.29,edgar,2023-10-31,2026-10-03,2026-10-03,0
IVZ,2023-12-31,1413400000.0,-742300000.0,-1.63,edgar,2024-02-21,2026-10-03,2026-10-03,0
IVZ,2024-03-31,1475300000.0,141500000.0,0.31,edgar,2024-05-01,2026-10-03,2026-10-03,0
IVZ,2024-06-30,1483300000.0,132200000.0,0.29,edgar,2024-07-31,2026-10-03,2026-10-03,0
IVZ,2024-09-30,1515400000.0,55000000.0,0.12,edgar,2024-10-29,2026-10-03,2026-10-03,0
IVZ,2024-12-31,1593000000.0,209300000.0,0.45999999999999996,edgar,2025-02-25,2026-10-03,2026-10-03,0
IVZ,2025-03-31,1529200000.0,171100000.0,0.38,edgar,2025-04-28,2026-10-03,2026-10-03,0
IVZ,2025-06-30,1515500000.0,197400000.0,-0.03,edgar,2025-08-01,2026-10-03,2026-10-03,0
IVZ,2025-09-30,1640400000.0,356400000.0,0.66,edgar,2025-11-04,2026-10-03,2026-10-03,0
IVZ,2025-12-31,1692000000.0,-995900000.0,-2.6100000000000003,edgar,2026-02-24,2026-10-03,2026-10-03,0
IVZ,2026-03-31,1744500000.0,219100000.0,0.51,edgar,2026-05-05,2026-10-03,2026-10-03,0
IVZ,2026-06-30,1825600000.0,338900000.0,0.76,edgar,2026-08-04,2026-10-03,2026-10-03,0
JANX,2023-09-30,2517000.0,-11568000.0,-0.25,edgar,2023-11-07,2026-10-03,2026-10-03,0
JANX,2023-12-31,2461000.0,-11758000.0,-0.2300000000000002,edgar,2024-03-08,2026-10-03,2026-10-03,0
JANX,2024-03-31,1252000.0,-14760000.0,-0.3,edgar,2024-05-08,2026-10-03,2026-10-03,0
JANX,2024-06-30,8897000.0,-5959000.0,-0.11,edgar,2024-08-07,2026-10-03,2026-10-03,0
JANX,2024-09-30,439000.0,-28059000.0,-0.51,edgar,2024-11-06,2026-10-03,2026-10-03,0
JANX,2024-12-31,0.0,-20216000.0,-0.36,edgar,2025-02-27,2026-10-03,2026-10-03,0
JANX,2025-03-31,0.0,-23508000.0,-0.38,edgar,2025-05-08,2026-10-03,2026-10-03,0
JANX,2025-06-30,0.0,-33858000.0,-0.55,edgar,2025-08-07,2026-10-03,2026-10-03,0
JANX,2025-09-30,10000000.0,-24313000.0,-0.39,edgar,2025-11-06,2026-10-03,2026-10-03,0
JANX,2025-12-31,0.0,-31946000.0,-0.51,edgar,2026-02-26,2026-10-03,2026-10-03,0
JANX,2026-03-31,3733000.0,-24361000.0,-0.39,edgar,2026-05-07,2026-10-03,2026-10-03,0
JANX,2026-06-30,10267000.0,-21972000.0,-0.35,edgar,2026-08-06,2026-10-03,2026-10-03,0
JAZZ,2023-09-30,972140000.0,146820000.0,2.14,edgar,2023-11-08,2026-10-03,2026-10-03,0
JAZZ,2023-12-31,1011935000.0,94154000.0,1.3999999999999995,edgar,2024-02-28,2026-10-03,2026-10-03,0
JAZZ,2024-03-31,901983000.0,-14618000.0,-0.23,edgar,2024-05-02,2026-10-03,2026-10-03,0
JAZZ,2024-06-30,1023825000.0,168568000.0,2.49,edgar,2024-08-01,2026-10-03,2026-10-03,0
JAZZ,2024-09-30,1054969000.0,215055000.0,3.42,edgar,2024-11-07,2026-10-03,2026-10-03,0
JAZZ,2024-12-31,1088173000.0,191115000.0,2.9700000000000006,edgar,2025-02-26,2026-10-03,2026-10-03,0
JAZZ,2025-03-31,897800000.0,-92500000.0,-1.52,edgar,2025-05-07,2026-10-03,2026-10-03,0
JAZZ,2025-06-30,1045700000.0,-718500000.0,-11.74,edgar,2025-08-06,2026-10-03,2026-10-03,0
JAZZ,2025-09-30,1126107000.0,251412000.0,4.08,edgar,2025-11-05,2026-10-03,2026-10-03,0
JAZZ,2025-12-31,1197979000.0,203440000.0,3.34,edgar,2026-02-24,2026-10-03,2026-10-03,0
JAZZ,2026-03-31,1068900000.0,293100000.0,4.43,edgar,2026-05-05,2026-10-03,2026-10-03,0
JAZZ,2026-06-30,1208300000.0,192800000.0,2.78,edgar,2026-08-03,2026-10-03,2026-10-03,0
JCAP,2024-06-30,103804000.0,32168000.0,,edgar,2025-08-14,2026-10-03,2026-10-03,0
JCAP,2024-09-30,110601000.0,36878000.0,,edgar,2025-11-14,2026-10-03,2026-10-03,0
JCAP,2025-03-31,154943000.0,64227000.0,,edgar,2026-05-14,2026-10-03,2026-10-03,0
JCAP,2025-06-30,152708000.0,47651000.0,16.76,edgar,2025-08-14,2026-10-03,2026-10-03,0
JCAP,2025-09-30,150842000.0,38362000.0,0.59,edgar,2025-11-14,2026-10-03,2026-10-03,0
JCAP,2025-12-31,154796000.0,37725000.0,,edgar,2026-03-13,2026-10-03,2026-10-03,0
JCAP,2026-03-31,176439000.0,37634000.0,0.61,edgar,2026-05-14,2026-10-03,2026-10-03,0
JCAP,2026-06-30,177540000.0,41296000.0,0.67,edgar,2026-08-13,2026-10-03,2026-10-03,0
JHX,2025-06-30,899900000.0,62600000.0,0.15,edgar,2026-08-06,2026-10-03,2026-10-03,0
JHX,2026-06-30,1474600000.0,104300000.0,0.18,edgar,2026-08-06,2026-10-03,2026-10-03,0
JILL,2023-10-28,150881000.0,11616000.0,0.8,edgar,2023-12-05,2026-10-03,2026-10-03,0
JILL,2024-02-03,150285000.0,-31397799.0,0.3299999999999996,edgar,2024-04-04,2026-10-03,2026-10-03,0
JILL,2024-05-04,161513000.0,16696000.0,1.16,edgar,2024-06-07,2026-10-03,2026-10-03,0
JILL,2024-08-03,155242000.0,8191000.0,0.54,edgar,2024-09-04,2026-10-03,2026-10-03,0
JILL,2024-11-02,151260000.0,12348000.0,0.8,edgar,2024-12-11,2026-10-03,2026-10-03,0
JILL,2025-02-01,142842000.0,-37195517.0,0.10999999999999988,edgar,2025-04-01,2026-10-03,2026-10-03,0
JILL,2025-05-03,153624000.0,11692000.0,0.76,edgar,2025-06-11,2026-10-03,2026-10-03,0
JILL,2025-08-02,153987000.0,10515000.0,0.69,edgar,2025-09-03,2026-10-03,2026-10-03,0
JILL,2025-11-01,150528000.0,9205000.0,0.6,edgar,2025-12-10,2026-10-03,2026-10-03,0
JILL,2026-01-31,138410000.0,-31384100.0,-0.22999999999999976,edgar,2026-03-31,2026-10-03,2026-10-03,0
JILL,2026-05-02,144427000.0,4688000.0,0.31,edgar,2026-06-10,2026-10-03,2026-10-03,0
JILL,2026-08-01,154829000.0,16774000.0,1.11,edgar,2026-09-09,2026-10-03,2026-10-03,0
JKHY,2023-09-30,571368000.0,101679000.0,1.39,edgar,2023-11-09,2026-10-03,2026-10-03,0
JKHY,2023-12-31,545701000.0,91965000.0,1.26,edgar,2024-02-08,2026-10-03,2026-10-03,0
JKHY,2024-03-31,538562000.0,87099000.0,1.19,edgar,2024-05-09,2026-10-03,2026-10-03,0
JKHY,2024-06-30,559912000.0,101073000.0,1.3900000000000006,edgar,2024-08-26,2026-10-03,2026-10-03,0
JKHY,2024-09-30,600982000.0,119191000.0,1.63,edgar,2024-11-08,2026-10-03,2026-10-03,0
JKHY,2024-12-31,573848000.0,97845000.0,1.34,edgar,2025-02-07,2026-10-03,2026-10-03,0
JKHY,2025-03-31,585087000.0,111108000.0,1.52,edgar,2025-05-12,2026-10-03,2026-10-03,0
JKHY,2025-06-30,615371000.0,127604000.0,1.75,edgar,2025-08-25,2026-10-03,2026-10-03,0
JKHY,2025-09-30,644738000.0,143986000.0,1.97,edgar,2025-11-07,2026-10-03,2026-10-03,0
JKHY,2025-12-31,619334000.0,124668000.0,1.72,edgar,2026-02-06,2026-10-03,2026-10-03,0
JKHY,2026-03-31,636245000.0,122894000.0,1.71,edgar,2026-05-07,2026-10-03,2026-10-03,0
JKHY,2026-06-30,644022000.0,111228000.0,1.58,edgar,2026-08-28,2026-10-03,2026-10-03,0
JMSB,2025-06-30,4000.0,5103000.0,0.36,edgar,2026-08-07,2026-10-03,2026-10-03,0
JPM,2012-03-31,26052000000.0,4924000000.0,1.19,edgar,2012-05-10,2026-10-03,2026-10-03,0
JPM,2012-06-30,22180000000.0,4960000000.0,1.21,edgar,2012-08-09,2026-10-03,2026-10-03,0
JPM,2012-09-30,25146000000.0,5708000000.0,1.4,edgar,2012-11-08,2026-10-03,2026-10-03,0
JPM,2012-12-31,23653000000.0,5692000000.0,1.4000000000000004,edgar,2013-02-28,2026-10-03,2026-10-03,0
JPM,2013-03-31,25122000000.0,6529000000.0,1.59,edgar,2013-05-08,2026-10-03,2026-10-03,0
JPM,2013-06-30,25211000000.0,6496000000.0,1.6,edgar,2013-08-07,2026-10-03,2026-10-03,0
JPM,2013-09-30,23117000000.0,-380000000.0,-0.17,edgar,2013-11-01,2026-10-03,2026-10-03,0
JPM,2013-12-31,23917000000.0,5241000000.0,1.3199999999999998,edgar,2014-02-20,2026-10-03,2026-10-03,0
JPM,2014-03-31,22993000000.0,5269000000.0,1.28,edgar,2014-05-02,2026-10-03,2026-10-03,0
JPM,2014-06-30,24454000000.0,5980000000.0,1.46,edgar,2014-08-04,2026-10-03,2026-10-03,0
JPM,2014-09-30,24246000000.0,5565000000.0,1.35,edgar,2014-11-03,2026-10-03,2026-10-03,0
JPM,2014-12-31,23419000000.0,4931000000.0,1.2000000000000002,edgar,2015-02-24,2026-10-03,2026-10-03,0
JXN,2023-09-30,2585000000.0,2773000000.0,33.35,edgar,2023-11-08,2026-10-03,2026-10-03,0
JXN,2023-12-31,882000000.0,-1594000000.0,-18.690000000000005,edgar,2024-02-28,2026-10-03,2026-10-03,0
JXN,2024-03-31,-322000000.0,795000000.0,9.94,edgar,2024-05-08,2026-10-03,2026-10-03,0
JXN,2024-06-30,1247000000.0,275000000.0,3.43,edgar,2024-08-07,2026-10-03,2026-10-03,0
JXN,2024-09-30,2121000000.0,-469000000.0,-6.37,edgar,2024-11-06,2026-10-03,2026-10-03,0
JXN,2024-12-31,225000000.0,301000000.0,4.74,edgar,2025-02-26,2026-10-03,2026-10-03,0
JXN,2025-03-31,3750000000.0,-24000000.0,-0.48,edgar,2025-05-07,2026-10-03,2026-10-03,0
JXN,2025-06-30,-471000000.0,179000000.0,2.34,edgar,2025-08-05,2026-10-03,2026-10-03,0
JXN,2025-09-30,1416000000.0,76000000.0,0.92,edgar,2025-11-04,2026-10-03,2026-10-03,0
JXN,2025-12-31,1988000000.0,-248000000.0,-3.0199999999999996,edgar,2026-02-24,2026-10-03,2026-10-03,0
JXN,2026-03-31,2902000000.0,-424000000.0,-6.24,edgar,2026-05-05,2026-10-03,2026-10-03,0
JXN,2026-06-30,168000000.0,655000000.0,9.16,edgar,2026-08-03,2026-10-03,2026-10-03,0
KFRC,2023-09-30,373122000.0,10575000.0,0.54,edgar,2023-11-01,2026-10-03,2026-10-03,0
KFRC,2023-12-31,363447000.0,15716000.0,0.8199999999999998,edgar,2024-02-23,2026-10-03,2026-10-03,0
KFRC,2024-03-31,351889000.0,10987000.0,0.58,edgar,2024-05-01,2026-10-03,2026-10-03,0
KFRC,2024-06-30,356318000.0,14157000.0,0.75,edgar,2024-07-31,2026-10-03,2026-10-03,0
KFRC,2024-09-30,353319000.0,14209000.0,0.75,edgar,2024-10-30,2026-10-03,2026-10-03,0
KFRC,2024-12-31,343782000.0,11061000.0,0.6000000000000001,edgar,2025-02-21,2026-10-03,2026-10-03,0
KFRC,2025-03-31,330028000.0,8145000.0,0.45,edgar,2025-04-30,2026-10-03,2026-10-03,0
KFRC,2025-06-30,334316000.0,10449000.0,0.59,edgar,2025-07-30,2026-10-03,2026-10-03,0
KFRC,2025-09-30,332645000.0,11068000.0,0.63,edgar,2025-11-06,2026-10-03,2026-10-03,0
KFRC,2025-12-31,332018000.0,5163000.0,0.29000000000000004,edgar,2026-02-20,2026-10-03,2026-10-03,0
KFRC,2026-03-31,330364000.0,7925000.0,0.46,edgar,2026-04-29,2026-10-03,2026-10-03,0
KFRC,2026-06-30,349331000.0,12323000.0,0.73,edgar,2026-07-29,2026-10-03,2026-10-03,0
KFY,2023-10-31,712447000.0,-1711000.0,-0.04,edgar,2023-12-08,2026-10-03,2026-10-03,0
KFY,2024-01-31,676873000.0,59071000.0,1.13,edgar,2024-03-08,2026-10-03,2026-10-03,0
KFY,2024-04-30,699923000.0,68596000.0,1.25,edgar,2024-06-28,2026-10-03,2026-10-03,0
KFY,2024-07-31,682761000.0,62604000.0,1.17,edgar,2024-09-06,2026-10-03,2026-10-03,0
KFY,2024-10-31,681960000.0,60800000.0,1.14,edgar,2024-12-09,2026-10-03,2026-10-03,0
KFY,2025-01-31,676538000.0,58414000.0,1.1,edgar,2025-03-11,2026-10-03,2026-10-03,0
KFY,2025-04-30,719827000.0,69258000.0,1.1899999999999995,edgar,2025-06-27,2026-10-03,2026-10-03,0
KFY,2025-07-31,715543000.0,66636000.0,1.26,edgar,2025-09-09,2026-10-03,2026-10-03,0
KFY,2025-10-31,729800000.0,72399000.0,1.36,edgar,2025-12-09,2026-10-03,2026-10-03,0
KFY,2026-01-31,725042000.0,65265000.0,1.23,edgar,2026-03-11,2026-10-03,2026-10-03,0
KFY,2026-04-30,768256000.0,76520000.0,1.3699999999999997,edgar,2026-06-26,2026-10-03,2026-10-03,0
KFY,2026-07-31,764622000.0,68967000.0,1.32,edgar,2026-09-09,2026-10-03,2026-10-03,0
KMPB,2023-09-30,1199400000.0,-146300000.0,-2.28,edgar,2023-10-30,2026-10-03,2026-10-03,0
KMPB,2023-12-31,1187200000.0,51400000.0,0.7999999999999998,edgar,2024-02-07,2026-10-03,2026-10-03,0
KMPB,2024-03-31,1143000000.0,71300000.0,1.1,edgar,2024-05-01,2026-10-03,2026-10-03,0
KMPB,2024-06-30,1129900000.0,75400000.0,1.16,edgar,2024-08-05,2026-10-03,2026-10-03,0
KMPB,2024-09-30,1178900000.0,73700000.0,1.14,edgar,2024-10-30,2026-10-03,2026-10-03,0
KMPB,2024-12-31,1186800000.0,97400000.0,1.5100000000000002,edgar,2025-02-07,2026-10-03,2026-10-03,0
KMPB,2025-03-31,1193000000.0,99700000.0,1.54,edgar,2025-05-07,2026-10-03,2026-10-03,0
KMPB,2025-06-30,1225600000.0,72600000.0,1.12,edgar,2025-08-05,2026-10-03,2026-10-03,0
KMPB,2025-09-30,1239700000.0,-21000000.0,-0.34,edgar,2025-11-05,2026-10-03,2026-10-03,0
KMPB,2025-12-31,1131400000.0,-8000000.0,-0.03000000000000025,edgar,2026-02-11,2026-10-03,2026-10-03,0
KMPB,2026-03-31,1107200000.0,-1700000.0,-0.03,edgar,2026-05-06,2026-10-03,2026-10-03,0
KMPB,2026-06-30,1092700000.0,-464800000.0,-7.9,edgar,2026-08-05,2026-10-03,2026-10-03,0
KMX,2023-11-30,6148500000.0,82003000.0,0.52,edgar,2024-01-05,2026-10-03,2026-10-03,0
KMX,2024-02-29,5626600000.0,50064000.0,0.31000000000000005,edgar,2024-04-15,2026-10-03,2026-10-03,0
KMX,2024-05-31,7113400000.0,152440000.0,0.97,edgar,2024-06-27,2026-10-03,2026-10-03,0
KMX,2024-08-31,7013500000.0,132809000.0,0.85,edgar,2024-09-27,2026-10-03,2026-10-03,0
KMX,2024-11-30,6223400000.0,125441000.0,0.81,edgar,2025-01-07,2026-10-03,2026-10-03,0
KMX,2025-02-28,6003100000.0,90310000.0,0.5800000000000001,edgar,2025-04-11,2026-10-03,2026-10-03,0
KMX,2025-05-31,7546500000.0,210381000.0,1.38,edgar,2025-06-26,2026-10-03,2026-10-03,0
KMX,2025-08-31,6594700000.0,95378000.0,0.64,edgar,2025-09-26,2026-10-03,2026-10-03,0
KMX,2025-11-30,5793900000.0,62215000.0,0.43,edgar,2025-12-23,2026-10-03,2026-10-03,0
KMX,2026-02-28,5946000000.0,-120974000.0,-0.7699999999999998,edgar,2026-04-15,2026-10-03,2026-10-03,0
KMX,2026-05-31,8013500000.0,185627000.0,1.31,edgar,2026-06-24,2026-10-03,2026-10-03,0
KMX,2026-08-31,7877900000.0,165287000.0,1.16,edgar,2026-09-30,2026-10-03,2026-10-03,0
KNSA,2023-06-30,71473000.0,14972000.0,0.21,edgar,2023-08-01,2026-10-03,2026-10-03,0
KNSA,2023-09-30,67046000.0,-13855000.0,-0.2,edgar,2023-11-02,2026-10-03,2026-10-03,0
KNSA,2023-12-31,83395000.0,25237000.0,0.37,edgar,2024-02-28,2026-10-03,2026-10-03,0
KNSA,2024-03-31,79858000.0,-17704000.0,-0.25,edgar,2024-04-25,2026-10-03,2026-10-03,0
KNSA,2024-06-30,108631000.0,-3908000.0,-0.06,edgar,2024-07-25,2026-10-03,2026-10-03,0
KNSA,2024-09-30,112214000.0,-12693000.0,-0.18,edgar,2024-10-29,2026-10-03,2026-10-03,0
KNSA,2024-12-31,122536000.0,-8888000.0,-0.10999999999999999,edgar,2025-02-25,2026-10-03,2026-10-03,0
KNSA,2025-03-31,137785000.0,8539000.0,0.11,edgar,2025-04-29,2026-10-03,2026-10-03,0
KNSA,2025-06-30,156797000.0,17832000.0,0.23,edgar,2025-07-29,2026-10-03,2026-10-03,0
KNSA,2025-09-30,180855000.0,18435000.0,0.23,edgar,2025-10-28,2026-10-03,2026-10-03,0
KNSA,2025-12-31,202127000.0,14199000.0,0.17999999999999994,edgar,2026-02-24,2026-10-03,2026-10-03,0
KNSA,2026-03-31,214266000.0,22592000.0,0.27,edgar,2026-04-28,2026-10-03,2026-10-03,0
KNTK,2023-09-30,330301000.0,215324000.0,0.21,edgar,2023-11-09,2026-10-03,2026-10-03,0
KNTK,2023-12-31,348868000.0,-224344000.0,1.96,edgar,2024-03-05,2026-10-03,2026-10-03,0
KNTK,2024-03-31,341394000.0,233559000.0,0.12,edgar,2024-05-09,2026-10-03,2026-10-03,0
KNTK,2024-06-30,359457000.0,37192000.0,0.54,edgar,2024-08-09,2026-10-03,2026-10-03,0
KNTK,2024-09-30,396362000.0,25763000.0,0.35,edgar,2024-11-08,2026-10-03,2026-10-03,0
KNTK,2024-12-31,385716000.0,-52281000.0,0.010000000000000009,edgar,2025-03-03,2026-10-03,2026-10-03,0
KNTK,2025-03-31,443263000.0,6130000.0,0.05,edgar,2025-05-08,2026-10-03,2026-10-03,0
KNTK,2025-06-30,426738000.0,23645000.0,0.33,edgar,2025-08-08,2026-10-03,2026-10-03,0
KNTK,2025-09-30,463969000.0,5265000.0,0.03,edgar,2025-11-06,2026-10-03,2026-10-03,0
KNTK,2025-12-31,430419000.0,490888000.0,2.2199999999999998,edgar,2026-02-26,2026-10-03,2026-10-03,0
KNTK,2026-03-31,409976000.0,-1667000.0,-0.07,edgar,2026-05-08,2026-10-03,2026-10-03,0
KNTK,2026-06-30,581440000.0,49539000.0,0.64,edgar,2026-08-06,2026-10-03,2026-10-03,0
KOPN,2023-09-30,10598497.0,-2450313.0,-0.02,edgar,2023-11-13,2026-10-03,2026-10-03,0
KOPN,2023-12-30,8577633.0,-6488972.0,-0.059999999999999984,edgar,2024-03-14,2026-10-03,2026-10-03,0
KOPN,2024-03-30,10032641.0,-32548215.0,-0.27,edgar,2024-05-14,2026-10-03,2026-10-03,0
KOPN,2024-06-29,12336423.0,-5921998.0,-0.05,edgar,2024-08-08,2026-10-03,2026-10-03,0
KOPN,2024-09-28,13319608.0,-3460342.0,-0.03,edgar,2024-11-12,2026-10-03,2026-10-03,0
KOPN,2024-12-28,14646495.0,-1947341.0,0.020000000000000018,edgar,2025-04-17,2026-10-03,2026-10-03,0
KOPN,2025-03-29,10538492.0,-3113533.0,-0.02,edgar,2025-05-13,2026-10-03,2026-10-03,0
KOPN,2025-06-28,8454883.0,-5166633.0,-0.03,edgar,2025-08-12,2026-10-03,2026-10-03,0
KOPN,2025-09-27,11962425.0,4080604.0,0.02,edgar,2025-11-12,2026-10-03,2026-10-03,0
KOPN,2025-12-27,8367931.0,6748811.0,0.04,edgar,2026-04-13,2026-10-03,2026-10-03,0
KOPN,2026-03-28,10551370.0,-3752038.0,-0.02,edgar,2026-05-12,2026-10-03,2026-10-03,0
KOPN,2026-06-27,12734434.0,830872.0,0.0,edgar,2026-08-11,2026-10-03,2026-10-03,0
KPLT,2023-09-30,54811000.0,-4054000.0,-0.98,edgar,2023-11-08,2026-10-03,2026-10-03,0
KPLT,2023-12-31,57558000.0,-14629000.0,-3.5100000000000007,edgar,2024-04-24,2026-10-03,2026-10-03,0
KPLT,2024-03-31,65061000.0,-570000.0,-0.13,edgar,2024-05-15,2026-10-03,2026-10-03,0
KPLT,2024-06-30,58863000.0,-6888000.0,-1.61,edgar,2024-08-14,2026-10-03,2026-10-03,0
KPLT,2024-09-30,60307000.0,-8888000.0,-2.05,edgar,2024-11-06,2026-10-03,2026-10-03,0
KPLT,2024-12-31,62963000.0,-9569000.0,-2.17,edgar,2025-03-28,2026-10-03,2026-10-03,0
KPLT,2025-03-31,71946000.0,-5688000.0,-1.23,edgar,2025-05-15,2026-10-03,2026-10-03,0
KPLT,2025-06-30,71886000.0,-7835000.0,-1.63,edgar,2025-08-13,2026-10-03,2026-10-03,0
KPLT,2025-09-30,74044000.0,-4949000.0,-0.94,edgar,2025-11-12,2026-10-03,2026-10-03,0
KPLT,2025-12-31,73885000.0,19837000.0,3.69,edgar,2026-03-11,2026-10-03,2026-10-03,0
KPLT,2026-03-31,79021000.0,5686000.0,0.07,edgar,2026-05-08,2026-10-03,2026-10-03,0
KPLT,2026-06-30,74761000.0,-4388000.0,-1.41,edgar,2026-08-04,2026-10-03,2026-10-03,0
KRNY,2020-09-30,445000.0,11379000.0,0.13,edgar,2021-11-08,2026-10-03,2026-10-03,0
KRNY,2020-12-31,556000.0,16948000.0,0.2,edgar,2022-02-08,2026-10-03,2026-10-03,0
KRNY,2021-03-31,473000.0,16423000.0,0.2,edgar,2022-05-06,2026-10-03,2026-10-03,0
KRNY,2021-06-30,423000.0,18483000.0,0.24,edgar,2022-08-26,2026-10-03,2026-10-03,0
KRNY,2021-09-30,607000.0,19715000.0,0.26,edgar,2021-11-08,2026-10-03,2026-10-03,0
KRNY,2021-12-31,698000.0,18769000.0,0.26,edgar,2022-02-08,2026-10-03,2026-10-03,0
KRNY,2022-03-31,617000.0,17693000.0,0.25,edgar,2022-05-06,2026-10-03,2026-10-03,0
KRNY,2022-06-30,658000.0,11370000.0,0.17999999999999994,edgar,2022-08-26,2026-10-03,2026-10-03,0
KRNY,2022-09-30,763000.0,16535000.0,0.25,edgar,2022-11-07,2026-10-03,2026-10-03,0
KRNY,2022-12-31,734000.0,1951000.0,0.03,edgar,2023-02-07,2026-10-03,2026-10-03,0
KRNY,2023-03-31,910000.0,10312000.0,0.16,edgar,2023-05-05,2026-10-03,2026-10-03,0
KRO,2023-09-30,396900000.0,-20400000.0,-0.18,edgar,2023-11-02,2026-10-03,2026-10-03,0
KRO,2023-12-31,400100000.0,-5300000.0,-0.04999999999999999,edgar,2024-03-06,2026-10-03,2026-10-03,0
KRO,2024-03-31,478800000.0,8100000.0,0.07,edgar,2024-05-08,2026-10-03,2026-10-03,0
KRO,2024-06-30,500500000.0,19500000.0,0.17,edgar,2024-08-07,2026-10-03,2026-10-03,0
KRO,2024-09-30,484700000.0,71800000.0,0.62,edgar,2024-11-06,2026-10-03,2026-10-03,0
KRO,2024-12-31,423100000.0,-13200000.0,-0.10999999999999999,edgar,2025-03-06,2026-10-03,2026-10-03,0
KRO,2025-03-31,489800000.0,18100000.0,0.16,edgar,2025-05-07,2026-10-03,2026-10-03,0
KRO,2025-06-30,494400000.0,-9200000.0,-0.08,edgar,2025-08-06,2026-10-03,2026-10-03,0
KRO,2025-09-30,456900000.0,-37000000.0,-0.32,edgar,2025-11-06,2026-10-03,2026-10-03,0
KRO,2025-12-31,418300000.0,-82800000.0,-0.72,edgar,2026-03-09,2026-10-03,2026-10-03,0
KRO,2026-03-31,509800000.0,-4800000.0,-0.04,edgar,2026-05-06,2026-10-03,2026-10-03,0
KRO,2026-06-30,558100000.0,15200000.0,0.13,edgar,2026-08-05,2026-10-03,2026-10-03,0
KRP,2023-09-30,69237603.0,18481038.0,,edgar,2023-11-02,2026-10-03,2026-10-03,0
KRP,2023-12-31,99194993.0,17828393.0,,edgar,2024-02-21,2026-10-03,2026-10-03,0
KRP,2024-03-31,82233944.0,9337000.0,,edgar,2024-05-02,2026-10-03,2026-10-03,0
KRP,2024-06-30,76573000.0,15187000.0,,edgar,2024-08-01,2026-10-03,2026-10-03,0
KRP,2024-09-30,83785000.0,25805000.0,,edgar,2024-11-08,2026-10-03,2026-10-03,0
KRP,2024-12-31,66715056.0,-39259000.0,,edgar,2025-02-27,2026-10-03,2026-10-03,0
KRP,2025-03-31,84209000.0,25853000.0,,edgar,2025-05-08,2026-10-03,2026-10-03,0
KRP,2025-06-30,86548000.0,26672000.0,,edgar,2025-08-07,2026-10-03,2026-10-03,0
KRP,2025-09-30,80620000.0,22323000.0,,edgar,2025-11-06,2026-10-03,2026-10-03,0
KRP,2025-12-31,82453000.0,24803000.0,,edgar,2026-02-26,2026-10-03,2026-10-03,0
KRP,2026-03-31,65544000.0,6942000.0,,edgar,2026-05-07,2026-10-03,2026-10-03,0
KRP,2026-06-30,112477000.0,47299000.0,,edgar,2026-08-07,2026-10-03,2026-10-03,0
KRT,2023-09-30,105528000.0,9065000.0,0.45,edgar,2023-11-09,2026-10-03,2026-10-03,0
KRT,2023-12-31,95582000.0,3898000.0,0.19999999999999973,edgar,2024-03-15,2026-10-03,2026-10-03,0
KRT,2024-03-31,95613000.0,6166000.0,0.31,edgar,2024-05-10,2026-10-03,2026-10-03,0
KRT,2024-06-30,112600000.0,9100000.0,0.45,edgar,2024-08-09,2026-10-03,2026-10-03,0
KRT,2024-09-30,112771000.0,9094000.0,0.45,edgar,2024-11-08,2026-10-03,2026-10-03,0
KRT,2024-12-31,101649000.0,5615000.0,0.28,edgar,2025-03-14,2026-10-03,2026-10-03,0
KRT,2025-03-31,103624000.0,6409000.0,0.32,edgar,2025-05-09,2026-10-03,2026-10-03,0
KRT,2025-06-30,123986000.0,10934000.0,0.54,edgar,2025-08-08,2026-10-03,2026-10-03,0
KRT,2025-09-30,124516000.0,7325000.0,0.36,edgar,2025-11-07,2026-10-03,2026-10-03,0
KRT,2025-12-31,115617000.0,6810000.0,0.3400000000000001,edgar,2026-03-13,2026-10-03,2026-10-03,0
KRT,2026-03-31,116947000.0,6741000.0,0.34,edgar,2026-05-08,2026-10-03,2026-10-03,0
KRT,2026-06-30,136302000.0,29331000.0,1.46,edgar,2026-08-07,2026-10-03,2026-10-03,0
KSS,2023-10-28,4054000000.0,59000000.0,0.53,edgar,2023-11-30,2026-10-03,2026-10-03,0
KSS,2024-02-03,5956000000.0,186000000.0,1.67,edgar,2024-03-21,2026-10-03,2026-10-03,0
KSS,2024-05-04,3382000000.0,-27000000.0,-0.24,edgar,2024-06-06,2026-10-03,2026-10-03,0
KSS,2024-08-03,3732000000.0,66000000.0,0.59,edgar,2024-09-05,2026-10-03,2026-10-03,0
KSS,2024-11-02,3710000000.0,22000000.0,0.2,edgar,2024-12-05,2026-10-03,2026-10-03,0
KSS,2025-02-01,5397000000.0,48000000.0,0.42999999999999994,edgar,2025-03-20,2026-10-03,2026-10-03,0
KSS,2025-05-03,3233000000.0,-15000000.0,-0.13,edgar,2025-06-06,2026-10-03,2026-10-03,0
KSS,2025-08-02,3546000000.0,153000000.0,1.35,edgar,2025-09-04,2026-10-03,2026-10-03,0
KSS,2025-11-01,3575000000.0,8000000.0,0.07,edgar,2025-12-03,2026-10-03,2026-10-03,0
KSS,2026-01-31,5173000000.0,126000000.0,1.0899999999999999,edgar,2026-03-19,2026-10-03,2026-10-03,0
KSS,2026-05-02,3167000000.0,-14000000.0,-0.13,edgar,2026-06-04,2026-10-03,2026-10-03,0
KSS,2026-08-01,3515000000.0,151000000.0,1.28,edgar,2026-09-03,2026-10-03,2026-10-03,0
KTB,2023-09-30,654540000.0,59531000.0,1.05,edgar,2023-11-08,2026-10-03,2026-10-03,0
KTB,2023-12-30,669800000.0,68771000.0,1.2099999999999995,edgar,2024-02-28,2026-10-03,2026-10-03,0
KTB,2024-03-30,631202000.0,59507000.0,1.05,edgar,2024-05-02,2026-10-03,2026-10-03,0
KTB,2024-06-29,606898000.0,51769000.0,0.92,edgar,2024-08-01,2026-10-03,2026-10-03,0
KTB,2024-09-28,670194000.0,70548000.0,1.26,edgar,2024-10-31,2026-10-03,2026-10-03,0
KTB,2024-12-28,699284000.0,63978000.0,1.1300000000000003,edgar,2025-02-25,2026-10-03,2026-10-03,0
KTB,2025-03-29,423001000.0,42882000.0,0.76,edgar,2025-05-06,2026-10-03,2026-10-03,0
KTB,2025-06-28,492632000.0,73869000.0,1.32,edgar,2025-08-07,2026-10-03,2026-10-03,0
KTB,2025-09-27,853215000.0,36944000.0,0.66,edgar,2025-11-03,2026-10-03,2026-10-03,0
KTB,2026-01-03,1383608000.0,73757000.0,1.3099999999999996,edgar,2026-03-04,2026-10-03,2026-10-03,0
KTB,2026-04-04,613322000.0,92439000.0,1.65,edgar,2026-05-14,2026-10-03,2026-10-03,0
KTB,2026-07-04,584288000.0,64802000.0,1.17,edgar,2026-08-12,2026-10-03,2026-10-03,0
KURA,2025-03-31,14108000.0,-57429000.0,-0.66,edgar,2025-05-01,2026-10-03,2026-10-03,0
KURA,2025-06-30,15288000.0,-66122000.0,-0.75,edgar,2025-08-07,2026-10-03,2026-10-03,0
KURA,2025-09-30,20750000.0,-74116000.0,-0.85,edgar,2025-11-04,2026-10-03,2026-10-03,0
KURA,2025-12-31,17336000.0,-80999000.0,-0.9200000000000004,edgar,2026-03-05,2026-10-03,2026-10-03,0
KURA,2026-03-31,18265000.0,-73333000.0,-0.83,edgar,2026-05-12,2026-10-03,2026-10-03,0
KURA,2026-06-30,20874000.0,-68327000.0,-0.77,edgar,2026-08-12,2026-10-03,2026-10-03,0
KYMR,2023-09-30,4728000.0,-52867000.0,-0.9,edgar,2023-11-02,2026-10-03,2026-10-03,0
KYMR,2023-12-31,47885000.0,279556000.0,-0.25,edgar,2024-02-22,2026-10-03,2026-10-03,0
KYMR,2024-03-31,10287000.0,-48557000.0,-0.69,edgar,2024-05-02,2026-10-03,2026-10-03,0
KYMR,2024-06-30,25650000.0,-42062000.0,-0.58,edgar,2024-08-07,2026-10-03,2026-10-03,0
KYMR,2024-09-30,3741000.0,-62487000.0,-0.82,edgar,2024-10-31,2026-10-03,2026-10-03,0
KYMR,2024-12-31,7394000.0,376964000.0,-0.8900000000000001,edgar,2025-02-27,2026-10-03,2026-10-03,0
KYMR,2025-03-31,22100000.0,-65581000.0,-0.82,edgar,2025-05-09,2026-10-03,2026-10-03,0
KYMR,2025-06-30,11476000.0,-76614000.0,-0.95,edgar,2025-08-11,2026-10-03,2026-10-03,0
KYMR,2025-09-30,2764000.0,-82175000.0,-0.94,edgar,2025-11-04,2026-10-03,2026-10-03,0
KYMR,2025-12-31,2871000.0,535721000.0,-0.98,edgar,2026-02-26,2026-10-03,2026-10-03,0
KYMR,2026-03-31,34365000.0,-69234000.0,-0.71,edgar,2026-04-30,2026-10-03,2026-10-03,0
KYMR,2026-06-30,65000000.0,-61211000.0,-0.62,edgar,2026-08-05,2026-10-03,2026-10-03,0
LAUR,2023-09-30,361533000.0,36158000.0,0.23,edgar,2023-11-02,2026-10-03,2026-10-03,0
LAUR,2023-12-31,409433000.0,41862000.0,0.2700000000000001,edgar,2024-02-22,2026-10-03,2026-10-03,0
LAUR,2024-03-31,275372000.0,-10751000.0,-0.07,edgar,2024-05-02,2026-10-03,2026-10-03,0
LAUR,2024-06-30,499245000.0,128130000.0,0.83,edgar,2024-08-01,2026-10-03,2026-10-03,0
LAUR,2024-09-30,368631000.0,85463000.0,0.56,edgar,2024-10-31,2026-10-03,2026-10-03,0
LAUR,2024-12-31,423394000.0,93632000.0,0.5999999999999999,edgar,2025-02-20,2026-10-03,2026-10-03,0
LAUR,2025-03-31,236162000.0,-19496000.0,-0.13,edgar,2025-05-01,2026-10-03,2026-10-03,0
LAUR,2025-06-30,524156000.0,95083000.0,0.65,edgar,2025-07-31,2026-10-03,2026-10-03,0
LAUR,2025-09-30,400224000.0,34487000.0,0.23,edgar,2025-10-30,2026-10-03,2026-10-03,0
LAUR,2025-12-31,541388000.0,171556000.0,1.14,edgar,2026-02-19,2026-10-03,2026-10-03,0
LAUR,2026-03-31,272612000.0,-21594000.0,-0.15,edgar,2026-04-30,2026-10-03,2026-10-03,0
LAUR,2026-06-30,615863000.0,137103000.0,0.98,edgar,2026-07-30,2026-10-03,2026-10-03,0
LEGH,2023-09-30,37008000.0,16088000.0,0.64,edgar,2023-11-09,2026-10-03,2026-10-03,0
LEGH,2023-12-31,22458000.0,7076000.0,0.2799999999999998,edgar,2024-03-15,2026-10-03,2026-10-03,0
LEGH,2024-03-31,30833000.0,15140000.0,0.6,edgar,2024-05-09,2026-10-03,2026-10-03,0
LEGH,2024-06-30,31652000.0,16189000.0,0.65,edgar,2024-08-08,2026-10-03,2026-10-03,0
LEGH,2024-09-30,30169000.0,15803000.0,0.64,edgar,2024-11-12,2026-10-03,2026-10-03,0
LEGH,2024-12-31,36691000.0,14510000.0,0.5899999999999999,edgar,2025-03-12,2026-10-03,2026-10-03,0
LEGH,2025-03-31,24290000.0,10276000.0,0.41,edgar,2025-05-12,2026-10-03,2026-10-03,0
LEGH,2025-06-30,38387000.0,14695000.0,0.6,edgar,2025-08-07,2026-10-03,2026-10-03,0
LEGH,2025-09-30,28787000.0,8645000.0,0.35,edgar,2025-11-07,2026-10-03,2026-10-03,0
LEGH,2025-12-31,25468000.0,8193000.0,0.3800000000000001,edgar,2026-03-12,2026-10-03,2026-10-03,0
LEGH,2026-03-31,21550000.0,10928000.0,0.46,edgar,2026-05-07,2026-10-03,2026-10-03,0
LEGH,2026-06-30,53760000.0,23481000.0,0.99,edgar,2026-08-05,2026-10-03,2026-10-03,0
LFST,2023-09-30,262895000.0,-61583000.0,,edgar,2023-11-08,2026-10-03,2026-10-03,0
LFST,2023-12-31,280603000.0,-44959000.0,,edgar,2024-02-28,2026-10-03,2026-10-03,0
LFST,2024-03-31,300437000.0,-21097000.0,,edgar,2024-05-09,2026-10-03,2026-10-03,0
LFST,2024-06-30,312331000.0,-23277000.0,,edgar,2024-08-08,2026-10-03,2026-10-03,0
LFST,2024-09-30,312722000.0,709000.0,,edgar,2024-11-07,2026-10-03,2026-10-03,0
LFST,2024-12-31,325480000.0,-13778000.0,,edgar,2025-02-27,2026-10-03,2026-10-03,0
LFST,2025-03-31,332970000.0,709000.0,,edgar,2025-05-07,2026-10-03,2026-10-03,0
LFST,2025-06-30,345311000.0,-3791000.0,,edgar,2025-08-07,2026-10-03,2026-10-03,0
LFST,2025-09-30,363809000.0,1077000.0,,edgar,2025-11-06,2026-10-03,2026-10-03,0
LFST,2025-12-31,382195000.0,11668000.0,,edgar,2026-02-25,2026-10-03,2026-10-03,0
LFST,2026-03-31,403476000.0,14243000.0,,edgar,2026-05-07,2026-10-03,2026-10-03,0
LFST,2026-06-30,435354000.0,23612000.0,,edgar,2026-08-06,2026-10-03,2026-10-03,0
LGND,2023-09-30,32868000.0,-10273000.0,-0.59,edgar,2023-11-09,2026-10-03,2026-10-03,0
LGND,2023-12-31,28101000.0,18188000.0,1.0699999999999998,edgar,2024-02-29,2026-10-03,2026-10-03,0
LGND,2024-03-31,30978000.0,86139000.0,4.75,edgar,2024-05-08,2026-10-03,2026-10-03,0
LGND,2024-06-30,41531000.0,-51911000.0,-2.88,edgar,2024-08-07,2026-10-03,2026-10-03,0
LGND,2024-09-30,51812000.0,-7172000.0,-0.39,edgar,2024-11-08,2026-10-03,2026-10-03,0
LGND,2024-12-31,42812000.0,-31088000.0,-1.7,edgar,2025-02-28,2026-10-03,2026-10-03,0
LGND,2025-03-31,45333000.0,-42451000.0,-2.21,edgar,2025-05-09,2026-10-03,2026-10-03,0
LGND,2025-06-30,47627000.0,4847000.0,0.24,edgar,2025-08-08,2026-10-03,2026-10-03,0
LGND,2025-09-30,115461000.0,117273000.0,5.68,edgar,2025-11-07,2026-10-03,2026-10-03,0
LGND,2025-12-31,59666000.0,44784000.0,2.42,edgar,2026-02-27,2026-10-03,2026-10-03,0
LGND,2026-03-31,51722000.0,-13345000.0,-0.67,edgar,2026-05-08,2026-10-03,2026-10-03,0
LGND,2026-06-30,63693000.0,48508000.0,2.22,edgar,2026-08-07,2026-10-03,2026-10-03,0
LH,2023-09-30,3056800000.0,183300000.0,2.11,edgar,2023-10-30,2026-10-03,2026-10-03,0
LH,2023-12-31,3033300000.0,-167100000.0,-1.8500000000000005,edgar,2024-02-26,2026-10-03,2026-10-03,0
LH,2024-03-31,3176600000.0,228000000.0,2.69,edgar,2024-04-30,2026-10-03,2026-10-03,0
LH,2024-06-30,3220900000.0,205300000.0,2.43,edgar,2024-08-02,2026-10-03,2026-10-03,0
LH,2024-09-30,3282000000.0,169300000.0,2.0,edgar,2024-10-29,2026-10-03,2026-10-03,0
LH,2024-12-31,3329400000.0,143400000.0,1.7199999999999998,edgar,2025-02-25,2026-10-03,2026-10-03,0
LH,2025-03-31,3345100000.0,212800000.0,2.52,edgar,2025-04-29,2026-10-03,2026-10-03,0
LH,2025-06-30,3527300000.0,237900000.0,2.84,edgar,2025-08-01,2026-10-03,2026-10-03,0
LH,2025-09-30,3563500000.0,261100000.0,3.12,edgar,2025-10-31,2026-10-03,2026-10-03,0
LH,2025-12-31,3515800000.0,165200000.0,1.9800000000000004,edgar,2026-02-24,2026-10-03,2026-10-03,0
LH,2026-03-31,3537600000.0,277800000.0,3.35,edgar,2026-05-04,2026-10-03,2026-10-03,0
LH,2026-06-30,3731100000.0,298700000.0,3.64,edgar,2026-08-05,2026-10-03,2026-10-03,0
LILAK,2023-09-30,1125800000.0,59700000.0,0.29,edgar,2023-11-09,2026-10-03,2026-10-03,0
LILAK,2023-12-31,1163600000.0,-102800000.0,-0.5,edgar,2024-02-22,2026-10-03,2026-10-03,0
LILAK,2024-03-31,1099400000.0,-500000.0,0.0,edgar,2024-05-07,2026-10-03,2026-10-03,0
LILAK,2024-06-30,1118000000.0,-42700000.0,-0.22,edgar,2024-08-06,2026-10-03,2026-10-03,0
LILAK,2024-09-30,1089200000.0,-435800000.0,-2.22,edgar,2024-11-06,2026-10-03,2026-10-03,0
LILAK,2024-12-31,1140200000.0,-210400000.0,-1.0299999999999998,edgar,2025-02-19,2026-10-03,2026-10-03,0
LILAK,2025-03-31,1083500000.0,-136400000.0,-0.69,edgar,2025-05-07,2026-10-03,2026-10-03,0
LILAK,2025-06-30,1086700000.0,-423300000.0,-2.12,edgar,2025-08-07,2026-10-03,2026-10-03,0
LILAK,2025-09-30,1112500000.0,3300000.0,0.02,edgar,2025-11-05,2026-10-03,2026-10-03,0
LILAK,2025-12-31,1159500000.0,-54800000.0,-0.27,edgar,2026-02-18,2026-10-03,2026-10-03,0
LILAK,2026-03-31,1082800000.0,-22700000.0,-0.11,edgar,2026-05-07,2026-10-03,2026-10-03,0
LILAK,2026-06-30,1102600000.0,-24000000.0,-0.13,edgar,2026-08-05,2026-10-03,2026-10-03,0
LIND,2023-09-30,175989000.0,5638000.0,0.08,edgar,2023-11-02,2026-10-03,2026-10-03,0
LIND,2023-12-31,125361000.0,-31789000.0,-0.53,edgar,2024-03-06,2026-10-03,2026-10-03,0
LIND,2024-03-31,153614000.0,-3979000.0,-0.1,edgar,2024-05-01,2026-10-03,2026-10-03,0
LIND,2024-06-30,136499000.0,-24667000.0,-0.48,edgar,2024-08-08,2026-10-03,2026-10-03,0
LIND,2024-09-30,206005000.0,22515000.0,0.36,edgar,2024-11-05,2026-10-03,2026-10-03,0
LIND,2024-12-31,148609000.0,-29669000.0,-0.45000000000000007,edgar,2025-02-28,2026-10-03,2026-10-03,0
LIND,2025-03-31,179721000.0,1161000.0,0.0,edgar,2025-05-06,2026-10-03,2026-10-03,0
LIND,2025-06-30,167945000.0,-8518000.0,-0.18,edgar,2025-08-04,2026-10-03,2026-10-03,0
LIND,2025-09-30,240172000.0,1190000.0,0.0,edgar,2025-11-04,2026-10-03,2026-10-03,0
LIND,2025-12-31,183181000.0,-28433000.0,-0.45,edgar,2026-02-26,2026-10-03,2026-10-03,0
LIND,2026-03-31,208013000.0,6500000.0,0.09,edgar,2026-05-05,2026-10-03,2026-10-03,0
LIND,2026-06-30,199247000.0,-1406000.0,-0.02,edgar,2026-08-03,2026-10-03,2026-10-03,0
LITE,2023-09-30,317600000.0,-67900000.0,-1.02,edgar,2023-11-08,2026-10-03,2026-10-03,0
LITE,2023-12-30,366800000.0,-99100000.0,-1.47,edgar,2024-02-08,2026-10-03,2026-10-03,0
LITE,2024-03-30,366500000.0,-127000000.0,-1.88,edgar,2024-05-07,2026-10-03,2026-10-03,0
LITE,2024-06-29,308300000.0,-252500000.0,-3.749999999999999,edgar,2024-08-21,2026-10-03,2026-10-03,0
LITE,2024-09-28,336900000.0,-82400000.0,-1.21,edgar,2024-11-08,2026-10-03,2026-10-03,0
LITE,2024-12-28,402200000.0,-60900000.0,-0.88,edgar,2025-02-06,2026-10-03,2026-10-03,0
LITE,2025-03-29,425200000.0,-44100000.0,-0.64,edgar,2025-05-07,2026-10-03,2026-10-03,0
LITE,2025-06-28,480700000.0,213300000.0,3.1,edgar,2025-08-19,2026-10-03,2026-10-03,0
LITE,2025-09-27,533800000.0,4200000.0,0.05,edgar,2025-11-05,2026-10-03,2026-10-03,0
LITE,2025-12-27,665500000.0,78200000.0,0.89,edgar,2026-02-04,2026-10-03,2026-10-03,0
LITE,2026-03-28,808400000.0,144200000.0,1.5,edgar,2026-05-06,2026-10-03,2026-10-03,0
LITE,2026-06-27,1006300000.0,-7161700000.0,-95.39999999999999,edgar,2026-08-17,2026-10-03,2026-10-03,0
LNG,2023-09-30,4038000000.0,1701000000.0,7.03,edgar,2023-11-02,2026-10-03,2026-10-03,0
LNG,2023-12-31,4597000000.0,3555000000.0,5.979999999999997,edgar,2024-02-22,2026-10-03,2026-10-03,0
LNG,2024-03-31,4115000000.0,502000000.0,2.13,edgar,2024-05-03,2026-10-03,2026-10-03,0
LNG,2024-06-30,3147000000.0,880000000.0,3.84,edgar,2024-08-08,2026-10-03,2026-10-03,0
LNG,2024-09-30,3683000000.0,893000000.0,3.93,edgar,2024-10-31,2026-10-03,2026-10-03,0
LNG,2024-12-31,4469000000.0,2217000000.0,4.299999999999999,edgar,2025-02-20,2026-10-03,2026-10-03,0
LNG,2025-03-31,5289000000.0,353000000.0,1.57,edgar,2025-05-08,2026-10-03,2026-10-03,0
LNG,2025-06-30,4507000000.0,1626000000.0,7.3,edgar,2025-08-07,2026-10-03,2026-10-03,0
LNG,2025-09-30,4293000000.0,1049000000.0,4.75,edgar,2025-10-30,2026-10-03,2026-10-03,0
LNG,2025-12-31,5375000000.0,3766000000.0,10.51,edgar,2026-02-26,2026-10-03,2026-10-03,0
LNG,2026-03-31,6587000000.0,-3502000000.0,-16.65,edgar,2026-05-07,2026-10-03,2026-10-03,0
LNG,2026-06-30,5677000000.0,3068000000.0,14.65,edgar,2026-08-06,2026-10-03,2026-10-03,0
LOCO,2023-09-27,120399000.0,9229000.0,0.28,edgar,2023-11-03,2026-10-03,2026-10-03,0
LOCO,2023-12-27,112247000.0,4351000.0,0.1299999999999999,edgar,2024-03-08,2026-10-03,2026-10-03,0
LOCO,2024-03-27,116153000.0,5912000.0,0.19,edgar,2024-05-03,2026-10-03,2026-10-03,0
LOCO,2024-06-26,122176000.0,7633000.0,0.25,edgar,2024-08-02,2026-10-03,2026-10-03,0
LOCO,2024-09-25,120395000.0,6186000.0,0.21,edgar,2024-11-01,2026-10-03,2026-10-03,0
LOCO,2024-12-25,114284000.0,5953000.0,0.20999999999999996,edgar,2025-03-07,2026-10-03,2026-10-03,0
LOCO,2025-03-26,119177000.0,5481000.0,0.19,edgar,2025-05-02,2026-10-03,2026-10-03,0
LOCO,2025-06-25,125834000.0,7107000.0,0.24,edgar,2025-08-01,2026-10-03,2026-10-03,0
LOCO,2025-09-24,121520000.0,7358000.0,0.25,edgar,2025-10-31,2026-10-03,2026-10-03,0
LOCO,2025-12-31,123515000.0,6540000.0,0.22000000000000008,edgar,2026-03-13,2026-10-03,2026-10-03,0
LOCO,2026-04-01,126182000.0,8157000.0,0.27,edgar,2026-05-08,2026-10-03,2026-10-03,0
LOCO,2026-07-01,129572000.0,12807000.0,0.43,edgar,2026-08-07,2026-10-03,2026-10-03,0
LPTH,2023-06-30,9684721.0,-808840.0,-0.020000000000000004,edgar,2023-09-14,2026-10-03,2026-10-03,0
LPTH,2023-09-30,8077248.0,-1342376.0,-0.04,edgar,2023-11-09,2026-10-03,2026-10-03,0
LPTH,2023-12-31,7315637.0,-1713663.0,0.05,edgar,2024-02-08,2026-10-03,2026-10-03,0
LPTH,2024-03-31,7699175.0,-2597534.0,-0.07,edgar,2024-05-09,2026-10-03,2026-10-03,0
LPTH,2024-06-30,8634132.0,-2353773.0,-0.15,edgar,2024-09-19,2026-10-03,2026-10-03,0
LPTH,2024-09-30,8400381.0,-1622745.0,-0.04,edgar,2024-11-07,2026-10-03,2026-10-03,0
LPTH,2024-12-31,7424829.0,-2611997.0,-0.07,edgar,2025-02-13,2026-10-03,2026-10-03,0
LPTH,2025-03-31,9167627.0,-3582460.0,-0.09,edgar,2025-05-20,2026-10-03,2026-10-03,0
LPTH,2025-06-30,12209793.0,-7055980.0,-0.15999999999999998,edgar,2025-09-26,2026-10-03,2026-10-03,0
LPTH,2025-09-30,15058281.0,-2893002.0,-0.07,edgar,2025-11-12,2026-10-03,2026-10-03,0
LPTH,2025-12-31,16351652.0,-9405409.0,-0.2,edgar,2026-02-11,2026-10-03,2026-10-03,0
LPTH,2026-03-31,19149814.0,-4106287.0,-0.07,edgar,2026-05-07,2026-10-03,2026-10-03,0
LQDA,2023-09-30,3678000.0,-15790000.0,-0.24,edgar,2023-11-07,2026-10-03,2026-10-03,0
LQDA,2023-12-31,4531000.0,-27450000.0,-0.43,edgar,2025-05-08,2026-10-03,2026-10-03,0
LQDA,2024-03-31,2972000.0,-30083000.0,-0.4,edgar,2024-05-13,2026-10-03,2026-10-03,0
LQDA,2024-06-30,3659000.0,-28668000.0,-0.38,edgar,2024-08-07,2026-10-03,2026-10-03,0
LQDA,2024-09-30,4448000.0,-31030000.0,-0.4,edgar,2024-11-13,2026-10-03,2026-10-03,0
LQDA,2024-12-31,2917000.0,-38510000.0,-0.45,edgar,2025-05-08,2026-10-03,2026-10-03,0
LQDA,2025-03-31,3120000.0,-38367000.0,-0.45,edgar,2025-05-08,2026-10-03,2026-10-03,0
LQDA,2025-06-30,8837000.0,-41579000.0,-0.49,edgar,2025-08-12,2026-10-03,2026-10-03,0
LQDA,2025-09-30,54342000.0,-3533000.0,-0.04,edgar,2025-11-03,2026-10-03,2026-10-03,0
LQDA,2025-12-31,92021000.0,14555000.0,0.17999999999999994,edgar,2026-03-05,2026-10-03,2026-10-03,0
LQDA,2026-03-31,132865000.0,52862000.0,0.52,edgar,2026-05-11,2026-10-03,2026-10-03,0
LQDA,2026-06-30,171679000.0,74722000.0,0.74,edgar,2026-08-12,2026-10-03,2026-10-03,0
LQDT,2023-09-30,79957000.0,6279000.0,0.19000000000000006,edgar,2023-12-07,2026-10-03,2026-10-03,0
LQDT,2023-12-31,71325000.0,1907000.0,0.06,edgar,2024-02-08,2026-10-03,2026-10-03,0
LQDT,2024-03-31,91453000.0,5709000.0,0.18,edgar,2024-05-09,2026-10-03,2026-10-03,0
LQDT,2024-06-30,93613000.0,6000000.0,0.19,edgar,2024-08-08,2026-10-03,2026-10-03,0
LQDT,2024-09-30,106927000.0,6375000.0,0.2,edgar,2024-12-12,2026-10-03,2026-10-03,0
LQDT,2024-12-31,122331000.0,5810000.0,0.18,edgar,2025-02-06,2026-10-03,2026-10-03,0
LQDT,2025-03-31,116375000.0,7051000.0,0.22,edgar,2025-05-08,2026-10-03,2026-10-03,0
LQDT,2025-06-30,119875000.0,7410000.0,0.23,edgar,2025-08-07,2026-10-03,2026-10-03,0
LQDT,2025-09-30,118088000.0,7822000.0,0.24,edgar,2025-11-20,2026-10-03,2026-10-03,0
LQDT,2025-12-31,121219000.0,7489000.0,0.23,edgar,2026-02-05,2026-10-03,2026-10-03,0
LQDT,2026-03-31,120732000.0,7522000.0,0.23,edgar,2026-05-07,2026-10-03,2026-10-03,0
LQDT,2026-06-30,129578000.0,10426000.0,0.32,edgar,2026-08-06,2026-10-03,2026-10-03,0
LRMR,2017-06-30,0.0,-13347000.0,-0.49,edgar,2017-08-09,2026-10-03,2026-10-03,0
LRMR,2017-09-30,0.0,-12585000.0,-0.46,edgar,2017-11-07,2026-10-03,2026-10-03,0
LRMR,2017-12-31,0.0,-13085000.0,-0.48,edgar,2018-03-09,2026-10-03,2026-10-03,0
LRMR,2018-03-31,0.0,-15956000.0,-0.58,edgar,2018-05-10,2026-10-03,2026-10-03,0
LRMR,2018-06-30,0.0,-15775000.0,-0.57,edgar,2018-08-09,2026-10-03,2026-10-03,0
LRMR,2018-09-30,0.0,-15067000.0,-0.41,edgar,2018-11-09,2026-10-03,2026-10-03,0
LRMR,2018-12-31,0.0,-14570000.0,-0.39,edgar,2019-03-14,2026-10-03,2026-10-03,0
LRMR,2019-03-31,0.0,-4724000.0,-0.35,edgar,2019-05-09,2026-10-03,2026-10-03,0
LRMR,2019-06-30,0.0,-3704000.0,-0.61,edgar,2019-08-08,2026-10-03,2026-10-03,0
LRMR,2019-09-30,0.0,-8628000.0,-1.42,edgar,2019-11-06,2026-10-03,2026-10-03,0
LRMR,2019-12-31,0.0,-7251000.0,-0.19,edgar,2020-03-05,2026-10-03,2026-10-03,0
LRMR,2020-03-31,0.0,-6674000.0,-1.1,edgar,2020-05-07,2026-10-03,2026-10-03,0
LTC,2023-09-30,49303000.0,22197000.0,0.54,edgar,2023-10-26,2026-10-03,2026-10-03,0
LTC,2023-12-31,50195000.0,29957000.0,0.67,edgar,2024-02-15,2026-10-03,2026-10-03,0
LTC,2024-03-31,51366000.0,24230000.0,0.56,edgar,2024-04-29,2026-10-03,2026-10-03,0
LTC,2024-06-30,50116000.0,19361000.0,0.44,edgar,2024-07-29,2026-10-03,2026-10-03,0
LTC,2024-09-30,55783000.0,29366000.0,0.66,edgar,2024-10-28,2026-10-03,2026-10-03,0
LTC,2024-12-31,52582000.0,21922000.0,0.39,edgar,2025-02-24,2026-10-03,2026-10-03,0
LTC,2025-03-31,49031000.0,20680000.0,0.45,edgar,2025-05-05,2026-10-03,2026-10-03,0
LTC,2025-06-30,60240000.0,15092000.0,0.32,edgar,2025-08-04,2026-10-03,2026-10-03,0
LTC,2025-09-30,69290000.0,-19995000.0,-0.44,edgar,2025-11-04,2026-10-03,2026-10-03,0
LTC,2025-12-31,84293000.0,108103000.0,2.19,edgar,2026-02-24,2026-10-03,2026-10-03,0
LTC,2026-03-31,95411000.0,23593000.0,0.48,edgar,2026-05-06,2026-10-03,2026-10-03,0
LTC,2026-06-30,98859000.0,29637000.0,0.56,edgar,2026-08-05,2026-10-03,2026-10-03,0
LTH,2023-09-30,585177000.0,7915000.0,0.04,edgar,2023-10-31,2026-10-03,2026-10-03,0
LTH,2023-12-31,558834000.0,23684000.0,0.10999999999999999,edgar,2024-02-28,2026-10-03,2026-10-03,0
LTH,2024-03-31,596717000.0,24917000.0,0.12,edgar,2024-05-07,2026-10-03,2026-10-03,0
LTH,2024-06-30,667761000.0,52805000.0,0.26,edgar,2024-08-01,2026-10-03,2026-10-03,0
LTH,2024-09-30,693234000.0,41355000.0,0.19,edgar,2024-10-28,2026-10-03,2026-10-03,0
LTH,2024-12-31,663283000.0,37163000.0,0.16999999999999993,edgar,2025-02-27,2026-10-03,2026-10-03,0
LTH,2025-03-31,706041000.0,76142000.0,0.34,edgar,2025-05-08,2026-10-03,2026-10-03,0
LTH,2025-06-30,761469000.0,72102000.0,0.32,edgar,2025-08-05,2026-10-03,2026-10-03,0
LTH,2025-09-30,782649000.0,102427000.0,0.45,edgar,2025-11-04,2026-10-03,2026-10-03,0
LTH,2025-12-31,745096000.0,123000000.0,0.5499999999999998,edgar,2026-02-24,2026-10-03,2026-10-03,0
LTH,2026-03-31,788700000.0,88098000.0,0.39,edgar,2026-05-05,2026-10-03,2026-10-03,0
LTH,2026-06-30,865996000.0,101358000.0,0.45,edgar,2026-07-30,2026-10-03,2026-10-03,0
LWAY,2023-09-30,40896000.0,3412000.0,0.23,edgar,2023-11-13,2026-10-03,2026-10-03,0
LWAY,2023-12-31,42093000.0,3969000.0,0.25,edgar,2024-03-20,2026-10-03,2026-10-03,0
LWAY,2024-03-31,44634000.0,2426000.0,0.16,edgar,2024-05-14,2026-10-03,2026-10-03,0
LWAY,2024-06-30,49157000.0,3783000.0,0.25,edgar,2024-08-13,2026-10-03,2026-10-03,0
LWAY,2024-09-30,46095000.0,2976000.0,0.19,edgar,2024-11-14,2026-10-03,2026-10-03,0
LWAY,2024-12-31,46934000.0,-160000.0,0.0,edgar,2025-03-14,2026-10-03,2026-10-03,0
LWAY,2025-03-31,46091000.0,3540000.0,0.23,edgar,2025-05-13,2026-10-03,2026-10-03,0
LWAY,2025-06-30,53901000.0,4249000.0,0.28,edgar,2025-08-12,2026-10-03,2026-10-03,0
LWAY,2025-09-30,57143000.0,3529000.0,0.23,edgar,2025-11-12,2026-10-03,2026-10-03,0
LWAY,2025-12-31,55361000.0,2541000.0,0.15000000000000002,edgar,2026-03-17,2026-10-03,2026-10-03,0
LWAY,2026-03-31,63012000.0,4674000.0,0.3,edgar,2026-05-14,2026-10-03,2026-10-03,0
LWAY,2026-06-30,66893000.0,127000.0,0.01,edgar,2026-08-13,2026-10-03,2026-10-03,0
LXFR,2023-10-01,97400000.0,-1300000.0,-0.05,edgar,2023-10-25,2026-10-03,2026-10-03,0
LXFR,2023-12-31,95900000.0,-5800000.0,-0.21000000000000002,edgar,2024-02-27,2026-10-03,2026-10-03,0
LXFR,2024-03-31,89400000.0,2700000.0,0.1,edgar,2024-04-30,2026-10-03,2026-10-03,0
LXFR,2024-06-30,99700000.0,-500000.0,-0.02,edgar,2024-07-30,2026-10-03,2026-10-03,0
LXFR,2024-09-29,99400000.0,12700000.0,0.47,edgar,2024-10-29,2026-10-03,2026-10-03,0
LXFR,2024-12-31,103400000.0,3500000.0,0.13000000000000012,edgar,2025-02-25,2026-10-03,2026-10-03,0
LXFR,2025-03-30,97000000.0,5500000.0,0.2,edgar,2025-04-29,2026-10-03,2026-10-03,0
LXFR,2025-06-29,106600000.0,2600000.0,0.1,edgar,2025-07-29,2026-10-03,2026-10-03,0
LXFR,2025-09-28,92900000.0,2700000.0,0.1,edgar,2025-10-28,2026-10-03,2026-10-03,0
LXFR,2025-12-31,88100000.0,-3100000.0,-0.12,edgar,2026-02-24,2026-10-03,2026-10-03,0
LXFR,2026-03-29,83900000.0,3600000.0,0.13,edgar,2026-04-28,2026-10-03,2026-10-03,0
LXFR,2026-06-28,95700000.0,4800000.0,0.18,edgar,2026-07-28,2026-10-03,2026-10-03,0
LXP,2023-09-30,1578000.0,12664000.0,0.04,edgar,2023-10-31,2026-10-03,2026-10-03,0
LXP,2023-12-31,1062000.0,14601000.0,0.37,edgar,2024-02-15,2026-10-03,2026-10-03,0
LXP,2024-03-31,1044000.0,-269000.0,-0.01,edgar,2024-05-02,2026-10-03,2026-10-03,0
LXP,2024-06-30,1018000.0,5426000.0,0.01,edgar,2024-07-31,2026-10-03,2026-10-03,0
LXP,2024-09-30,1021000.0,6346000.0,0.02,edgar,2024-11-06,2026-10-03,2026-10-03,0
LXP,2024-12-31,1022000.0,33031000.0,0.63,edgar,2025-02-13,2026-10-03,2026-10-03,0
LXP,2025-03-31,970000.0,18978000.0,0.3,edgar,2025-05-01,2026-10-03,2026-10-03,0
LXP,2025-06-30,975000.0,29132000.0,0.47,edgar,2025-07-30,2026-10-03,2026-10-03,0
LXP,2025-09-30,1091000.0,36279000.0,0.12,edgar,2025-10-30,2026-10-03,2026-10-03,0
LXP,2025-12-31,1052000.0,28771000.0,0.9300000000000002,edgar,2026-02-12,2026-10-03,2026-10-03,0
LXP,2026-03-31,972000.0,-239000.0,-0.03,edgar,2026-04-29,2026-10-03,2026-10-03,0
LXP,2026-06-30,969000.0,55000.0,-0.03,edgar,2026-07-29,2026-10-03,2026-10-03,0
MAN,2023-09-30,4675600000.0,30300000.0,0.6,edgar,2023-11-03,2026-10-03,2026-10-03,0
MAN,2023-12-31,4630500000.0,-84500000.0,-1.64,edgar,2024-02-16,2026-10-03,2026-10-03,0
MAN,2024-03-31,4403300000.0,39700000.0,0.81,edgar,2024-05-03,2026-10-03,2026-10-03,0
MAN,2024-06-30,4520700000.0,60100000.0,1.24,edgar,2024-08-02,2026-10-03,2026-10-03,0
MAN,2024-09-30,4530200000.0,22800000.0,0.47,edgar,2024-11-08,2026-10-03,2026-10-03,0
MAN,2024-12-31,4399700000.0,22500000.0,0.48999999999999977,edgar,2025-02-19,2026-10-03,2026-10-03,0
MAN,2025-03-31,4090300000.0,5600000.0,0.12,edgar,2025-05-02,2026-10-03,2026-10-03,0
MAN,2025-06-30,4519300000.0,-67100000.0,-1.44,edgar,2025-08-05,2026-10-03,2026-10-03,0
MAN,2025-09-30,4634400000.0,18000000.0,0.38,edgar,2025-10-31,2026-10-03,2026-10-03,0
MAN,2025-12-31,4713100000.0,30200000.0,0.6499999999999999,edgar,2026-02-23,2026-10-03,2026-10-03,0
MAN,2026-03-31,4510400000.0,2500000.0,0.05,edgar,2026-05-08,2026-10-03,2026-10-03,0
MAN,2026-06-30,4860200000.0,53500000.0,1.13,edgar,2026-08-07,2026-10-03,2026-10-03,0
MASS,2023-09-30,14297000.0,-7093000.0,-0.22,edgar,2023-11-07,2026-10-03,2026-10-03,0
MASS,2023-12-31,14351000.0,-7428000.0,-0.22999999999999987,edgar,2024-03-08,2026-10-03,2026-10-03,0
MASS,2024-03-31,7422000.0,-10917000.0,-0.33,edgar,2024-05-03,2026-10-03,2026-10-03,0
MASS,2024-06-30,11462000.0,-12548000.0,-0.37,edgar,2024-08-06,2026-10-03,2026-10-03,0
MASS,2024-09-30,14519000.0,-29295000.0,-0.84,edgar,2024-11-12,2026-10-03,2026-10-03,0
MASS,2024-12-31,14343000.0,-19446000.0,-0.5800000000000001,edgar,2025-03-07,2026-10-03,2026-10-03,0
MASS,2025-03-31,11777000.0,43603000.0,1.23,edgar,2025-05-13,2026-10-03,2026-10-03,0
MASS,2025-06-30,13035000.0,-13306000.0,-0.37,edgar,2025-08-05,2026-10-03,2026-10-03,0
MASS,2025-09-30,14005000.0,-14982000.0,-0.41,edgar,2025-11-10,2026-10-03,2026-10-03,0
MASS,2025-12-31,17380000.0,4174000.0,0.09000000000000002,edgar,2026-03-09,2026-10-03,2026-10-03,0
MASS,2026-03-31,13381000.0,-11955000.0,-0.32,edgar,2026-05-06,2026-10-03,2026-10-03,0
MASS,2026-06-30,16074000.0,-11894000.0,-0.32,edgar,2026-08-11,2026-10-03,2026-10-03,0
MATX,2023-09-30,827500000.0,119900000.0,3.4,edgar,2023-10-31,2026-10-03,2026-10-03,0
MATX,2023-12-31,788900000.0,62400000.0,1.7200000000000006,edgar,2024-02-23,2026-10-03,2026-10-03,0
MATX,2024-03-31,722100000.0,36100000.0,1.04,edgar,2024-05-01,2026-10-03,2026-10-03,0
MATX,2024-06-30,847400000.0,113200000.0,3.31,edgar,2024-08-02,2026-10-03,2026-10-03,0
MATX,2024-09-30,962000000.0,199100000.0,5.89,edgar,2024-10-31,2026-10-03,2026-10-03,0
MATX,2024-12-31,890300000.0,128000000.0,3.6899999999999995,edgar,2025-02-28,2026-10-03,2026-10-03,0
MATX,2025-03-31,782000000.0,72300000.0,2.18,edgar,2025-05-06,2026-10-03,2026-10-03,0
MATX,2025-06-30,830500000.0,94700000.0,2.92,edgar,2025-08-01,2026-10-03,2026-10-03,0
MATX,2025-09-30,880100000.0,134700000.0,4.24,edgar,2025-11-05,2026-10-03,2026-10-03,0
MATX,2025-12-31,851900000.0,143100000.0,4.470000000000001,edgar,2026-02-27,2026-10-03,2026-10-03,0
MATX,2026-03-31,757800000.0,56600000.0,1.85,edgar,2026-05-05,2026-10-03,2026-10-03,0
MATX,2026-06-30,969400000.0,129400000.0,4.27,edgar,2026-08-04,2026-10-03,2026-10-03,0
MDB,2023-10-31,432938000.0,-29297000.0,-0.41,edgar,2023-12-07,2026-10-03,2026-10-03,0
MDB,2024-01-31,458002000.0,-55460000.0,-0.77,edgar,2024-03-15,2026-10-03,2026-10-03,0
MDB,2024-04-30,450561000.0,-80593000.0,-1.1,edgar,2024-05-31,2026-10-03,2026-10-03,0
MDB,2024-07-31,478109000.0,-54529000.0,-0.74,edgar,2024-08-30,2026-10-03,2026-10-03,0
MDB,2024-10-31,529375000.0,-9776000.0,-0.13,edgar,2024-12-10,2026-10-03,2026-10-03,0
MDB,2025-01-31,548398000.0,15826000.0,0.2400000000000002,edgar,2025-03-21,2026-10-03,2026-10-03,0
MDB,2025-04-30,549014000.0,-37626000.0,-0.46,edgar,2025-06-04,2026-10-03,2026-10-03,0
MDB,2025-07-31,591402000.0,-47048000.0,-0.58,edgar,2025-08-27,2026-10-03,2026-10-03,0
MDB,2025-10-31,628309000.0,-2007000.0,-0.02,edgar,2025-12-02,2026-10-03,2026-10-03,0
MDB,2026-01-31,695072000.0,15530000.0,0.18000000000000005,edgar,2026-03-11,2026-10-03,2026-10-03,0
MDB,2026-04-30,687616000.0,4434000.0,0.05,edgar,2026-05-29,2026-10-03,2026-10-03,0
MDB,2026-07-31,771773000.0,40940000.0,0.5,edgar,2026-09-01,2026-10-03,2026-10-03,0
MEDP,2023-09-30,492499000.0,70550000.0,2.22,edgar,2023-10-24,2026-10-03,2026-10-03,0
MEDP,2023-12-31,498401000.0,78298000.0,2.460000000000001,edgar,2024-02-13,2026-10-03,2026-10-03,0
MEDP,2024-03-31,511044000.0,102591000.0,3.2,edgar,2024-04-23,2026-10-03,2026-10-03,0
MEDP,2024-06-30,528104000.0,88351000.0,2.75,edgar,2024-07-23,2026-10-03,2026-10-03,0
MEDP,2024-09-30,533317000.0,96426000.0,3.01,edgar,2024-10-22,2026-10-03,2026-10-03,0
MEDP,2024-12-31,536589000.0,117018000.0,3.67,edgar,2025-02-11,2026-10-03,2026-10-03,0
MEDP,2025-03-31,558570000.0,114595000.0,3.67,edgar,2025-04-22,2026-10-03,2026-10-03,0
MEDP,2025-06-30,603311000.0,90260000.0,3.1,edgar,2025-07-22,2026-10-03,2026-10-03,0
MEDP,2025-09-30,659903000.0,111135000.0,3.86,edgar,2025-10-23,2026-10-03,2026-10-03,0
MEDP,2025-12-31,708450000.0,135133000.0,4.65,edgar,2026-02-10,2026-10-03,2026-10-03,0
MEDP,2026-03-31,706604000.0,123870000.0,4.28,edgar,2026-04-23,2026-10-03,2026-10-03,0
MEDP,2026-06-30,707331000.0,121362000.0,4.25,edgar,2026-07-23,2026-10-03,2026-10-03,0
MEI,2023-10-28,288000000.0,-55300000.0,-1.55,edgar,2023-12-07,2026-10-03,2026-10-03,0
MEI,2024-01-27,259500000.0,-11600000.0,-0.33,edgar,2024-03-07,2026-10-03,2026-10-03,0
MEI,2024-04-27,277300000.0,-57300000.0,-1.6199999999999999,edgar,2024-07-11,2026-10-03,2026-10-03,0
MEI,2024-07-27,258500000.0,-18300000.0,-0.52,edgar,2024-09-05,2026-10-03,2026-10-03,0
MEI,2024-11-02,292600000.0,-1600000.0,-0.05,edgar,2024-12-05,2026-10-03,2026-10-03,0
MEI,2025-02-01,239900000.0,-14400000.0,-0.41,edgar,2025-03-05,2026-10-03,2026-10-03,0
MEI,2025-05-03,257100000.0,-28300000.0,-0.79,edgar,2025-07-09,2026-10-03,2026-10-03,0
MEI,2025-08-02,240500000.0,-10300000.0,-0.29,edgar,2025-09-09,2026-10-03,2026-10-03,0
MEI,2025-11-01,246900000.0,-9900000.0,-0.28,edgar,2025-12-03,2026-10-03,2026-10-03,0
MEI,2026-01-31,233700000.0,-15900000.0,-0.45,edgar,2026-03-05,2026-10-03,2026-10-03,0
MEI,2026-05-02,298100000.0,400000.0,0.010000000000000009,edgar,2026-06-24,2026-10-03,2026-10-03,0
MEI,2026-08-01,265400000.0,-11400000.0,-0.32,edgar,2026-09-02,2026-10-03,2026-10-03,0
META,2023-09-30,34146000000.0,11583000000.0,4.39,edgar,2023-10-26,2026-10-03,2026-10-03,0
META,2023-12-31,40112000000.0,14018000000.0,5.299999999999999,edgar,2024-02-02,2026-10-03,2026-10-03,0
META,2024-03-31,36455000000.0,12369000000.0,4.71,edgar,2024-04-25,2026-10-03,2026-10-03,0
META,2024-06-30,39071000000.0,13465000000.0,5.16,edgar,2024-08-01,2026-10-03,2026-10-03,0
META,2024-09-30,40589000000.0,15688000000.0,6.03,edgar,2024-10-31,2026-10-03,2026-10-03,0
META,2024-12-31,48386000000.0,20838000000.0,7.959999999999999,edgar,2025-01-30,2026-10-03,2026-10-03,0
META,2025-03-31,42314000000.0,16644000000.0,6.43,edgar,2025-05-01,2026-10-03,2026-10-03,0
META,2025-06-30,47516000000.0,18337000000.0,7.14,edgar,2025-07-31,2026-10-03,2026-10-03,0
META,2025-09-30,51242000000.0,2709000000.0,1.05,edgar,2025-10-30,2026-10-03,2026-10-03,0
META,2025-12-31,59894000000.0,22768000000.0,8.87,edgar,2026-01-29,2026-10-03,2026-10-03,0
META,2026-03-31,56311000000.0,26773000000.0,10.44,edgar,2026-04-30,2026-10-03,2026-10-03,0
META,2026-06-30,60801000000.0,15848000000.0,6.18,edgar,2026-07-30,2026-10-03,2026-10-03,0
MG,2023-09-30,179354000.0,-10298000.0,,edgar,2023-11-06,2026-10-03,2026-10-03,0
MG,2023-12-31,182073000.0,-2514000.0,,edgar,2024-03-11,2026-10-03,2026-10-03,0
MG,2024-03-31,184442000.0,995000.0,0.03,edgar,2024-05-03,2026-10-03,2026-10-03,0
MG,2024-06-30,189773000.0,6369000.0,0.2,edgar,2024-08-02,2026-10-03,2026-10-03,0
MG,2024-09-30,182694000.0,6401000.0,0.2,edgar,2024-11-04,2026-10-03,2026-10-03,0
MG,2024-12-31,172731000.0,5193000.0,0.16999999999999993,edgar,2025-03-11,2026-10-03,2026-10-03,0
MG,2025-03-31,161615000.0,-3186000.0,-0.1,edgar,2025-05-09,2026-10-03,2026-10-03,0
MG,2025-06-30,185405000.0,3017000.0,0.1,edgar,2025-08-11,2026-10-03,2026-10-03,0
MG,2025-09-30,195549000.0,13108000.0,0.41,edgar,2025-11-06,2026-10-03,2026-10-03,0
MG,2025-12-31,181455000.0,3898000.0,0.12000000000000005,edgar,2026-03-11,2026-10-03,2026-10-03,0
MG,2026-03-31,169034000.0,2388000.0,0.07,edgar,2026-05-07,2026-10-03,2026-10-03,0
MG,2026-06-30,193132000.0,7581000.0,0.23,edgar,2026-08-10,2026-10-03,2026-10-03,0
MGTX,2023-09-30,5103000.0,-44297000.0,-0.74,edgar,2023-11-14,2026-10-03,2026-10-03,0
MGTX,2023-12-31,2040000.0,20215000.0,0.40000000000000013,edgar,2025-03-13,2026-10-03,2026-10-03,0
MGTX,2024-03-31,697000.0,-20442000.0,-0.32,edgar,2024-05-09,2026-10-03,2026-10-03,0
MGTX,2024-06-30,282000.0,-48620000.0,-0.76,edgar,2024-08-12,2026-10-03,2026-10-03,0
MGTX,2024-09-30,10910000.0,-39330000.0,-0.55,edgar,2024-11-13,2026-10-03,2026-10-03,0
MGTX,2024-12-31,21390000.0,-39399000.0,-0.49,edgar,2025-03-13,2026-10-03,2026-10-03,0
MGTX,2025-03-31,1926000.0,-39981000.0,-0.51,edgar,2026-05-14,2026-10-03,2026-10-03,0
MGTX,2025-06-30,3691000.0,-38795000.0,-0.48,edgar,2025-08-14,2026-10-03,2026-10-03,0
MGTX,2025-09-30,410000.0,-50513000.0,-0.62,edgar,2025-11-13,2026-10-03,2026-10-03,0
MGTX,2025-12-31,75364000.0,15088000.0,0.18999999999999995,edgar,2026-03-30,2026-10-03,2026-10-03,0
MGTX,2026-03-31,293000.0,-46313000.0,-0.57,edgar,2026-05-14,2026-10-03,2026-10-03,0
MGTX,2026-06-30,321434000.0,160720000.0,1.71,edgar,2026-08-13,2026-10-03,2026-10-03,0
MGY,2023-09-30,315678000.0,102030000.0,,edgar,2023-11-02,2026-10-03,2026-10-03,0
MGY,2023-12-31,322628000.0,98444000.0,,edgar,2024-02-15,2026-10-03,2026-10-03,0
MGY,2024-03-31,319417000.0,85086000.0,,edgar,2024-05-08,2026-10-03,2026-10-03,0
MGY,2024-06-30,336725000.0,95559000.0,,edgar,2024-08-01,2026-10-03,2026-10-03,0
MGY,2024-09-30,333135000.0,99784000.0,,edgar,2024-10-31,2026-10-03,2026-10-03,0
MGY,2024-12-31,326609000.0,85598000.0,,edgar,2025-02-19,2026-10-03,2026-10-03,0
MGY,2025-03-31,350300000.0,102927000.0,,edgar,2025-05-01,2026-10-03,2026-10-03,0
MGY,2025-06-30,318981000.0,78117000.0,,edgar,2025-07-31,2026-10-03,2026-10-03,0
MGY,2025-09-30,324935000.0,75456000.0,,edgar,2025-10-30,2026-10-03,2026-10-03,0
MGY,2025-12-31,317629000.0,68752000.0,,edgar,2026-02-12,2026-10-03,2026-10-03,0
MGY,2026-03-31,358511000.0,99825000.0,,edgar,2026-05-07,2026-10-03,2026-10-03,0
MGY,2026-06-30,478811000.0,181776000.0,,edgar,2026-08-06,2026-10-03,2026-10-03,0
MLAB,2023-09-30,53165000.0,-1230000.0,-0.23,edgar,2023-11-06,2026-10-03,2026-10-03,0
MLAB,2023-12-31,53473000.0,2116000.0,0.39,edgar,2024-02-05,2026-10-03,2026-10-03,0
MLAB,2024-03-31,58904000.0,-254583000.0,-47.260000000000005,edgar,2024-06-28,2026-10-03,2026-10-03,0
MLAB,2024-06-30,58170000.0,3388000.0,0.62,edgar,2024-08-05,2026-10-03,2026-10-03,0
MLAB,2024-09-30,57833000.0,3428000.0,0.63,edgar,2024-11-07,2026-10-03,2026-10-03,0
MLAB,2024-12-31,62840000.0,-1676000.0,-0.31,edgar,2025-02-04,2026-10-03,2026-10-03,0
MLAB,2025-03-31,62135000.0,-7114000.0,-1.2999999999999998,edgar,2025-05-28,2026-10-03,2026-10-03,0
MLAB,2025-06-30,59543000.0,4742000.0,0.85,edgar,2025-08-05,2026-10-03,2026-10-03,0
MLAB,2025-09-30,60737000.0,2476000.0,0.45,edgar,2025-11-06,2026-10-03,2026-10-03,0
MLAB,2025-12-31,65126000.0,3630000.0,0.65,edgar,2026-02-03,2026-10-03,2026-10-03,0
MLAB,2026-03-31,63724000.0,-4136000.0,-0.74,edgar,2026-06-03,2026-10-03,2026-10-03,0
MLAB,2026-06-30,60138000.0,2830000.0,0.49,edgar,2026-08-10,2026-10-03,2026-10-03,0
MNPR,2017-06-30,0.0,-591438.0,-0.07,edgar,2018-08-09,2026-10-03,2026-10-03,0
MNPR,2017-09-30,0.0,-14876934.0,-1.68,edgar,2018-11-09,2026-10-03,2026-10-03,0
MNPR,2017-12-31,0.0,-713585.0,-0.09999999999999987,edgar,2018-03-26,2026-10-03,2026-10-03,0
MNPR,2018-03-31,0.0,-876347.0,-0.09,edgar,2018-05-11,2026-10-03,2026-10-03,0
MNPR,2018-06-30,0.0,-640184.0,-0.07,edgar,2018-08-09,2026-10-03,2026-10-03,0
MNPR,2018-09-30,0.0,-640184.0,-0.07,edgar,2018-11-09,2026-10-03,2026-10-03,0
MNPR,2018-12-31,0.0,-890461.0,-0.11999999999999997,edgar,2019-02-26,2026-10-03,2026-10-03,0
MNPR,2019-03-31,0.0,-1376235.0,-0.15,edgar,2019-05-10,2026-10-03,2026-10-03,0
MNPR,2019-06-30,0.0,-905700.0,-0.1,edgar,2019-08-08,2026-10-03,2026-10-03,0
MNPR,2019-09-30,0.0,-736080.0,-0.08,edgar,2019-11-12,2026-10-03,2026-10-03,0
MNPR,2019-12-31,0.0,-1206859.0,-0.12,edgar,2020-03-27,2026-10-03,2026-10-03,0
MNPR,2026-03-31,0.0,-3893050.0,-0.46,edgar,2026-05-14,2026-10-03,2026-10-03,0
MNTK,2023-09-30,55688000.0,12934000.0,0.09,edgar,2023-11-09,2026-10-03,2026-10-03,0
MNTK,2023-12-31,46806000.0,4799000.0,0.04000000000000001,edgar,2024-03-14,2026-10-03,2026-10-03,0
MNTK,2024-03-31,38787000.0,1850000.0,0.01,edgar,2024-05-09,2026-10-03,2026-10-03,0
MNTK,2024-06-30,43338000.0,-712000.0,-0.01,edgar,2024-08-08,2026-10-03,2026-10-03,0
MNTK,2024-09-30,65917000.0,17048000.0,0.12,edgar,2024-11-12,2026-10-03,2026-10-03,0
MNTK,2024-12-31,27694000.0,-8452000.0,-0.04999999999999999,edgar,2025-03-14,2026-10-03,2026-10-03,0
MNTK,2025-03-31,42603000.0,-464000.0,0.0,edgar,2025-05-08,2026-10-03,2026-10-03,0
MNTK,2025-06-30,45127000.0,-5487000.0,-0.04,edgar,2025-08-06,2026-10-03,2026-10-03,0
MNTK,2025-09-30,45258000.0,5205000.0,0.04,edgar,2025-11-05,2026-10-03,2026-10-03,0
MNTK,2025-12-31,43394000.0,2494000.0,0.01,edgar,2026-03-11,2026-10-03,2026-10-03,0
MNTK,2026-03-31,46428000.0,5000.0,0.0,edgar,2026-05-06,2026-10-03,2026-10-03,0
MNTK,2026-06-30,54020000.0,226000.0,0.0,edgar,2026-08-05,2026-10-03,2026-10-03,0
MPC,2023-09-30,40917000000.0,3280000000.0,8.28,edgar,2023-10-31,2026-10-03,2026-10-03,0
MPC,2023-12-31,36255000000.0,1451000000.0,3.9400000000000013,edgar,2024-02-28,2026-10-03,2026-10-03,0
MPC,2024-03-31,32706000000.0,937000000.0,2.58,edgar,2024-04-30,2026-10-03,2026-10-03,0
MPC,2024-06-30,37914000000.0,1515000000.0,4.33,edgar,2024-08-06,2026-10-03,2026-10-03,0
MPC,2024-09-30,35107000000.0,622000000.0,1.87,edgar,2024-11-05,2026-10-03,2026-10-03,0
MPC,2024-12-31,33137000000.0,371000000.0,1.299999999999999,edgar,2025-02-27,2026-10-03,2026-10-03,0
MPC,2025-03-31,31517000000.0,-74000000.0,-0.24,edgar,2025-05-06,2026-10-03,2026-10-03,0
MPC,2025-06-30,33799000000.0,1216000000.0,3.96,edgar,2025-08-05,2026-10-03,2026-10-03,0
MPC,2025-09-30,34809000000.0,1370000000.0,4.51,edgar,2025-11-04,2026-10-03,2026-10-03,0
MPC,2025-12-31,32574000000.0,1535000000.0,4.99,edgar,2026-02-26,2026-10-03,2026-10-03,0
MPC,2026-03-31,34200000000.0,511000000.0,1.73,edgar,2026-05-05,2026-10-03,2026-10-03,0
MPC,2026-06-30,51994000000.0,5138000000.0,17.73,edgar,2026-08-04,2026-10-03,2026-10-03,0
MPLX,2023-09-30,2283000000.0,918000000.0,,edgar,2023-10-31,2026-10-03,2026-10-03,0
MPLX,2023-12-31,2247000000.0,1134000000.0,,edgar,2024-02-28,2026-10-03,2026-10-03,0
MPLX,2024-03-31,2172000000.0,1015000000.0,,edgar,2024-04-30,2026-10-03,2026-10-03,0
MPLX,2024-06-30,2255000000.0,1186000000.0,,edgar,2024-08-06,2026-10-03,2026-10-03,0
MPLX,2024-09-30,2345000000.0,1047000000.0,,edgar,2024-11-05,2026-10-03,2026-10-03,0
MPLX,2024-12-31,2417000000.0,1109000000.0,,edgar,2025-02-27,2026-10-03,2026-10-03,0
MPLX,2025-03-31,2460000000.0,1136000000.0,,edgar,2025-05-06,2026-10-03,2026-10-03,0
MPLX,2025-06-30,2356000000.0,1058000000.0,,edgar,2025-08-05,2026-10-03,2026-10-03,0
MPLX,2025-09-30,2459000000.0,1555000000.0,,edgar,2025-11-04,2026-10-03,2026-10-03,0
MPLX,2025-12-31,2451000000.0,1203000000.0,,edgar,2026-02-26,2026-10-03,2026-10-03,0
MPLX,2026-03-31,2349000000.0,922000000.0,,edgar,2026-05-05,2026-10-03,2026-10-03,0
MPLX,2026-06-30,2615000000.0,1087000000.0,,edgar,2026-08-04,2026-10-03,2026-10-03,0
MRK,2023-09-30,15962000000.0,4745000000.0,1.86,edgar,2023-11-03,2026-10-03,2026-10-03,0
MRK,2023-12-31,14631000000.0,-1226000000.0,-0.4800000000000001,edgar,2024-02-26,2026-10-03,2026-10-03,0
MRK,2024-03-31,15775000000.0,4762000000.0,1.87,edgar,2024-05-03,2026-10-03,2026-10-03,0
MRK,2024-06-30,16112000000.0,5455000000.0,2.14,edgar,2024-08-05,2026-10-03,2026-10-03,0
MRK,2024-09-30,16657000000.0,3157000000.0,1.24,edgar,2024-11-06,2026-10-03,2026-10-03,0
MRK,2024-12-31,15624000000.0,3743000000.0,1.4900000000000002,edgar,2025-02-25,2026-10-03,2026-10-03,0
MRK,2025-03-31,15529000000.0,5079000000.0,2.01,edgar,2025-05-02,2026-10-03,2026-10-03,0
MRK,2025-06-30,15806000000.0,4427000000.0,1.76,edgar,2025-08-05,2026-10-03,2026-10-03,0
MRK,2025-09-30,17276000000.0,5785000000.0,2.32,edgar,2025-11-05,2026-10-03,2026-10-03,0
MRK,2025-12-31,16400000000.0,2963000000.0,1.1900000000000004,edgar,2026-02-24,2026-10-03,2026-10-03,0
MRK,2026-03-31,16286000000.0,-4240000000.0,-1.72,edgar,2026-05-04,2026-10-03,2026-10-03,0
MRK,2026-06-30,16607000000.0,-1335000000.0,-0.54,edgar,2026-08-07,2026-10-03,2026-10-03,0
MRNA,2023-09-30,1831000000.0,-3630000000.0,-9.53,edgar,2023-11-03,2026-10-03,2026-10-03,0
MRNA,2023-12-31,2811000000.0,217000000.0,0.629999999999999,edgar,2024-02-23,2026-10-03,2026-10-03,0
MRNA,2024-03-31,167000000.0,-1175000000.0,-3.07,edgar,2024-05-02,2026-10-03,2026-10-03,0
MRNA,2024-06-30,241000000.0,-1279000000.0,-3.33,edgar,2024-08-01,2026-10-03,2026-10-03,0
MRNA,2024-09-30,1862000000.0,13000000.0,0.03,edgar,2024-11-07,2026-10-03,2026-10-03,0
MRNA,2024-12-31,966000000.0,-1120000000.0,-2.9099999999999993,edgar,2025-02-21,2026-10-03,2026-10-03,0
MRNA,2025-03-31,108000000.0,-971000000.0,-2.52,edgar,2025-05-01,2026-10-03,2026-10-03,0
MRNA,2025-06-30,142000000.0,-825000000.0,-2.13,edgar,2025-08-01,2026-10-03,2026-10-03,0
MRNA,2025-09-30,1016000000.0,-200000000.0,-0.51,edgar,2025-11-06,2026-10-03,2026-10-03,0
MRNA,2025-12-31,678000000.0,-826000000.0,-2.0999999999999996,edgar,2026-02-20,2026-10-03,2026-10-03,0
MRNA,2026-03-31,389000000.0,-1343000000.0,-3.4,edgar,2026-05-01,2026-10-03,2026-10-03,0
MRNA,2026-06-30,145000000.0,-782000000.0,-1.97,edgar,2026-07-31,2026-10-03,2026-10-03,0
MRVI,2023-09-30,66865000.0,-6462000.0,-0.05,edgar,2023-11-08,2026-10-03,2026-10-03,0
MRVI,2023-12-31,74141000.0,-125330000.0,-0.8,edgar,2024-02-29,2026-10-03,2026-10-03,0
MRVI,2024-03-31,64179000.0,-12078000.0,-0.09,edgar,2024-05-09,2026-10-03,2026-10-03,0
MRVI,2024-06-30,69423000.0,-9789000.0,-0.07,edgar,2024-08-08,2026-10-03,2026-10-03,0
MRVI,2024-09-30,69025000.0,-97074000.0,-0.68,edgar,2024-11-12,2026-10-03,2026-10-03,0
MRVI,2024-12-31,56558000.0,-25859000.0,-0.20999999999999996,edgar,2025-03-18,2026-10-03,2026-10-03,0
MRVI,2025-03-31,46850000.0,-29945000.0,-0.21,edgar,2025-05-12,2026-10-03,2026-10-03,0
MRVI,2025-06-30,47397000.0,-39591000.0,-0.27,edgar,2025-08-11,2026-10-03,2026-10-03,0
MRVI,2025-09-30,41630000.0,-25556000.0,-0.18,edgar,2025-11-07,2026-10-03,2026-10-03,0
MRVI,2025-12-31,49866000.0,-35708000.0,-0.24,edgar,2026-02-26,2026-10-03,2026-10-03,0
MRVI,2026-03-31,65837000.0,-3733000.0,-0.02,edgar,2026-05-08,2026-10-03,2026-10-03,0
MRVI,2026-06-30,51442000.0,-12416000.0,-0.08,edgar,2026-08-07,2026-10-03,2026-10-03,0
MRVL,2023-10-28,1418600000.0,-164300000.0,-0.19,edgar,2023-12-01,2026-10-03,2026-10-03,0
MRVL,2024-02-03,1426500000.0,-392700000.0,-0.45000000000000007,edgar,2024-03-13,2026-10-03,2026-10-03,0
MRVL,2024-05-04,1160900000.0,-215600000.0,-0.25,edgar,2024-05-31,2026-10-03,2026-10-03,0
MRVL,2024-08-03,1272900000.0,-193300000.0,-0.22,edgar,2024-08-30,2026-10-03,2026-10-03,0
MRVL,2024-11-02,1516100000.0,-676300000.0,-0.78,edgar,2024-12-04,2026-10-03,2026-10-03,0
MRVL,2025-02-01,1817400000.0,200200000.0,0.22999999999999998,edgar,2025-03-12,2026-10-03,2026-10-03,0
MRVL,2025-05-03,1895300000.0,177900000.0,0.2,edgar,2025-05-30,2026-10-03,2026-10-03,0
MRVL,2025-08-02,2006100000.0,194800000.0,0.22,edgar,2025-08-29,2026-10-03,2026-10-03,0
MRVL,2025-11-01,2074500000.0,1901300000.0,2.2,edgar,2025-12-03,2026-10-03,2026-10-03,0
MRVL,2026-01-31,2218700000.0,396100000.0,0.44999999999999973,edgar,2026-03-11,2026-10-03,2026-10-03,0
MRVL,2026-05-02,2417800000.0,34500000.0,0.04,edgar,2026-05-28,2026-10-03,2026-10-03,0
MRVL,2026-08-01,2739300000.0,308000000.0,0.33,edgar,2026-08-28,2026-10-03,2026-10-03,0
MSGE,2023-09-30,139766000.0,-50671000.0,-1.0,edgar,2023-11-07,2026-10-03,2026-10-03,0
MSGE,2023-12-31,377037000.0,125249000.0,2.59,edgar,2024-02-07,2026-10-03,2026-10-03,0
MSGE,2024-03-31,191601000.0,2795000.0,0.06,edgar,2024-05-09,2026-10-03,2026-10-03,0
MSGE,2024-06-30,250861000.0,66927000.0,1.3200000000000003,edgar,2024-08-16,2026-10-03,2026-10-03,0
MSGE,2024-09-30,134056000.0,-19321000.0,-0.4,edgar,2024-11-08,2026-10-03,2026-10-03,0
MSGE,2024-12-31,377597000.0,75893000.0,1.56,edgar,2025-02-06,2026-10-03,2026-10-03,0
MSGE,2025-03-31,206022000.0,8036000.0,0.17,edgar,2025-05-06,2026-10-03,2026-10-03,0
MSGE,2025-06-30,225059000.0,-27177000.0,-0.56,edgar,2025-08-13,2026-10-03,2026-10-03,0
MSGE,2025-09-30,154147000.0,-21654000.0,-0.46,edgar,2025-11-06,2026-10-03,2026-10-03,0
MSGE,2025-12-31,424777000.0,92715000.0,1.94,edgar,2026-02-06,2026-10-03,2026-10-03,0
MSGE,2026-03-31,210769000.0,5110000.0,0.11,edgar,2026-05-07,2026-10-03,2026-10-03,0
MSGE,2026-06-30,271091000.0,-9985000.0,-0.20999999999999996,edgar,2026-08-12,2026-10-03,2026-10-03,0
MSGS,2023-09-30,43046000.0,-18821000.0,-0.79,edgar,2023-11-02,2026-10-03,2026-10-03,0
MSGS,2023-12-31,326898000.0,14224000.0,0.59,edgar,2024-02-06,2026-10-03,2026-10-03,0
MSGS,2024-03-31,429954000.0,37877000.0,1.57,edgar,2024-05-03,2026-10-03,2026-10-03,0
MSGS,2024-06-30,227251000.0,25491000.0,1.0699999999999998,edgar,2024-08-13,2026-10-03,2026-10-03,0
MSGS,2024-09-30,53307000.0,-7542000.0,-0.31,edgar,2024-11-01,2026-10-03,2026-10-03,0
MSGS,2024-12-31,357759000.0,1111000.0,0.05,edgar,2025-02-04,2026-10-03,2026-10-03,0
MSGS,2025-03-31,424197000.0,-14227000.0,-0.59,edgar,2025-05-02,2026-10-03,2026-10-03,0
MSGS,2025-06-30,203957000.0,-1780000.0,-0.08000000000000007,edgar,2025-08-12,2026-10-03,2026-10-03,0
MSGS,2025-09-30,39454000.0,-8798000.0,-0.37,edgar,2025-10-31,2026-10-03,2026-10-03,0
MSGS,2025-12-31,403424000.0,8243000.0,0.34,edgar,2026-02-06,2026-10-03,2026-10-03,0
MSGS,2026-03-31,432199000.0,-19983000.0,-0.83,edgar,2026-05-08,2026-10-03,2026-10-03,0
MSGS,2026-06-30,278745000.0,28297000.0,1.18,edgar,2026-08-13,2026-10-03,2026-10-03,0
MSM,2023-09-02,1035441000.0,87599000.0,1.5600000000000005,edgar,2023-10-25,2026-10-03,2026-10-03,0
MSM,2023-12-02,953969000.0,69350000.0,1.22,edgar,2024-01-09,2026-10-03,2026-10-03,0
MSM,2024-03-02,935348000.0,61847000.0,1.1,edgar,2024-03-28,2026-10-03,2026-10-03,0
MSM,2024-06-01,979350000.0,71705000.0,1.27,edgar,2024-07-02,2026-10-03,2026-10-03,0
MSM,2024-08-31,952284000.0,55692000.0,0.9900000000000002,edgar,2024-10-24,2026-10-03,2026-10-03,0
MSM,2024-11-30,928484000.0,46623000.0,0.83,edgar,2025-01-08,2026-10-03,2026-10-03,0
MSM,2025-03-01,891717000.0,39314000.0,0.7,edgar,2025-04-03,2026-10-03,2026-10-03,0
MSM,2025-05-31,971145000.0,56845000.0,1.02,edgar,2025-07-01,2026-10-03,2026-10-03,0
MSM,2025-08-30,978175000.0,56546000.0,1.02,edgar,2025-10-23,2026-10-03,2026-10-03,0
MSM,2025-11-29,965684000.0,51804000.0,0.93,edgar,2026-01-07,2026-10-03,2026-10-03,0
MSM,2026-02-28,917774000.0,42484000.0,0.76,edgar,2026-04-01,2026-10-03,2026-10-03,0
MSM,2026-05-30,1047083000.0,80362000.0,1.44,edgar,2026-07-01,2026-10-03,2026-10-03,0
MTD,2023-09-30,942462000.0,201631000.0,9.21,edgar,2023-11-09,2026-10-03,2026-10-03,0
MTD,2023-12-31,934992000.0,184794000.0,8.529999999999998,edgar,2024-02-09,2026-10-03,2026-10-03,0
MTD,2024-03-31,925949000.0,177509000.0,8.24,edgar,2024-05-10,2026-10-03,2026-10-03,0
MTD,2024-06-30,946750000.0,221814000.0,10.37,edgar,2024-08-02,2026-10-03,2026-10-03,0
MTD,2024-09-30,954535000.0,211516000.0,9.96,edgar,2024-11-08,2026-10-03,2026-10-03,0
MTD,2024-12-31,1045127000.0,252301000.0,11.909999999999997,edgar,2025-02-07,2026-10-03,2026-10-03,0
MTD,2025-03-31,883744000.0,163587000.0,7.81,edgar,2025-05-02,2026-10-03,2026-10-03,0
MTD,2025-06-30,983221000.0,202348000.0,9.76,edgar,2025-08-01,2026-10-03,2026-10-03,0
MTD,2025-09-30,1029699000.0,217493000.0,10.57,edgar,2025-11-07,2026-10-03,2026-10-03,0
MTD,2025-12-31,1129735000.0,285765000.0,13.909999999999997,edgar,2026-02-06,2026-10-03,2026-10-03,0
MTD,2026-03-31,947127000.0,169454000.0,8.33,edgar,2026-05-08,2026-10-03,2026-10-03,0
MTD,2026-06-30,1027314000.0,232899000.0,11.55,edgar,2026-07-31,2026-10-03,2026-10-03,0
MTW,2023-09-30,520900000.0,10400000.0,0.29,edgar,2023-11-02,2026-10-03,2026-10-03,0
MTW,2023-12-31,595800000.0,14900000.0,-0.22999999999999976,edgar,2024-02-23,2026-10-03,2026-10-03,0
MTW,2024-03-31,495100000.0,4500000.0,0.12,edgar,2024-05-08,2026-10-03,2026-10-03,0
MTW,2024-06-30,562100000.0,1600000.0,0.04,edgar,2024-08-08,2026-10-03,2026-10-03,0
MTW,2024-09-30,524800000.0,-7000000.0,-0.2,edgar,2024-10-31,2026-10-03,2026-10-03,0
MTW,2024-12-31,596000000.0,56700000.0,1.6,edgar,2025-02-21,2026-10-03,2026-10-03,0
MTW,2025-03-31,470900000.0,-6300000.0,-0.18,edgar,2025-05-07,2026-10-03,2026-10-03,0
MTW,2025-06-30,539500000.0,1500000.0,0.04,edgar,2025-08-08,2026-10-03,2026-10-03,0
MTW,2025-09-30,553400000.0,5000000.0,0.14,edgar,2025-11-06,2026-10-03,2026-10-03,0
MTW,2025-12-31,677100000.0,7000000.0,0.19999999999999998,edgar,2026-02-18,2026-10-03,2026-10-03,0
MTW,2026-03-31,494600000.0,-6000000.0,-0.17,edgar,2026-05-06,2026-10-03,2026-10-03,0
MTW,2026-06-30,594900000.0,14200000.0,0.39,edgar,2026-08-07,2026-10-03,2026-10-03,0
MU,2023-08-31,4010000000.0,-1430000000.0,-1.3099999999999996,edgar,2023-10-06,2026-10-03,2026-10-03,0
MU,2023-11-30,4726000000.0,-1234000000.0,-1.12,edgar,2023-12-21,2026-10-03,2026-10-03,0
MU,2024-02-29,5824000000.0,793000000.0,0.71,edgar,2024-03-21,2026-10-03,2026-10-03,0
MU,2024-05-30,6811000000.0,332000000.0,0.3,edgar,2024-06-27,2026-10-03,2026-10-03,0
MU,2024-08-29,7750000000.0,887000000.0,0.81,edgar,2024-10-04,2026-10-03,2026-10-03,0
MU,2024-11-28,8709000000.0,1870000000.0,1.67,edgar,2024-12-19,2026-10-03,2026-10-03,0
MU,2025-02-27,8053000000.0,1583000000.0,1.41,edgar,2025-03-21,2026-10-03,2026-10-03,0
MU,2025-05-29,9301000000.0,1885000000.0,1.68,edgar,2025-06-26,2026-10-03,2026-10-03,0
MU,2025-08-28,11315000000.0,3201000000.0,2.83,edgar,2025-10-03,2026-10-03,2026-10-03,0
MU,2025-11-27,13643000000.0,5240000000.0,4.6,edgar,2025-12-18,2026-10-03,2026-10-03,0
MU,2026-02-26,23860000000.0,13785000000.0,12.07,edgar,2026-03-19,2026-10-03,2026-10-03,0
MU,2026-05-28,41456000000.0,28243000000.0,24.67,edgar,2026-06-25,2026-10-03,2026-10-03,0
MUR,2023-09-30,953800000.0,255300000.0,1.63,edgar,2023-11-02,2026-10-03,2026-10-03,0
MUR,2023-12-31,842200000.0,116400000.0,0.75,edgar,2024-02-23,2026-10-03,2026-10-03,0
MUR,2024-03-31,794800000.0,90000000.0,0.59,edgar,2024-05-02,2026-10-03,2026-10-03,0
MUR,2024-06-30,801000000.0,127700000.0,0.83,edgar,2024-08-08,2026-10-03,2026-10-03,0
MUR,2024-09-30,753200000.0,139100000.0,0.93,edgar,2024-11-07,2026-10-03,2026-10-03,0
MUR,2024-12-31,669600000.0,50300000.0,0.34,edgar,2025-02-27,2026-10-03,2026-10-03,0
MUR,2025-03-31,672730000.0,73036000.0,0.5,edgar,2025-05-07,2026-10-03,2026-10-03,0
MUR,2025-06-30,683065000.0,22280000.0,0.16,edgar,2025-08-06,2026-10-03,2026-10-03,0
MUR,2025-09-30,721000000.0,-3000000.0,-0.02,edgar,2025-11-05,2026-10-03,2026-10-03,0
MUR,2025-12-31,613100000.0,11900000.0,0.08,edgar,2026-02-25,2026-10-03,2026-10-03,0
MUR,2026-03-31,732354000.0,52986000.0,0.37,edgar,2026-05-06,2026-10-03,2026-10-03,0
MUR,2026-06-30,926332000.0,232175000.0,1.59,edgar,2026-08-05,2026-10-03,2026-10-03,0
MVBF,2018-03-31,381000.0,2594000.0,0.23,edgar,2019-05-01,2026-10-03,2026-10-03,0
MVBF,2018-06-30,610000.0,2831000.0,0.25,edgar,2019-07-29,2026-10-03,2026-10-03,0
MVBF,2018-09-30,617000.0,3579000.0,0.29,edgar,2019-10-28,2026-10-03,2026-10-03,0
MVBF,2018-12-31,630000.0,2999000.0,0.24,edgar,2019-03-08,2026-10-03,2026-10-03,0
MVBF,2019-03-31,569000.0,3192000.0,0.26,edgar,2019-05-01,2026-10-03,2026-10-03,0
MVBF,2019-06-30,811000.0,15377000.0,1.18,edgar,2019-07-29,2026-10-03,2026-10-03,0
MVBF,2019-09-30,620000.0,4327000.0,0.35,edgar,2019-10-28,2026-10-03,2026-10-03,0
MVBF,2019-12-31,1400000.0,4095000.0,0.32,edgar,2020-03-13,2026-10-03,2026-10-03,0
MVBF,2020-03-31,1820000.0,1048000.0,0.08,edgar,2020-04-28,2026-10-03,2026-10-03,0
MVBF,2020-06-30,1592000.0,18034000.0,1.49,edgar,2020-08-06,2026-10-03,2026-10-03,0
MVBF,2020-09-30,1792000.0,6491000.0,0.53,edgar,2020-11-02,2026-10-03,2026-10-03,0
MXL,2023-09-30,135530000.0,-39829000.0,-0.49,edgar,2023-10-25,2026-10-03,2026-10-03,0
MXL,2023-12-31,125353000.0,-38500000.0,-0.49000000000000005,edgar,2024-01-31,2026-10-03,2026-10-03,0
MXL,2024-03-31,95269000.0,-72309000.0,-0.88,edgar,2024-04-24,2026-10-03,2026-10-03,0
MXL,2024-06-30,91990000.0,-39266000.0,-0.47,edgar,2024-07-24,2026-10-03,2026-10-03,0
MXL,2024-09-30,81102000.0,-75785000.0,-0.9,edgar,2024-10-23,2026-10-03,2026-10-03,0
MXL,2024-12-31,92167000.0,-57838000.0,-0.6800000000000002,edgar,2025-01-29,2026-10-03,2026-10-03,0
MXL,2025-03-31,95933000.0,-49713000.0,-0.58,edgar,2025-04-23,2026-10-03,2026-10-03,0
MXL,2025-06-30,108813000.0,-26586000.0,-0.31,edgar,2025-07-23,2026-10-03,2026-10-03,0
MXL,2025-09-30,126459000.0,-45485000.0,-0.52,edgar,2025-10-23,2026-10-03,2026-10-03,0
MXL,2025-12-31,136436000.0,-14897000.0,-0.17000000000000015,edgar,2026-01-29,2026-10-03,2026-10-03,0
MXL,2026-03-31,137188000.0,-45137000.0,-0.52,edgar,2026-04-23,2026-10-03,2026-10-03,0
MXL,2026-06-30,168847000.0,1760000.0,0.02,edgar,2026-07-23,2026-10-03,2026-10-03,0
NATH,2023-09-24,38744000.0,5711000.0,1.4,edgar,2023-11-02,2026-10-03,2026-10-03,0
NATH,2023-12-24,28890000.0,2607000.0,0.64,edgar,2024-02-01,2026-10-03,2026-10-03,0
NATH,2024-03-31,28991000.0,3910000.0,0.9499999999999997,edgar,2024-06-12,2026-10-03,2026-10-03,0
NATH,2024-06-30,44767000.0,9277000.0,2.27,edgar,2024-08-08,2026-10-03,2026-10-03,0
NATH,2024-09-29,41109000.0,6030000.0,1.47,edgar,2024-11-07,2026-10-03,2026-10-03,0
NATH,2024-12-29,31519000.0,4484000.0,1.1,edgar,2025-02-06,2026-10-03,2026-10-03,0
NATH,2025-03-30,30787000.0,4235000.0,1.0300000000000002,edgar,2025-06-10,2026-10-03,2026-10-03,0
NATH,2025-06-29,46998000.0,8928000.0,2.16,edgar,2025-08-08,2026-10-03,2026-10-03,0
NATH,2025-09-28,45687000.0,5199000.0,1.26,edgar,2025-11-06,2026-10-03,2026-10-03,0
NATH,2025-12-28,34312000.0,3084000.0,0.75,edgar,2026-02-05,2026-10-03,2026-10-03,0
NATH,2026-03-29,35066000.0,2809000.0,0.6799999999999997,edgar,2026-06-09,2026-10-03,2026-10-03,0
NATH,2026-06-28,54062000.0,8829000.0,2.14,edgar,2026-08-07,2026-10-03,2026-10-03,0
NATL,2023-09-30,1065000000.0,-61000000.0,-0.86,edgar,2023-11-14,2026-10-03,2026-10-03,0
NATL,2023-12-31,1096000000.0,-175000000.0,-2.48,edgar,2025-11-05,2026-10-03,2026-10-03,0
NATL,2024-03-31,1046000000.0,-9000000.0,-0.13,edgar,2024-05-14,2026-10-03,2026-10-03,0
NATL,2024-06-30,1078000000.0,27000000.0,0.37,edgar,2024-08-14,2026-10-03,2026-10-03,0
NATL,2024-09-30,1073000000.0,21000000.0,0.28,edgar,2024-11-12,2026-10-03,2026-10-03,0
NATL,2024-12-31,1108000000.0,41000000.0,0.55,edgar,2025-11-05,2026-10-03,2026-10-03,0
NATL,2025-03-31,979000000.0,14000000.0,0.19,edgar,2025-05-08,2026-10-03,2026-10-03,0
NATL,2025-06-30,1102000000.0,39000000.0,0.52,edgar,2025-08-07,2026-10-03,2026-10-03,0
NATL,2025-09-30,1121000000.0,26000000.0,0.34,edgar,2025-11-06,2026-10-03,2026-10-03,0
NATL,2025-12-31,1152000000.0,83000000.0,1.09,edgar,2026-02-27,2026-10-03,2026-10-03,0
NATL,2026-03-31,1043000000.0,22000000.0,0.29,edgar,2026-05-07,2026-10-03,2026-10-03,0
NATL,2026-06-30,1103000000.0,65000000.0,0.86,edgar,2026-08-05,2026-10-03,2026-10-03,0
NBTB,2017-03-31,27339000.0,20279000.0,0.46,edgar,2018-05-10,2026-10-03,2026-10-03,0
NBTB,2017-06-30,29084000.0,21359000.0,0.49,edgar,2018-08-09,2026-10-03,2026-10-03,0
NBTB,2017-09-30,29498000.0,22876000.0,0.52,edgar,2018-11-09,2026-10-03,2026-10-03,0
NBTB,2017-12-31,27523000.0,17637000.0,0.40000000000000013,edgar,2019-03-01,2026-10-03,2026-10-03,0
NBTB,2018-03-31,29858000.0,25986000.0,0.59,edgar,2018-05-10,2026-10-03,2026-10-03,0
NBTB,2018-06-30,32850000.0,28121000.0,0.64,edgar,2018-08-09,2026-10-03,2026-10-03,0
NBTB,2018-09-30,31681000.0,29807000.0,0.68,edgar,2018-11-09,2026-10-03,2026-10-03,0
NBTB,2018-12-31,31623000.0,28652000.0,0.6499999999999999,edgar,2019-03-01,2026-10-03,2026-10-03,0
NDSN,2023-10-31,719313000.0,127778000.0,2.2200000000000006,edgar,2023-12-20,2026-10-03,2026-10-03,0
NDSN,2024-01-31,633193000.0,109572000.0,1.9,edgar,2024-02-22,2026-10-03,2026-10-03,0
NDSN,2024-04-30,650642000.0,118217000.0,2.05,edgar,2024-05-23,2026-10-03,2026-10-03,0
NDSN,2024-07-31,661604000.0,117327000.0,2.04,edgar,2024-08-22,2026-10-03,2026-10-03,0
NDSN,2024-10-31,744482000.0,122168000.0,2.119999999999999,edgar,2024-12-18,2026-10-03,2026-10-03,0
NDSN,2025-01-31,615420000.0,94652000.0,1.65,edgar,2025-02-20,2026-10-03,2026-10-03,0
NDSN,2025-04-30,682938000.0,112404000.0,1.97,edgar,2025-05-29,2026-10-03,2026-10-03,0
NDSN,2025-07-31,741509000.0,125784000.0,2.22,edgar,2025-08-21,2026-10-03,2026-10-03,0
NDSN,2025-10-31,751820000.0,151634000.0,2.67,edgar,2025-12-17,2026-10-03,2026-10-03,0
NDSN,2026-01-31,669461000.0,133382000.0,2.38,edgar,2026-02-19,2026-10-03,2026-10-03,0
NDSN,2026-04-30,740847000.0,117316000.0,2.09,edgar,2026-05-21,2026-10-03,2026-10-03,0
NDSN,2026-07-31,817667000.0,152846000.0,2.73,edgar,2026-08-20,2026-10-03,2026-10-03,0
NEO,2023-09-30,151954000.0,-18516000.0,,edgar,2023-11-06,2026-10-03,2026-10-03,0
NEO,2023-12-31,155552000.0,-14358000.0,,edgar,2024-02-20,2026-10-03,2026-10-03,0
NEO,2024-03-31,156240000.0,-27061000.0,,edgar,2024-04-30,2026-10-03,2026-10-03,0
NEO,2024-06-30,164502000.0,-18642000.0,,edgar,2024-07-30,2026-10-03,2026-10-03,0
NEO,2024-09-30,167824000.0,-17699000.0,,edgar,2024-11-05,2026-10-03,2026-10-03,0
NEO,2024-12-31,172000000.0,-15598000.0,,edgar,2025-02-18,2026-10-03,2026-10-03,0
NEO,2025-03-31,168035000.0,-25923000.0,,edgar,2025-04-29,2026-10-03,2026-10-03,0
NEO,2025-06-30,181330000.0,-45092000.0,,edgar,2025-07-29,2026-10-03,2026-10-03,0
NEO,2025-09-30,187797000.0,-27129000.0,,edgar,2025-10-28,2026-10-03,2026-10-03,0
NEO,2025-12-31,190170000.0,-9856000.0,,edgar,2026-02-17,2026-10-03,2026-10-03,0
NEO,2026-03-31,186672000.0,-17106000.0,,edgar,2026-04-28,2026-10-03,2026-10-03,0
NEO,2026-06-30,201656000.0,2238000.0,,edgar,2026-07-28,2026-10-03,2026-10-03,0
NEOG,2023-08-31,228987000.0,1503000.0,0.01,edgar,2023-10-10,2026-10-03,2026-10-03,0
NEOG,2023-11-30,229629000.0,-3487000.0,-0.02,edgar,2024-01-09,2026-10-03,2026-10-03,0
NEOG,2024-02-29,228812000.0,-2022000.0,-0.01,edgar,2024-04-09,2026-10-03,2026-10-03,0
NEOG,2024-05-31,236772000.0,-5394000.0,-0.02,edgar,2024-07-30,2026-10-03,2026-10-03,0
NEOG,2024-08-31,216964000.0,-12609000.0,-0.06,edgar,2024-10-10,2026-10-03,2026-10-03,0
NEOG,2024-11-30,231258000.0,-456282000.0,-2.1,edgar,2025-01-15,2026-10-03,2026-10-03,0
NEOG,2025-02-28,221000000.0,-10900000.0,-0.05,edgar,2025-04-09,2026-10-03,2026-10-03,0
NEOG,2025-05-31,225478000.0,-612209000.0,-2.8200000000000003,edgar,2025-07-30,2026-10-03,2026-10-03,0
NEOG,2025-08-31,209189000.0,36338000.0,0.17,edgar,2025-10-09,2026-10-03,2026-10-03,0
NEOG,2025-11-30,224691000.0,-15924000.0,-0.07,edgar,2026-01-08,2026-10-03,2026-10-03,0
NEOG,2026-02-28,211200000.0,-17000000.0,-0.08,edgar,2026-04-09,2026-10-03,2026-10-03,0
NEOG,2026-05-31,225320000.0,-11314000.0,-0.060000000000000005,edgar,2026-07-30,2026-10-03,2026-10-03,0
NESR,2023-06-30,280311000.0,1945000.0,0.02,edgar,2024-08-29,2026-10-03,2026-10-03,0
NESR,2023-09-30,300084000.0,14731000.0,0.16,edgar,2024-11-19,2026-10-03,2026-10-03,0
NESR,2024-03-31,296848000.0,9982000.0,0.1,edgar,2025-06-03,2026-10-03,2026-10-03,0
NESR,2024-06-30,324969000.0,18873000.0,0.2,edgar,2024-08-29,2026-10-03,2026-10-03,0
NESR,2024-09-30,336205000.0,20618000.0,0.22,edgar,2024-11-19,2026-10-03,2026-10-03,0
NESR,2024-12-31,343682000.0,26837000.0,0.28,edgar,2025-03-28,2026-10-03,2026-10-03,0
NESR,2025-03-31,303102000.0,10391000.0,0.11,edgar,2025-06-03,2026-10-03,2026-10-03,0
NESR,2025-06-30,327368000.0,15201000.0,0.16,edgar,2025-08-20,2026-10-03,2026-10-03,0
NESR,2025-09-30,295315000.0,17737000.0,0.18,edgar,2025-11-13,2026-10-03,2026-10-03,0
NESR,2025-12-31,398262000.0,7803000.0,0.07,edgar,2026-03-06,2026-10-03,2026-10-03,0
NESR,2026-03-31,404586000.0,23827000.0,0.23,edgar,2026-05-11,2026-10-03,2026-10-03,0
NESR,2026-06-30,520752000.0,44017000.0,0.43,edgar,2026-08-10,2026-10-03,2026-10-03,0
NGL,2023-09-30,1007546000.0,28028000.0,,edgar,2023-11-09,2026-10-03,2026-10-03,0
NGL,2023-12-31,1195184000.0,45682000.0,,edgar,2024-02-08,2026-10-03,2026-10-03,0
NGL,2024-03-31,1039162000.0,-236766000.0,,edgar,2025-05-29,2026-10-03,2026-10-03,0
NGL,2024-06-30,759234000.0,9683000.0,,edgar,2024-08-08,2026-10-03,2026-10-03,0
NGL,2024-09-30,756472000.0,2454000.0,,edgar,2024-11-12,2026-10-03,2026-10-03,0
NGL,2024-12-31,982414000.0,13507000.0,,edgar,2025-02-10,2026-10-03,2026-10-03,0
NGL,2025-03-31,971066000.0,13724000.0,,edgar,2025-05-29,2026-10-03,2026-10-03,0
NGL,2025-06-30,622156000.0,68922000.0,,edgar,2025-08-07,2026-10-03,2026-10-03,0
NGL,2025-09-30,674677000.0,29284000.0,,edgar,2025-11-04,2026-10-03,2026-10-03,0
NGL,2025-12-31,909816000.0,47179000.0,,edgar,2026-02-03,2026-10-03,2026-10-03,0
NGL,2026-03-31,949510000.0,-287680000.0,,edgar,2026-05-28,2026-10-03,2026-10-03,0
NGL,2026-06-30,989992000.0,78732000.0,,edgar,2026-08-04,2026-10-03,2026-10-03,0
NGNE,2018-06-30,25000000.0,2918000.0,0.12,edgar,2018-08-08,2026-10-03,2026-10-03,0
NGNE,2023-06-30,0.0,-11860000.0,-26.68,edgar,2024-08-09,2026-10-03,2026-10-03,0
NGNE,2023-09-30,0.0,-14577000.0,-32.67,edgar,2024-11-18,2026-10-03,2026-10-03,0
NGNE,2024-06-30,925000.0,-18492000.0,-1.09,edgar,2024-08-09,2026-10-03,2026-10-03,0
NGNE,2024-09-30,0.0,-20217000.0,-1.19,edgar,2024-11-18,2026-10-03,2026-10-03,0
NGNE,2025-06-30,0.0,-22016000.0,-1.05,edgar,2025-08-11,2026-10-03,2026-10-03,0
NGNE,2025-09-30,0.0,-20953000.0,-0.99,edgar,2025-11-13,2026-10-03,2026-10-03,0
NGVC,2023-09-30,295075000.0,5880000.0,0.26,edgar,2023-12-07,2026-10-03,2026-10-03,0
NGVC,2023-12-31,301750000.0,7755000.0,0.34,edgar,2024-02-08,2026-10-03,2026-10-03,0
NGVC,2024-03-31,308092000.0,7961000.0,0.35,edgar,2024-05-09,2026-10-03,2026-10-03,0
NGVC,2024-06-30,309082000.0,9209000.0,0.4,edgar,2024-08-08,2026-10-03,2026-10-03,0
NGVC,2024-09-30,322661000.0,9010000.0,0.3799999999999999,edgar,2024-12-12,2026-10-03,2026-10-03,0
NGVC,2024-12-31,330221000.0,9938000.0,0.43,edgar,2025-02-06,2026-10-03,2026-10-03,0
NGVC,2025-03-31,335769000.0,13101000.0,0.56,edgar,2025-05-08,2026-10-03,2026-10-03,0
NGVC,2025-06-30,328705000.0,11605000.0,0.5,edgar,2025-08-07,2026-10-03,2026-10-03,0
NGVC,2025-09-30,336141000.0,11800000.0,0.51,edgar,2025-12-11,2026-10-03,2026-10-03,0
NGVC,2025-12-31,335579000.0,11334000.0,0.49,edgar,2026-02-05,2026-10-03,2026-10-03,0
NGVC,2026-03-31,337376000.0,13434000.0,0.58,edgar,2026-05-07,2026-10-03,2026-10-03,0
NGVC,2026-06-30,334739000.0,11073000.0,0.48,edgar,2026-08-06,2026-10-03,2026-10-03,0
NHC,2023-09-30,288485000.0,10388000.0,0.68,edgar,2023-11-02,2026-10-03,2026-10-03,0
NHC,2023-12-31,300914000.0,28406000.0,1.8399999999999999,edgar,2024-02-16,2026-10-03,2026-10-03,0
NHC,2024-03-31,297176000.0,26213000.0,1.69,edgar,2024-05-09,2026-10-03,2026-10-03,0
NHC,2024-06-30,300658000.0,26844000.0,1.73,edgar,2024-08-08,2026-10-03,2026-10-03,0
NHC,2024-09-30,340198000.0,42789000.0,2.73,edgar,2024-11-07,2026-10-03,2026-10-03,0
NHC,2024-12-31,369350000.0,6081000.0,0.3799999999999999,edgar,2025-02-28,2026-10-03,2026-10-03,0
NHC,2025-03-31,373697000.0,32205000.0,2.07,edgar,2025-05-08,2026-10-03,2026-10-03,0
NHC,2025-06-30,374910000.0,23722000.0,1.52,edgar,2025-08-07,2026-10-03,2026-10-03,0
NHC,2025-09-30,382661000.0,39239000.0,2.5,edgar,2025-11-06,2026-10-03,2026-10-03,0
NHC,2025-12-31,386513000.0,24849000.0,1.58,edgar,2026-02-26,2026-10-03,2026-10-03,0
NHC,2026-03-31,381821000.0,35857000.0,2.27,edgar,2026-05-07,2026-10-03,2026-10-03,0
NHC,2026-06-30,408025000.0,40319000.0,2.54,edgar,2026-08-06,2026-10-03,2026-10-03,0
NHPBP,2023-09-30,85686000.0,-16125000.0,-0.69,edgar,2023-11-13,2026-10-03,2026-10-03,0
NHPBP,2023-12-31,86780000.0,-24855000.0,-2.02,edgar,2024-03-15,2026-10-03,2026-10-03,0
NHPBP,2024-03-31,88299000.0,-15550000.0,-0.67,edgar,2024-05-10,2026-10-03,2026-10-03,0
NHPBP,2024-06-30,88817000.0,-116918000.0,-4.24,edgar,2024-08-09,2026-10-03,2026-10-03,0
NHPBP,2024-09-30,88940000.0,-40769000.0,-1.56,edgar,2024-11-12,2026-10-03,2026-10-03,0
NHPBP,2024-12-31,87738000.0,-17026000.0,-0.7199999999999998,edgar,2025-02-27,2026-10-03,2026-10-03,0
NHPBP,2025-03-31,86443000.0,-1515000.0,-0.18,edgar,2025-05-08,2026-10-03,2026-10-03,0
NHPBP,2025-06-30,85332000.0,-20834000.0,-0.85,edgar,2025-08-05,2026-10-03,2026-10-03,0
NHPBP,2025-09-30,86026000.0,-12534000.0,-0.56,edgar,2025-11-05,2026-10-03,2026-10-03,0
NHPBP,2025-12-31,84478000.0,-22802000.0,-0.9199999999999997,edgar,2026-02-20,2026-10-03,2026-10-03,0
NHPBP,2026-03-31,86285000.0,-4281000.0,-0.27,edgar,2026-05-14,2026-10-03,2026-10-03,0
NHPBP,2026-06-30,87530000.0,-5386000.0,-0.13,edgar,2026-08-06,2026-10-03,2026-10-03,0
NIQ,2024-06-30,985800000.0,-189200000.0,-1890000.0,edgar,2025-08-15,2026-10-03,2026-10-03,0
NIQ,2024-09-30,982100000.0,-214700000.0,-0.88,edgar,2025-11-13,2026-10-03,2026-10-03,0
NIQ,2025-03-31,965900000.0,-119800000.0,-0.49,edgar,2026-05-14,2026-10-03,2026-10-03,0
NIQ,2025-06-30,1040800000.0,-2700000.0,-0.01,edgar,2025-08-15,2026-10-03,2026-10-03,0
NIQ,2025-09-30,1052600000.0,-198600000.0,-0.7,edgar,2025-11-13,2026-10-03,2026-10-03,0
NIQ,2025-12-31,1139100000.0,-32200000.0,-0.1200000000000001,edgar,2026-02-27,2026-10-03,2026-10-03,0
NIQ,2026-03-31,1072700000.0,-90100000.0,-0.31,edgar,2026-05-14,2026-10-03,2026-10-03,0
NIQ,2026-06-30,1124200000.0,-30500000.0,-0.1,edgar,2026-08-10,2026-10-03,2026-10-03,0
NL,2023-09-30,40355000.0,-69000.0,0.0,edgar,2023-11-02,2026-10-03,2026-10-03,0
NL,2023-12-31,43165000.0,7585000.0,0.15000000000000002,edgar,2024-03-06,2026-10-03,2026-10-03,0
NL,2024-03-31,37971000.0,6839000.0,0.14,edgar,2024-05-08,2026-10-03,2026-10-03,0
NL,2024-06-30,35887000.0,7835000.0,0.16,edgar,2024-08-07,2026-10-03,2026-10-03,0
NL,2024-09-30,33667000.0,36010000.0,0.74,edgar,2024-11-06,2026-10-03,2026-10-03,0
NL,2024-12-31,38416000.0,16544000.0,0.33999999999999986,edgar,2025-03-06,2026-10-03,2026-10-03,0
NL,2025-03-31,40272000.0,667000.0,0.01,edgar,2025-05-07,2026-10-03,2026-10-03,0
NL,2025-06-30,40366000.0,355000.0,0.01,edgar,2025-08-06,2026-10-03,2026-10-03,0
NL,2025-09-30,39950000.0,-7871000.0,-0.16,edgar,2025-11-06,2026-10-03,2026-10-03,0
NL,2025-12-31,37697000.0,-30977000.0,-0.63,edgar,2026-03-09,2026-10-03,2026-10-03,0
NL,2026-03-31,40569000.0,4344000.0,0.09,edgar,2026-05-06,2026-10-03,2026-10-03,0
NL,2026-06-30,43614000.0,8954000.0,0.18,edgar,2026-08-05,2026-10-03,2026-10-03,0
NMAX,2024-03-31,40599645.0,-50683687.0,-1.27,edgar,2025-05-15,2026-10-03,2026-10-03,0
NMAX,2024-06-30,39226732.0,-4829560.0,-0.15,edgar,2025-08-19,2026-10-03,2026-10-03,0
NMAX,2024-09-30,43513952.0,-9770287.0,-0.29,edgar,2025-11-13,2026-10-03,2026-10-03,0
NMAX,2024-12-31,47676126.0,-6888394.0,-0.24,edgar,2026-03-26,2026-10-03,2026-10-03,0
NMAX,2025-03-31,45301707.0,-17232525.0,-0.49,edgar,2025-05-15,2026-10-03,2026-10-03,0
NMAX,2025-06-30,46439744.0,-75175622.0,-0.59,edgar,2025-08-19,2026-10-03,2026-10-03,0
NMAX,2025-09-30,45272696.0,-4115406.0,-0.03,edgar,2025-11-13,2026-10-03,2026-10-03,0
NMAX,2025-12-31,52240774.0,-2971566.0,0.1499999999999999,edgar,2026-03-26,2026-10-03,2026-10-03,0
NMAX,2026-03-31,51658491.0,-2188210.0,-0.02,edgar,2026-05-14,2026-10-03,2026-10-03,0
NMAX,2026-06-30,54115485.0,2867291.0,0.02,edgar,2026-08-13,2026-10-03,2026-10-03,0
NMM,2015-06-30,56473000.0,11355000.0,,edgar,2015-08-03,2026-10-03,2026-10-03,0
NMM,2016-06-30,44877000.0,-16807000.0,,edgar,2016-08-12,2026-10-03,2026-10-03,0
NMM,2017-06-30,50018000.0,4090000.0,,edgar,2017-07-31,2026-10-03,2026-10-03,0
NMM,2018-06-30,58196000.0,-29533000.0,,edgar,2018-08-03,2026-10-03,2026-10-03,0
NMM,2019-06-30,47745000.0,-6523000.0,,edgar,2019-08-08,2026-10-03,2026-10-03,0
NMM,2020-06-30,46549000.0,-14641000.0,-1.32,edgar,2020-08-03,2026-10-03,2026-10-03,0
NMM,2021-06-30,152009000.0,99913000.0,4.31,edgar,2021-08-26,2026-10-03,2026-10-03,0
NMM,2022-06-30,280661000.0,118160000.0,,edgar,2022-09-13,2026-10-03,2026-10-03,0
NMM,2023-06-30,346938000.0,112308000.0,,edgar,2023-08-31,2026-10-03,2026-10-03,0
NMM,2024-06-30,342155000.0,101469000.0,,edgar,2024-09-12,2026-10-03,2026-10-03,0
NMM,2025-06-30,327558000.0,69947000.0,,edgar,2025-09-08,2026-10-03,2026-10-03,0
NMM,2026-06-30,410166000.0,167919000.0,,edgar,2026-08-27,2026-10-03,2026-10-03,0
NMR,2010-09-30,3836000000.0,13000000.0,0.0,edgar,2010-12-27,2026-10-03,2026-10-03,0
NMR,2011-09-30,4905000000.0,-598000000.0,-0.16,edgar,2011-12-29,2026-10-03,2026-10-03,0
NN,2023-09-30,1027000.0,-23220000.0,-0.21,edgar,2023-11-08,2026-10-03,2026-10-03,0
NN,2023-12-31,1205000.0,-16396000.0,-0.15000000000000002,edgar,2024-03-13,2026-10-03,2026-10-03,0
NN,2024-03-31,1046000.0,-31610000.0,-0.28,edgar,2024-05-08,2026-10-03,2026-10-03,0
NN,2024-06-30,1105000.0,-24390000.0,-0.21,edgar,2024-08-07,2026-10-03,2026-10-03,0
NN,2024-09-30,1607000.0,-13609000.0,-0.11,edgar,2024-11-13,2026-10-03,2026-10-03,0
NN,2024-12-31,1911000.0,-32270000.0,-0.24,edgar,2025-03-12,2026-10-03,2026-10-03,0
NN,2025-03-31,1539000.0,-58579000.0,-0.45,edgar,2025-05-09,2026-10-03,2026-10-03,0
NN,2025-06-30,1202000.0,-63195000.0,-0.48,edgar,2025-08-06,2026-10-03,2026-10-03,0
NN,2025-09-30,887000.0,483000.0,-0.12,edgar,2025-11-06,2026-10-03,2026-10-03,0
NN,2025-12-31,945000.0,-67962000.0,-0.3699999999999999,edgar,2026-03-17,2026-10-03,2026-10-03,0
NN,2026-03-31,995000.0,-10621000.0,-0.12,edgar,2026-05-14,2026-10-03,2026-10-03,0
NN,2026-06-30,1150000.0,-33755000.0,-0.24,edgar,2026-08-11,2026-10-03,2026-10-03,0
NPK,2023-12-31,98416000.0,13159000.0,1.85,edgar,2024-03-15,2026-10-03,2026-10-03,0
NPK,2024-03-31,76653000.0,6568000.0,0.92,edgar,2024-05-10,2026-10-03,2026-10-03,0
NPK,2024-06-30,85060000.0,6077000.0,0.85,edgar,2024-08-09,2026-10-03,2026-10-03,0
NPK,2024-09-30,91823000.0,8083000.0,1.13,edgar,2024-11-08,2026-10-03,2026-10-03,0
NPK,2024-12-31,134692000.0,20732000.0,2.92,edgar,2025-03-14,2026-10-03,2026-10-03,0
NPK,2025-03-30,103639000.0,7610000.0,1.07,edgar,2025-05-09,2026-10-03,2026-10-03,0
NPK,2025-06-29,120449000.0,5152000.0,0.72,edgar,2025-08-08,2026-10-03,2026-10-03,0
NPK,2025-09-28,115463000.0,5317000.0,0.74,edgar,2025-11-07,2026-10-03,2026-10-03,0
NPK,2025-12-31,163973000.0,15005000.0,2.1,edgar,2026-03-13,2026-10-03,2026-10-03,0
NPK,2026-04-05,118649000.0,6626000.0,0.93,edgar,2026-05-15,2026-10-03,2026-10-03,0
NPK,2026-07-05,146596000.0,15862000.0,2.21,edgar,2026-08-14,2026-10-03,2026-10-03,0
NRIX,2023-08-31,18467000.0,-36982000.0,-0.68,edgar,2024-10-11,2026-10-03,2026-10-03,0
NRIX,2023-11-30,15159000.0,-41956000.0,-0.7699999999999998,edgar,2024-02-15,2026-10-03,2026-10-03,0
NRIX,2024-02-29,16585000.0,-41518000.0,-0.76,edgar,2025-04-08,2026-10-03,2026-10-03,0
NRIX,2024-05-31,12092000.0,-44546000.0,-0.71,edgar,2024-07-11,2026-10-03,2026-10-03,0
NRIX,2024-08-31,12588000.0,-48956000.0,-0.67,edgar,2024-10-11,2026-10-03,2026-10-03,0
NRIX,2024-11-30,13284000.0,-58549000.0,-0.7399999999999998,edgar,2025-01-28,2026-10-03,2026-10-03,0
NRIX,2025-02-28,18453000.0,-56351000.0,-0.67,edgar,2025-04-08,2026-10-03,2026-10-03,0
NRIX,2025-05-31,44056000.0,-43464000.0,-0.52,edgar,2025-07-09,2026-10-03,2026-10-03,0
NRIX,2025-08-31,7894000.0,-86421000.0,-1.03,edgar,2025-10-09,2026-10-03,2026-10-03,0
NRIX,2025-11-30,13577000.0,-78221000.0,-0.8299999999999996,edgar,2026-01-28,2026-10-03,2026-10-03,0
NRIX,2026-02-28,6252000.0,-87174000.0,-0.79,edgar,2026-04-08,2026-10-03,2026-10-03,0
NRIX,2026-05-31,9043000.0,-89535000.0,-0.81,edgar,2026-07-09,2026-10-03,2026-10-03,0
NSIT,2023-09-30,2266286000.0,60247000.0,1.62,edgar,2023-11-02,2026-10-03,2026-10-03,0
NSIT,2023-12-31,2236011000.0,90608000.0,2.42,edgar,2024-02-22,2026-10-03,2026-10-03,0
NSIT,2024-03-31,2379485000.0,67027000.0,1.74,edgar,2024-05-02,2026-10-03,2026-10-03,0
NSIT,2024-06-30,2161662000.0,87444000.0,2.27,edgar,2024-08-01,2026-10-03,2026-10-03,0
NSIT,2024-09-30,2087886000.0,58208000.0,1.52,edgar,2024-10-31,2026-10-03,2026-10-03,0
NSIT,2024-12-31,2072665000.0,37012000.0,1.0199999999999996,edgar,2025-02-14,2026-10-03,2026-10-03,0
NSIT,2025-03-31,2103556000.0,7514000.0,0.22,edgar,2025-05-01,2026-10-03,2026-10-03,0
NSIT,2025-06-30,2091482000.0,46932000.0,1.46,edgar,2025-07-31,2026-10-03,2026-10-03,0
NSIT,2025-09-30,2003845000.0,50947000.0,1.62,edgar,2025-10-30,2026-10-03,2026-10-03,0
NSIT,2025-12-31,2048297000.0,51954000.0,1.56,edgar,2026-02-12,2026-10-03,2026-10-03,0
NSIT,2026-03-31,2127986000.0,30009000.0,0.97,edgar,2026-05-07,2026-10-03,2026-10-03,0
NSIT,2026-06-30,2399497000.0,77569000.0,2.57,edgar,2026-08-06,2026-10-03,2026-10-03,0
NSP,2023-09-30,1551000000.0,45000000.0,1.16,edgar,2023-10-31,2026-10-03,2026-10-03,0
NSP,2023-12-31,1580000000.0,19000000.0,0.5299999999999998,edgar,2024-02-09,2026-10-03,2026-10-03,0
NSP,2024-03-31,1802000000.0,79000000.0,2.08,edgar,2024-05-01,2026-10-03,2026-10-03,0
NSP,2024-06-30,1605000000.0,18000000.0,0.48,edgar,2024-08-06,2026-10-03,2026-10-03,0
NSP,2024-09-30,1561000000.0,3000000.0,0.07,edgar,2024-10-31,2026-10-03,2026-10-03,0
NSP,2024-12-31,1613000000.0,-9000000.0,-0.20999999999999996,edgar,2025-02-11,2026-10-03,2026-10-03,0
NSP,2025-03-31,1863000000.0,51000000.0,1.35,edgar,2025-04-29,2026-10-03,2026-10-03,0
NSP,2025-06-30,1658000000.0,-5000000.0,-0.14,edgar,2025-08-01,2026-10-03,2026-10-03,0
NSP,2025-09-30,1623000000.0,-20000000.0,-0.53,edgar,2025-11-04,2026-10-03,2026-10-03,0
NSP,2025-12-31,1668000000.0,-33000000.0,-0.8700000000000001,edgar,2026-02-11,2026-10-03,2026-10-03,0
NSP,2026-03-31,1895000000.0,33000000.0,0.88,edgar,2026-05-01,2026-10-03,2026-10-03,0
NSP,2026-06-30,1686000000.0,4000000.0,0.1,edgar,2026-07-30,2026-10-03,2026-10-03,0
NTAP,2023-10-27,1562000000.0,233000000.0,1.1,edgar,2023-11-30,2026-10-03,2026-10-03,0
NTAP,2024-01-26,1606000000.0,313000000.0,1.48,edgar,2024-02-29,2026-10-03,2026-10-03,0
NTAP,2024-04-26,1668000000.0,291000000.0,1.3599999999999999,edgar,2024-06-10,2026-10-03,2026-10-03,0
NTAP,2024-07-26,1541000000.0,248000000.0,1.17,edgar,2024-08-28,2026-10-03,2026-10-03,0
NTAP,2024-10-25,1658000000.0,299000000.0,1.42,edgar,2024-11-25,2026-10-03,2026-10-03,0
NTAP,2025-01-24,1641000000.0,299000000.0,1.44,edgar,2025-02-27,2026-10-03,2026-10-03,0
NTAP,2025-04-25,1732000000.0,340000000.0,1.6400000000000006,edgar,2025-06-09,2026-10-03,2026-10-03,0
NTAP,2025-07-25,1559000000.0,233000000.0,1.15,edgar,2025-08-27,2026-10-03,2026-10-03,0
NTAP,2025-10-24,1705000000.0,305000000.0,1.51,edgar,2025-11-25,2026-10-03,2026-10-03,0
NTAP,2026-01-23,1713000000.0,334000000.0,1.67,edgar,2026-02-26,2026-10-03,2026-10-03,0
NTAP,2026-04-24,1948000000.0,404000000.0,2.0199999999999996,edgar,2026-06-05,2026-10-03,2026-10-03,0
NTAP,2026-07-31,2025000000.0,375000000.0,1.88,edgar,2026-09-02,2026-10-03,2026-10-03,0
NTCT,2023-09-30,196802000.0,21462000.0,0.29,edgar,2023-11-02,2026-10-03,2026-10-03,0
NTCT,2023-12-31,218072000.0,-132577000.0,-1.87,edgar,2024-02-08,2026-10-03,2026-10-03,0
NTCT,2024-03-31,203443000.0,-32385000.0,-0.4299999999999997,edgar,2024-05-16,2026-10-03,2026-10-03,0
NTCT,2024-06-30,174565000.0,-443376000.0,-6.2,edgar,2024-08-05,2026-10-03,2026-10-03,0
NTCT,2024-09-30,191108000.0,9027000.0,0.13,edgar,2024-11-01,2026-10-03,2026-10-03,0
NTCT,2024-12-31,252019000.0,48810000.0,0.67,edgar,2025-02-06,2026-10-03,2026-10-03,0
NTCT,2025-03-31,204987000.0,18639000.0,0.28000000000000025,edgar,2025-05-15,2026-10-03,2026-10-03,0
NTCT,2025-06-30,186747000.0,-3679000.0,-0.05,edgar,2025-08-07,2026-10-03,2026-10-03,0
NTCT,2025-09-30,219017000.0,25828000.0,0.35,edgar,2025-11-06,2026-10-03,2026-10-03,0
NTCT,2025-12-31,250683000.0,55142000.0,0.75,edgar,2026-02-05,2026-10-03,2026-10-03,0
NTCT,2026-03-31,203035000.0,18209000.0,0.25,edgar,2026-05-14,2026-10-03,2026-10-03,0
NTCT,2026-06-30,210423000.0,21835000.0,0.29,edgar,2026-08-06,2026-10-03,2026-10-03,0
NTNX,2023-10-31,511054000.0,-15853000.0,-0.07,edgar,2023-12-07,2026-10-03,2026-10-03,0
NTNX,2024-01-31,565233000.0,32795000.0,0.12,edgar,2024-03-07,2026-10-03,2026-10-03,0
NTNX,2024-04-30,524577000.0,-15616000.0,-0.06,edgar,2024-06-10,2026-10-03,2026-10-03,0
NTNX,2024-07-31,547952000.0,-126101000.0,-0.5,edgar,2024-09-19,2026-10-03,2026-10-03,0
NTNX,2024-10-31,590956000.0,29926000.0,0.1,edgar,2024-12-05,2026-10-03,2026-10-03,0
NTNX,2025-01-31,654721000.0,56427000.0,0.19,edgar,2025-03-06,2026-10-03,2026-10-03,0
NTNX,2025-04-30,638983000.0,63363000.0,0.22,edgar,2025-06-03,2026-10-03,2026-10-03,0
NTNX,2025-07-31,653267000.0,38650000.0,0.14,edgar,2025-09-24,2026-10-03,2026-10-03,0
NTNX,2025-10-31,670576000.0,62096000.0,0.21,edgar,2025-12-04,2026-10-03,2026-10-03,0
NTNX,2026-01-31,722825000.0,103022000.0,0.36,edgar,2026-03-02,2026-10-03,2026-10-03,0
NTNX,2026-04-30,703066000.0,72087000.0,0.25,edgar,2026-05-29,2026-10-03,2026-10-03,0
NTNX,2026-07-31,757078000.0,1269632000.0,4.35,edgar,2026-09-18,2026-10-03,2026-10-03,0
NTRA,2023-09-30,268306000.0,-109030000.0,-0.95,edgar,2023-11-09,2026-10-03,2026-10-03,0
NTRA,2023-12-31,311105000.0,-78031000.0,-0.6299999999999999,edgar,2024-02-29,2026-10-03,2026-10-03,0
NTRA,2024-03-31,367741000.0,-67599000.0,-0.56,edgar,2024-05-10,2026-10-03,2026-10-03,0
NTRA,2024-06-30,413351000.0,-37464000.0,-0.3,edgar,2024-08-09,2026-10-03,2026-10-03,0
NTRA,2024-09-30,439758000.0,-31592000.0,-0.26,edgar,2024-11-12,2026-10-03,2026-10-03,0
NTRA,2024-12-31,476061000.0,-53771000.0,-0.4099999999999999,edgar,2025-02-28,2026-10-03,2026-10-03,0
NTRA,2025-03-31,501830000.0,-66936000.0,-0.5,edgar,2025-05-09,2026-10-03,2026-10-03,0
NTRA,2025-06-30,546600000.0,-100938000.0,-0.74,edgar,2025-08-08,2026-10-03,2026-10-03,0
NTRA,2025-09-30,592183000.0,-87544000.0,-0.64,edgar,2025-11-07,2026-10-03,2026-10-03,0
NTRA,2025-12-31,665500000.0,47258000.0,0.3599999999999999,edgar,2026-02-27,2026-10-03,2026-10-03,0
NTRA,2026-03-31,696644000.0,-85091000.0,-0.6,edgar,2026-05-08,2026-10-03,2026-10-03,0
NTRA,2026-06-30,752750000.0,-66969000.0,-0.47,edgar,2026-08-07,2026-10-03,2026-10-03,0
NUAI,2024-03-31,329211.0,-859032.0,-0.13,edgar,2025-05-15,2026-10-03,2026-10-03,0
NUAI,2024-06-30,20377.0,-1089759.0,-0.17,edgar,2025-08-14,2026-10-03,2026-10-03,0
NUAI,2024-09-30,35143.0,-1077242.0,-0.17,edgar,2025-11-13,2026-10-03,2026-10-03,0
NUAI,2025-03-31,326455.0,-3320256.0,-0.24,edgar,2025-05-15,2026-10-03,2026-10-03,0
NUAI,2025-06-30,209114.0,-3606004.0,-0.21,edgar,2025-08-14,2026-10-03,2026-10-03,0
NUAI,2025-09-30,159411.0,-5783173.0,-0.2,edgar,2025-11-13,2026-10-03,2026-10-03,0
NUAI,2025-12-31,190420.0,-16876371.0,-0.39,edgar,2026-03-12,2026-10-03,2026-10-03,0
NUAI,2026-03-31,514587.0,-10823974.0,-0.19,edgar,2026-05-15,2026-10-03,2026-10-03,0
NUAI,2026-06-30,36497.0,-20442625.0,-0.21,edgar,2026-08-14,2026-10-03,2026-10-03,0
NUTX,2023-09-30,62722972.0,-5542391.0,-1.25,edgar,2023-11-09,2026-10-03,2026-10-03,0
NUTX,2023-12-31,69669473.0,-31617897.0,-7.47,edgar,2024-03-29,2026-10-03,2026-10-03,0
NUTX,2024-03-31,67453000.0,-364000.0,-0.08,edgar,2024-05-09,2026-10-03,2026-10-03,0
NUTX,2024-06-30,76082000.0,-364000.0,-0.07,edgar,2024-08-08,2026-10-03,2026-10-03,0
NUTX,2024-09-30,78795000.0,-8788000.0,-1.72,edgar,2024-11-07,2026-10-03,2026-10-03,0
NUTX,2024-12-31,257617716.0,61695604.0,11.12,edgar,2025-03-31,2026-10-03,2026-10-03,0
NUTX,2025-03-31,211789000.0,21217000.0,3.33,edgar,2025-05-13,2026-10-03,2026-10-03,0
NUTX,2025-06-30,243985000.0,-17697000.0,-2.95,edgar,2025-11-18,2026-10-03,2026-10-03,0
NUTX,2025-09-30,267804000.0,55435000.0,7.76,edgar,2025-11-19,2026-10-03,2026-10-03,0
NUTX,2025-12-31,151679000.0,11834000.0,2.34,edgar,2026-03-05,2026-10-03,2026-10-03,0
NUTX,2026-03-31,216485000.0,46807000.0,6.52,edgar,2026-04-30,2026-10-03,2026-10-03,0
NUTX,2026-06-30,210752000.0,65842000.0,9.38,edgar,2026-08-06,2026-10-03,2026-10-03,0
NVAX,2023-09-30,186986000.0,-130776000.0,-1.26,edgar,2023-11-09,2026-10-03,2026-10-03,0
NVAX,2023-12-31,291342000.0,-178389000.0,-1.3200000000000003,edgar,2024-02-28,2026-10-03,2026-10-03,0
NVAX,2024-03-31,93855000.0,-147550000.0,-1.05,edgar,2025-05-08,2026-10-03,2026-10-03,0
NVAX,2024-06-30,415484000.0,162381000.0,0.99,edgar,2025-08-06,2026-10-03,2026-10-03,0
NVAX,2024-09-30,84512000.0,-121300000.0,-0.76,edgar,2025-11-06,2026-10-03,2026-10-03,0
NVAX,2024-12-31,88311000.0,-81030000.0,-0.4099999999999999,edgar,2025-02-27,2026-10-03,2026-10-03,0
NVAX,2025-03-31,666655000.0,518646000.0,2.93,edgar,2025-05-08,2026-10-03,2026-10-03,0
NVAX,2025-06-30,239240000.0,106508000.0,0.62,edgar,2025-08-06,2026-10-03,2026-10-03,0
NVAX,2025-09-30,70445000.0,-202379000.0,-1.25,edgar,2025-11-06,2026-10-03,2026-10-03,0
NVAX,2025-12-31,147139000.0,17527000.0,0.2799999999999998,edgar,2026-02-26,2026-10-03,2026-10-03,0
NVAX,2026-03-31,139514000.0,-9491000.0,-0.06,edgar,2026-05-06,2026-10-03,2026-10-03,0
NVAX,2026-06-30,56698000.0,-53387000.0,-0.32,edgar,2026-08-06,2026-10-03,2026-10-03,0
NVCR,2023-09-30,127321000.0,-49485000.0,-0.46,edgar,2023-10-26,2026-10-03,2026-10-03,0
NVCR,2023-12-31,133784000.0,-47036000.0,-0.44999999999999996,edgar,2024-02-22,2026-10-03,2026-10-03,0
NVCR,2024-03-31,138503000.0,-38760000.0,-0.36,edgar,2024-05-02,2026-10-03,2026-10-03,0
NVCR,2024-06-30,150356000.0,-33375000.0,-0.31,edgar,2024-07-25,2026-10-03,2026-10-03,0
NVCR,2024-09-30,155095000.0,-30570000.0,-0.28,edgar,2024-10-30,2026-10-03,2026-10-03,0
NVCR,2024-12-31,161266000.0,-66295000.0,-0.6100000000000001,edgar,2025-02-27,2026-10-03,2026-10-03,0
NVCR,2025-03-31,154994000.0,-34319000.0,-0.31,edgar,2025-04-24,2026-10-03,2026-10-03,0
NVCR,2025-06-30,158805000.0,-40139000.0,-0.36,edgar,2025-07-24,2026-10-03,2026-10-03,0
NVCR,2025-09-30,167204000.0,-37270000.0,-0.33,edgar,2025-10-30,2026-10-03,2026-10-03,0
NVCR,2025-12-31,174350000.0,-24499000.0,-0.21999999999999997,edgar,2026-02-26,2026-10-03,2026-10-03,0
NVCR,2026-03-31,174055000.0,-71138000.0,-0.62,edgar,2026-04-30,2026-10-03,2026-10-03,0
NVCR,2026-06-30,183584000.0,-15658000.0,-0.13,edgar,2026-07-23,2026-10-03,2026-10-03,0
NVDA,2023-10-29,18120000000.0,9243000000.0,0.37,edgar,2023-11-21,2026-10-03,2026-10-03,0
NVDA,2024-01-28,22103000000.0,12286000000.0,-0.25,edgar,2024-02-21,2026-10-03,2026-10-03,0
NVDA,2024-04-28,26044000000.0,14881000000.0,0.6,edgar,2024-05-29,2026-10-03,2026-10-03,0
NVDA,2024-07-28,30040000000.0,16599000000.0,0.67,edgar,2024-08-28,2026-10-03,2026-10-03,0
NVDA,2024-10-27,35082000000.0,19309000000.0,0.78,edgar,2024-11-20,2026-10-03,2026-10-03,0
NVDA,2025-01-26,39331000000.0,22091000000.0,0.8900000000000001,edgar,2025-02-26,2026-10-03,2026-10-03,0
NVDA,2025-04-27,44062000000.0,18775000000.0,0.76,edgar,2025-05-28,2026-10-03,2026-10-03,0
NVDA,2025-07-27,46743000000.0,26422000000.0,1.08,edgar,2025-08-27,2026-10-03,2026-10-03,0
NVDA,2025-10-26,57006000000.0,31910000000.0,1.3,edgar,2025-11-19,2026-10-03,2026-10-03,0
NVDA,2026-01-25,68127000000.0,42960000000.0,1.7600000000000002,edgar,2026-02-25,2026-10-03,2026-10-03,0
NVDA,2026-04-26,81615000000.0,58321000000.0,2.39,edgar,2026-05-20,2026-10-03,2026-10-03,0
NVDA,2026-07-26,96221000000.0,59688000000.0,2.46,edgar,2026-08-26,2026-10-03,2026-10-03,0
NVGS,2015-06-30,84140000.0,27420000.0,0.49,edgar,2015-08-03,2026-10-03,2026-10-03,0
NVGS,2016-06-30,72541000.0,11121000.0,0.2,edgar,2016-08-08,2026-10-03,2026-10-03,0
NVGS,2017-06-30,74381000.0,2254000.0,0.04,edgar,2018-08-06,2026-10-03,2026-10-03,0
NVGS,2018-06-30,73163000.0,-3159000.0,-0.06,edgar,2018-08-06,2026-10-03,2026-10-03,0
NVGS,2019-06-30,73586000.0,-7733000.0,-0.14,edgar,2019-11-13,2026-10-03,2026-10-03,0
NVGS,2020-06-30,82465000.0,3008000.0,0.05,edgar,2020-10-21,2026-10-03,2026-10-03,0
NVGS,2021-06-30,85699000.0,260000.0,0.01,edgar,2021-11-30,2026-10-03,2026-10-03,0
NVGS,2022-06-30,123917000.0,14022000.0,0.18,edgar,2022-08-18,2026-10-03,2026-10-03,0
NVGS,2023-06-30,135335000.0,26606000.0,0.36,edgar,2023-08-16,2026-10-03,2026-10-03,0
NVGS,2024-06-30,146676000.0,23240000.0,0.32,edgar,2024-08-14,2026-10-03,2026-10-03,0
NVGS,2025-06-30,129635000.0,21453000.0,0.31,edgar,2025-08-12,2026-10-03,2026-10-03,0
NVGS,2026-06-30,167936000.0,52985000.0,0.85,edgar,2026-08-04,2026-10-03,2026-10-03,0
NVRI,2025-03-31,547907000.0,-9013000.0,-0.11,edgar,2026-06-08,2026-10-03,2026-10-03,0
NVRI,2025-06-30,315972000.0,-47813000.0,-1.78,edgar,2026-08-11,2026-10-03,2026-10-03,0
NVRI,2026-03-31,549803000.0,-10665000.0,-0.13,edgar,2026-06-08,2026-10-03,2026-10-03,0
NVRI,2026-06-30,187342000.0,-395995000.0,-14.21,edgar,2026-08-11,2026-10-03,2026-10-03,0
NVT,2023-09-30,715000000.0,105500000.0,0.63,edgar,2023-10-27,2026-10-03,2026-10-03,0
NVT,2023-12-31,410300000.0,254900000.0,1.51,edgar,2024-02-20,2026-10-03,2026-10-03,0
NVT,2024-03-31,732100000.0,105100000.0,0.62,edgar,2024-05-03,2026-10-03,2026-10-03,0
NVT,2024-06-30,739800000.0,111000000.0,0.66,edgar,2024-08-06,2026-10-03,2026-10-03,0
NVT,2024-09-30,782000000.0,105000000.0,0.62,edgar,2024-11-01,2026-10-03,2026-10-03,0
NVT,2024-12-31,752200000.0,10700000.0,0.07000000000000006,edgar,2025-02-18,2026-10-03,2026-10-03,0
NVT,2025-03-31,809300000.0,360700000.0,2.16,edgar,2025-05-02,2026-10-03,2026-10-03,0
NVT,2025-06-30,963100000.0,109500000.0,0.67,edgar,2025-08-01,2026-10-03,2026-10-03,0
NVT,2025-09-30,1054000000.0,121200000.0,0.74,edgar,2025-10-31,2026-10-03,2026-10-03,0
NVT,2025-12-31,1066700000.0,118800000.0,0.7399999999999993,edgar,2026-02-17,2026-10-03,2026-10-03,0
NVT,2026-03-31,1242000000.0,142400000.0,0.87,edgar,2026-05-01,2026-10-03,2026-10-03,0
NVT,2026-06-30,1471300000.0,215900000.0,1.32,edgar,2026-07-31,2026-10-03,2026-10-03,0
NVTS,2023-09-30,21978000.0,7519000.0,0.04,edgar,2023-11-09,2026-10-03,2026-10-03,0
NVTS,2023-12-31,26058000.0,-32578000.0,-0.16000000000000003,edgar,2024-03-06,2026-10-03,2026-10-03,0
NVTS,2024-03-31,23175000.0,-3681000.0,-0.02,edgar,2024-05-15,2026-10-03,2026-10-03,0
NVTS,2024-06-30,20468000.0,-22328000.0,-0.12,edgar,2024-08-05,2026-10-03,2026-10-03,0
NVTS,2024-09-30,21681000.0,-18730000.0,-0.1,edgar,2024-11-05,2026-10-03,2026-10-03,0
NVTS,2024-12-31,17978000.0,-39860000.0,-0.22000000000000003,edgar,2025-03-19,2026-10-03,2026-10-03,0
NVTS,2025-03-31,14018000.0,-16829000.0,-0.09,edgar,2025-05-09,2026-10-03,2026-10-03,0
NVTS,2025-06-30,14490000.0,-49075000.0,-0.25,edgar,2025-08-04,2026-10-03,2026-10-03,0
NVTS,2025-09-30,10112000.0,-19234000.0,-0.09,edgar,2025-11-03,2026-10-03,2026-10-03,0
NVTS,2025-12-31,7296000.0,-31815000.0,-0.13999999999999996,edgar,2026-02-27,2026-10-03,2026-10-03,0
NVTS,2026-03-31,8598000.0,-33785000.0,-0.15,edgar,2026-05-05,2026-10-03,2026-10-03,0
NVTS,2026-06-30,10529000.0,-228218000.0,-0.95,edgar,2026-07-27,2026-10-03,2026-10-03,0
NWFL,2023-09-30,1922000.0,4119000.0,0.51,edgar,2023-11-14,2026-10-03,2026-10-03,0
NWFL,2023-12-31,1811000.0,355000.0,0.03999999999999959,edgar,2024-03-14,2026-10-03,2026-10-03,0
NWFL,2024-03-31,1711000.0,4433000.0,0.55,edgar,2024-05-09,2026-10-03,2026-10-03,0
NWFL,2024-06-30,1880000.0,4213000.0,0.52,edgar,2024-08-08,2026-10-03,2026-10-03,0
NWFL,2024-09-30,1874000.0,3844000.0,0.48,edgar,2024-11-07,2026-10-03,2026-10-03,0
NWFL,2024-12-31,1934000.0,-12650000.0,-1.57,edgar,2025-03-14,2026-10-03,2026-10-03,0
NWFL,2025-03-31,1979000.0,5773000.0,0.63,edgar,2025-05-09,2026-10-03,2026-10-03,0
NWFL,2025-06-30,1869000.0,6205000.0,0.67,edgar,2025-08-08,2026-10-03,2026-10-03,0
NWFL,2025-09-30,2042000.0,8334000.0,0.89,edgar,2025-11-07,2026-10-03,2026-10-03,0
NWFL,2025-12-31,2109000.0,7443000.0,0.8199999999999998,edgar,2026-03-13,2026-10-03,2026-10-03,0
NWFL,2026-03-31,2276000.0,3730000.0,0.35,edgar,2026-05-08,2026-10-03,2026-10-03,0
NWFL,2026-06-30,2102000.0,9328000.0,0.86,edgar,2026-08-07,2026-10-03,2026-10-03,0
NWS,2023-09-30,2499000000.0,30000000.0,0.05,edgar,2023-11-09,2026-10-03,2026-10-03,0
NWS,2023-12-31,2135000000.0,156000000.0,0.27,edgar,2024-02-08,2026-10-03,2026-10-03,0
NWS,2024-03-31,1994000000.0,30000000.0,0.05,edgar,2024-05-09,2026-10-03,2026-10-03,0
NWS,2024-06-30,1624000000.0,50000000.0,0.09,edgar,2024-08-13,2026-10-03,2026-10-03,0
NWS,2024-09-30,2096000000.0,119000000.0,0.21,edgar,2024-11-08,2026-10-03,2026-10-03,0
NWS,2024-12-31,2238000000.0,215000000.0,0.38,edgar,2025-02-06,2026-10-03,2026-10-03,0
NWS,2025-03-31,2009000000.0,103000000.0,0.18,edgar,2025-05-09,2026-10-03,2026-10-03,0
NWS,2025-06-30,2109000000.0,743000000.0,1.31,edgar,2025-08-06,2026-10-03,2026-10-03,0
NWS,2025-09-30,2144000000.0,112000000.0,0.2,edgar,2025-11-07,2026-10-03,2026-10-03,0
NWS,2025-12-31,2362000000.0,193000000.0,0.34,edgar,2026-02-06,2026-10-03,2026-10-03,0
NWS,2026-03-31,2185000000.0,89000000.0,0.16,edgar,2026-05-08,2026-10-03,2026-10-03,0
NWS,2026-06-30,2337000000.0,349000000.0,0.32999999999999996,edgar,2026-08-07,2026-10-03,2026-10-03,0
NWSA,2023-09-30,2499000000.0,30000000.0,0.05,edgar,2023-11-09,2026-10-03,2026-10-03,0
NWSA,2023-12-31,2135000000.0,156000000.0,0.27,edgar,2024-02-08,2026-10-03,2026-10-03,0
NWSA,2024-03-31,1994000000.0,30000000.0,0.05,edgar,2024-05-09,2026-10-03,2026-10-03,0
NWSA,2024-06-30,1624000000.0,50000000.0,0.09,edgar,2024-08-13,2026-10-03,2026-10-03,0
NWSA,2024-09-30,2096000000.0,119000000.0,0.21,edgar,2024-11-08,2026-10-03,2026-10-03,0
NWSA,2024-12-31,2238000000.0,215000000.0,0.38,edgar,2025-02-06,2026-10-03,2026-10-03,0
NWSA,2025-03-31,2009000000.0,103000000.0,0.18,edgar,2025-05-09,2026-10-03,2026-10-03,0
NWSA,2025-06-30,2109000000.0,743000000.0,1.31,edgar,2025-08-06,2026-10-03,2026-10-03,0
NWSA,2025-09-30,2144000000.0,112000000.0,0.2,edgar,2025-11-07,2026-10-03,2026-10-03,0
NWSA,2025-12-31,2362000000.0,193000000.0,0.34,edgar,2026-02-06,2026-10-03,2026-10-03,0
NWSA,2026-03-31,2185000000.0,89000000.0,0.16,edgar,2026-05-08,2026-10-03,2026-10-03,0
NWSA,2026-06-30,2337000000.0,349000000.0,0.32999999999999996,edgar,2026-08-07,2026-10-03,2026-10-03,0
NX,2023-07-31,299640000.0,31698000.0,0.96,edgar,2023-09-01,2026-10-03,2026-10-03,0
NX,2023-10-31,295492000.0,27382000.0,0.8300000000000001,edgar,2025-12-12,2026-10-03,2026-10-03,0
NX,2024-01-31,239155000.0,6249000.0,0.19,edgar,2024-03-08,2026-10-03,2026-10-03,0
NX,2024-04-30,266201000.0,15377000.0,0.46,edgar,2024-06-07,2026-10-03,2026-10-03,0
NX,2024-07-31,280345000.0,25350000.0,0.77,edgar,2024-09-06,2026-10-03,2026-10-03,0
NX,2024-10-31,492161000.0,-13917000.0,-0.5199999999999999,edgar,2025-12-12,2026-10-03,2026-10-03,0
NX,2025-01-31,400044000.0,-14885000.0,-0.32,edgar,2025-03-11,2026-10-03,2026-10-03,0
NX,2025-04-30,452478000.0,20515000.0,0.44,edgar,2025-06-06,2026-10-03,2026-10-03,0
NX,2025-07-31,495273000.0,-276007000.0,-6.04,edgar,2025-09-05,2026-10-03,2026-10-03,0
NX,2026-01-31,409089000.0,-4071000.0,-0.09,edgar,2026-03-06,2026-10-03,2026-10-03,0
NX,2026-04-30,462367000.0,3350000.0,0.07,edgar,2026-06-05,2026-10-03,2026-10-03,0
NX,2026-07-31,501845000.0,26504000.0,0.58,edgar,2026-09-04,2026-10-03,2026-10-03,0
NXDR,2023-09-30,56092000.0,-38116000.0,-0.1,edgar,2023-11-07,2026-10-03,2026-10-03,0
NXDR,2023-12-31,55557000.0,255000000.0,-0.10999999999999999,edgar,2024-02-27,2026-10-03,2026-10-03,0
NXDR,2024-03-31,53146000.0,-28261000.0,-0.07,edgar,2024-05-07,2026-10-03,2026-10-03,0
NXDR,2024-06-30,63292000.0,-42781000.0,-0.11,edgar,2024-08-07,2026-10-03,2026-10-03,0
NXDR,2024-09-30,65610000.0,-14898000.0,-0.04,edgar,2024-11-06,2026-10-03,2026-10-03,0
NXDR,2024-12-31,65228000.0,-12123000.0,-0.03,edgar,2025-02-27,2026-10-03,2026-10-03,0
NXDR,2025-03-31,54176000.0,-21952000.0,-0.06,edgar,2025-05-07,2026-10-03,2026-10-03,0
NXDR,2025-06-30,65093000.0,-15362000.0,-0.04,edgar,2025-08-07,2026-10-03,2026-10-03,0
NXDR,2025-09-30,68898000.0,-12857000.0,-0.03,edgar,2025-11-05,2026-10-03,2026-10-03,0
NXDR,2025-12-31,69479000.0,-4033000.0,-0.010000000000000009,edgar,2026-02-18,2026-10-03,2026-10-03,0
NXDR,2026-03-31,61669000.0,-11417000.0,-0.03,edgar,2026-05-06,2026-10-03,2026-10-03,0
NXDR,2026-06-30,74554000.0,-2122000.0,-0.01,edgar,2026-08-04,2026-10-03,2026-10-03,0
OABI,2023-09-30,5477000.0,-15738000.0,-0.16,edgar,2023-11-09,2026-10-03,2026-10-03,0
OABI,2023-12-31,4822000.0,-14053000.0,-0.14,edgar,2024-03-25,2026-10-03,2026-10-03,0
OABI,2024-03-31,3801000.0,-18961000.0,-0.19,edgar,2024-05-09,2026-10-03,2026-10-03,0
OABI,2024-06-30,7614000.0,-13631000.0,-0.13,edgar,2024-08-08,2026-10-03,2026-10-03,0
OABI,2024-09-30,4172000.0,-16373000.0,-0.16,edgar,2024-11-12,2026-10-03,2026-10-03,0
OABI,2024-12-31,10804000.0,-13068000.0,-0.13,edgar,2025-03-18,2026-10-03,2026-10-03,0
OABI,2025-03-31,4154000.0,-18200000.0,-0.17,edgar,2025-05-08,2026-10-03,2026-10-03,0
OABI,2025-06-30,3897000.0,-15875000.0,-0.15,edgar,2025-08-06,2026-10-03,2026-10-03,0
OABI,2025-09-30,2239000.0,-16525000.0,-0.14,edgar,2025-11-04,2026-10-03,2026-10-03,0
OABI,2025-12-31,8376000.0,-14179000.0,-0.10999999999999993,edgar,2026-03-04,2026-10-03,2026-10-03,0
OABI,2026-03-31,14427000.0,-7707000.0,-0.06,edgar,2026-05-07,2026-10-03,2026-10-03,0
OABI,2026-06-30,13415000.0,-5859000.0,-0.05,edgar,2026-08-06,2026-10-03,2026-10-03,0
OBIO,2023-09-30,419000.0,-13316000.0,-0.38,edgar,2023-11-13,2026-10-03,2026-10-03,0
OBIO,2023-12-31,262000.0,-12818000.0,-0.3500000000000001,edgar,2024-03-27,2026-10-03,2026-10-03,0
OBIO,2024-03-31,620000.0,-13463000.0,-0.38,edgar,2024-05-13,2026-10-03,2026-10-03,0
OBIO,2024-06-30,778000.0,-15980000.0,-0.45,edgar,2024-08-12,2026-10-03,2026-10-03,0
OBIO,2024-09-30,987000.0,-15426000.0,-0.41,edgar,2024-11-12,2026-10-03,2026-10-03,0
OBIO,2024-12-31,253000.0,-16155000.0,-0.41999999999999993,edgar,2025-03-31,2026-10-03,2026-10-03,0
OBIO,2025-03-31,868000.0,-18755000.0,-0.49,edgar,2025-05-12,2026-10-03,2026-10-03,0
OBIO,2025-06-30,836000.0,-19363000.0,-0.5,edgar,2025-08-12,2026-10-03,2026-10-03,0
OBIO,2025-09-30,861000.0,-20828000.0,-0.4,edgar,2025-11-10,2026-10-03,2026-10-03,0
OBIO,2025-12-31,30917000.0,6245000.0,0.28,edgar,2026-03-12,2026-10-03,2026-10-03,0
OBIO,2026-03-31,110000.0,-20691000.0,-0.33,edgar,2026-05-12,2026-10-03,2026-10-03,0
OBIO,2026-06-30,88000.0,-23755000.0,-0.38,edgar,2026-08-10,2026-10-03,2026-10-03,0
OC,2023-09-30,2479000000.0,337000000.0,3.71,edgar,2023-10-25,2026-10-03,2026-10-03,0
OC,2023-12-31,999000000.0,131000000.0,1.4800000000000004,edgar,2024-02-14,2026-10-03,2026-10-03,0
OC,2024-03-31,2017000000.0,299000000.0,3.4,edgar,2024-04-24,2026-10-03,2026-10-03,0
OC,2024-06-30,2497000000.0,285000000.0,3.24,edgar,2024-08-06,2026-10-03,2026-10-03,0
OC,2024-09-30,2763000000.0,321000000.0,3.65,edgar,2024-11-06,2026-10-03,2026-10-03,0
OC,2024-12-31,2574000000.0,-258000000.0,-2.919999999999999,edgar,2025-02-24,2026-10-03,2026-10-03,0
OC,2025-03-31,2530000000.0,-93000000.0,-1.08,edgar,2025-05-07,2026-10-03,2026-10-03,0
OC,2025-06-30,2747000000.0,363000000.0,4.25,edgar,2025-08-06,2026-10-03,2026-10-03,0
OC,2025-09-30,2684000000.0,-494000000.0,-5.92,edgar,2025-11-05,2026-10-03,2026-10-03,0
OC,2025-12-31,2142000000.0,-298000000.0,-3.4699999999999998,edgar,2026-02-25,2026-10-03,2026-10-03,0
OC,2026-03-31,2265000000.0,-105000000.0,-1.29,edgar,2026-05-06,2026-10-03,2026-10-03,0
OC,2026-06-30,2756000000.0,226000000.0,2.8,edgar,2026-08-05,2026-10-03,2026-10-03,0
OFG,2021-12-31,0.0,33280000.0,0.6599999999999997,edgar,2022-02-25,2026-10-03,2026-10-03,0
OFG,2022-03-31,0.0,37521000.0,0.76,edgar,2022-05-06,2026-10-03,2026-10-03,0
OFG,2022-06-30,0.0,40432000.0,0.84,edgar,2022-08-05,2026-10-03,2026-10-03,0
OFG,2022-09-30,0.0,41919000.0,0.87,edgar,2022-11-04,2026-10-03,2026-10-03,0
OFG,2022-12-31,0.0,46367000.0,0.9700000000000002,edgar,2023-02-24,2026-10-03,2026-10-03,0
OFG,2023-03-31,0.0,46229000.0,0.96,edgar,2023-05-05,2026-10-03,2026-10-03,0
OFG,2023-06-30,0.0,44173000.0,0.93,edgar,2023-08-04,2026-10-03,2026-10-03,0
OFG,2023-09-30,0.0,44873000.0,0.95,edgar,2023-11-06,2026-10-03,2026-10-03,0
OFG,2023-12-31,0.0,46597000.0,0.9900000000000002,edgar,2024-02-26,2026-10-03,2026-10-03,0
OFG,2024-03-31,0.0,49692000.0,1.05,edgar,2024-05-08,2026-10-03,2026-10-03,0
OFG,2024-06-30,0.0,51131000.0,1.08,edgar,2024-08-07,2026-10-03,2026-10-03,0
OFG,2024-09-30,0.0,47000000.0,1.0,edgar,2024-11-06,2026-10-03,2026-10-03,0
OII,2023-09-30,635180000.0,29812000.0,0.29,edgar,2023-10-27,2026-10-03,2026-10-03,0
OII,2023-12-31,654629000.0,44529000.0,0.42999999999999994,edgar,2024-02-23,2026-10-03,2026-10-03,0
OII,2024-03-31,599092000.0,15135000.0,0.15,edgar,2024-04-26,2026-10-03,2026-10-03,0
OII,2024-06-30,668808000.0,34997000.0,0.34,edgar,2024-07-26,2026-10-03,2026-10-03,0
OII,2024-09-30,679811000.0,41237000.0,0.4,edgar,2024-10-25,2026-10-03,2026-10-03,0
OII,2024-12-31,713450000.0,56099000.0,0.5499999999999999,edgar,2025-02-24,2026-10-03,2026-10-03,0
OII,2025-03-31,674523000.0,50377000.0,0.49,edgar,2025-04-24,2026-10-03,2026-10-03,0
OII,2025-06-30,698161000.0,54442000.0,0.54,edgar,2025-07-24,2026-10-03,2026-10-03,0
OII,2025-09-30,742898000.0,71289000.0,0.71,edgar,2025-10-23,2026-10-03,2026-10-03,0
OII,2025-12-31,668574000.0,177653000.0,1.7500000000000002,edgar,2026-02-20,2026-10-03,2026-10-03,0
OII,2026-03-31,692429000.0,36107000.0,0.36,edgar,2026-04-23,2026-10-03,2026-10-03,0
OII,2026-06-30,768184000.0,65015000.0,0.65,edgar,2026-07-23,2026-10-03,2026-10-03,0
OKE,2023-09-30,4189000000.0,454000000.0,0.99,edgar,2023-11-01,2026-10-03,2026-10-03,0
OKE,2023-12-31,5235000000.0,688000000.0,1.1100000000000003,edgar,2024-02-27,2026-10-03,2026-10-03,0
OKE,2024-03-31,4781000000.0,639000000.0,1.09,edgar,2024-05-01,2026-10-03,2026-10-03,0
OKE,2024-06-30,4894000000.0,780000000.0,1.33,edgar,2024-08-06,2026-10-03,2026-10-03,0
OKE,2024-09-30,5023000000.0,693000000.0,1.18,edgar,2024-10-30,2026-10-03,2026-10-03,0
OKE,2024-12-31,7000000000.0,923000000.0,1.5699999999999998,edgar,2025-02-25,2026-10-03,2026-10-03,0
OKE,2025-03-31,8043000000.0,636000000.0,1.04,edgar,2025-04-30,2026-10-03,2026-10-03,0
OKE,2025-06-30,7887000000.0,841000000.0,1.34,edgar,2025-08-05,2026-10-03,2026-10-03,0
OKE,2025-09-30,8634000000.0,939000000.0,1.49,edgar,2025-10-29,2026-10-03,2026-10-03,0
OKE,2025-12-31,9065000000.0,977000000.0,1.5499999999999998,edgar,2026-02-24,2026-10-03,2026-10-03,0
OKE,2026-03-31,9618000000.0,774000000.0,1.23,edgar,2026-04-29,2026-10-03,2026-10-03,0
OKE,2026-06-30,12049000000.0,966000000.0,1.53,edgar,2026-08-04,2026-10-03,2026-10-03,0
OKTA,2023-10-31,584000000.0,-81000000.0,-0.49,edgar,2023-12-01,2026-10-03,2026-10-03,0
OKTA,2024-01-31,605000000.0,-44000000.0,-0.2599999999999998,edgar,2024-03-01,2026-10-03,2026-10-03,0
OKTA,2024-04-30,617000000.0,-40000000.0,-0.24,edgar,2024-05-30,2026-10-03,2026-10-03,0
OKTA,2024-07-31,646000000.0,29000000.0,0.15,edgar,2024-08-29,2026-10-03,2026-10-03,0
OKTA,2024-10-31,665000000.0,16000000.0,0.0,edgar,2024-12-04,2026-10-03,2026-10-03,0
OKTA,2025-01-31,682000000.0,23000000.0,0.15,edgar,2025-03-05,2026-10-03,2026-10-03,0
OKTA,2025-04-30,688000000.0,62000000.0,0.35,edgar,2025-05-28,2026-10-03,2026-10-03,0
OKTA,2025-07-31,728000000.0,67000000.0,0.37,edgar,2025-08-27,2026-10-03,2026-10-03,0
OKTA,2025-10-31,742000000.0,43000000.0,0.24,edgar,2025-12-03,2026-10-03,2026-10-03,0
OKTA,2026-01-31,761000000.0,63000000.0,0.3500000000000001,edgar,2026-03-05,2026-10-03,2026-10-03,0
OKTA,2026-04-30,765000000.0,74000000.0,0.42,edgar,2026-05-29,2026-10-03,2026-10-03,0
OKTA,2026-07-31,805000000.0,116000000.0,0.65,edgar,2026-08-27,2026-10-03,2026-10-03,0
OMC,2023-06-30,3609900000.0,366300000.0,1.82,edgar,2023-07-19,2026-10-03,2026-10-03,0
OMC,2023-09-30,3578100000.0,371900000.0,1.86,edgar,2023-10-18,2026-10-03,2026-10-03,0
OMC,2023-12-31,4060900000.0,425700000.0,2.12,edgar,2024-02-07,2026-10-03,2026-10-03,0
OMC,2024-03-31,3630500000.0,318600000.0,1.59,edgar,2024-04-17,2026-10-03,2026-10-03,0
OMC,2024-06-30,3853800000.0,328100000.0,1.65,edgar,2024-07-17,2026-10-03,2026-10-03,0
OMC,2024-09-30,3882600000.0,385900000.0,1.95,edgar,2024-10-16,2026-10-03,2026-10-03,0
OMC,2024-12-31,4322200000.0,448000000.0,2.2700000000000005,edgar,2025-02-05,2026-10-03,2026-10-03,0
OMC,2025-03-31,3690400000.0,287700000.0,1.45,edgar,2025-04-16,2026-10-03,2026-10-03,0
OMC,2025-06-30,4015600000.0,257600000.0,1.31,edgar,2025-07-16,2026-10-03,2026-10-03,0
OMC,2025-09-30,4037100000.0,341300000.0,1.75,edgar,2025-10-22,2026-10-03,2026-10-03,0
OMC,2025-12-31,5528800000.0,-941100000.0,-4.779999999999999,edgar,2026-02-20,2026-10-03,2026-10-03,0
OMC,2026-03-31,6242900000.0,405200000.0,1.35,edgar,2026-04-29,2026-10-03,2026-10-03,0
OMDA,2024-06-30,41212000.0,-10692000.0,-1.4,edgar,2025-08-08,2026-10-03,2026-10-03,0
OMDA,2024-09-30,45515000.0,-9226000.0,-1.18,edgar,2025-11-07,2026-10-03,2026-10-03,0
OMDA,2025-03-31,54963000.0,-9448000.0,-1.15,edgar,2026-05-08,2026-10-03,2026-10-03,0
OMDA,2025-06-30,61371000.0,-5311000.0,-0.24,edgar,2025-08-08,2026-10-03,2026-10-03,0
OMDA,2025-09-30,68030000.0,-3178000.0,-0.06,edgar,2025-11-07,2026-10-03,2026-10-03,0
OMDA,2025-12-31,75846000.0,5159000.0,1.1,edgar,2026-03-06,2026-10-03,2026-10-03,0
OMDA,2026-03-31,78048000.0,-2970000.0,-0.05,edgar,2026-05-08,2026-10-03,2026-10-03,0
OMDA,2026-06-30,87835000.0,5294000.0,0.08,edgar,2026-08-07,2026-10-03,2026-10-03,0
OMER,2019-12-31,33417000.0,-29225000.0,-0.58,edgar,2020-03-02,2026-10-03,2026-10-03,0
OMER,2020-03-31,23537000.0,-29031000.0,-0.53,edgar,2020-05-11,2026-10-03,2026-10-03,0
OMER,2020-06-30,13530000.0,-33294000.0,-0.61,edgar,2020-08-10,2026-10-03,2026-10-03,0
OMER,2020-09-30,26114000.0,-38463000.0,-0.66,edgar,2020-11-09,2026-10-03,2026-10-03,0
OMER,2020-12-31,10632000.0,-37273000.0,-0.6,edgar,2021-03-01,2026-10-03,2026-10-03,0
OMER,2021-03-31,21061000.0,-35090000.0,-0.57,edgar,2021-05-10,2026-10-03,2026-10-03,0
OMER,2021-06-30,28823000.0,-28593000.0,-0.46,edgar,2021-08-09,2026-10-03,2026-10-03,0
OMER,2021-09-30,30004000.0,-22703000.0,-0.36,edgar,2021-11-09,2026-10-03,2026-10-03,0
OMER,2025-03-31,0.0,-33460000.0,-0.58,edgar,2026-05-13,2026-10-03,2026-10-03,0
OMER,2025-06-30,0.0,-25424000.0,-0.43,edgar,2026-08-12,2026-10-03,2026-10-03,0
OMER,2026-03-31,9893000.0,56060000.0,0.62,edgar,2026-05-13,2026-10-03,2026-10-03,0
OMER,2026-06-30,28529000.0,13232000.0,0.15,edgar,2026-08-12,2026-10-03,2026-10-03,0
ONC,2023-09-30,781308000.0,215413000.0,0.15,edgar,2023-11-09,2026-10-03,2026-10-03,0
ONC,2023-12-31,634409000.0,-367553000.0,-0.26,edgar,2024-02-26,2026-10-03,2026-10-03,0
ONC,2024-03-31,751652000.0,-251150000.0,-0.19,edgar,2024-05-08,2026-10-03,2026-10-03,0
ONC,2024-06-30,929166000.0,-120405000.0,-0.09,edgar,2024-08-07,2026-10-03,2026-10-03,0
ONC,2024-09-30,1001599000.0,-121350000.0,-0.09,edgar,2024-11-12,2026-10-03,2026-10-03,0
ONC,2024-12-31,1127824000.0,-151881000.0,-0.09999999999999998,edgar,2025-02-27,2026-10-03,2026-10-03,0
ONC,2025-03-31,1117279000.0,1270000.0,0.0,edgar,2025-05-07,2026-10-03,2026-10-03,0
ONC,2025-06-30,1315300000.0,94320000.0,0.06,edgar,2025-08-06,2026-10-03,2026-10-03,0
ONC,2025-09-30,1412284000.0,124841000.0,0.08,edgar,2025-11-06,2026-10-03,2026-10-03,0
ONC,2025-12-31,1498170000.0,66502000.0,0.04999999999999999,edgar,2026-02-26,2026-10-03,2026-10-03,0
ONC,2026-03-31,1513438000.0,227357000.0,0.15,edgar,2026-05-06,2026-10-03,2026-10-03,0
ONC,2026-06-30,1705071000.0,237007000.0,0.16,edgar,2026-08-05,2026-10-03,2026-10-03,0
OOMA,2023-10-31,59856000.0,2285000.0,0.09,edgar,2023-12-08,2026-10-03,2026-10-03,0
OOMA,2024-01-31,61676000.0,-3070000.0,-0.12,edgar,2024-04-02,2026-10-03,2026-10-03,0
OOMA,2024-04-30,62499000.0,-2139000.0,-0.08,edgar,2024-06-07,2026-10-03,2026-10-03,0
OOMA,2024-07-31,64129000.0,-2137000.0,-0.08,edgar,2024-09-06,2026-10-03,2026-10-03,0
OOMA,2024-10-31,65127000.0,-2364000.0,-0.09,edgar,2024-12-10,2026-10-03,2026-10-03,0
OOMA,2025-01-31,65097000.0,-260000.0,-0.010000000000000009,edgar,2025-04-01,2026-10-03,2026-10-03,0
OOMA,2025-04-30,65029000.0,-141000.0,-0.01,edgar,2025-06-09,2026-10-03,2026-10-03,0
OOMA,2025-07-31,66364000.0,1255000.0,0.04,edgar,2025-09-05,2026-10-03,2026-10-03,0
OOMA,2025-10-31,67625000.0,1393000.0,0.05,edgar,2025-12-09,2026-10-03,2026-10-03,0
OOMA,2026-01-31,74584000.0,3953000.0,0.15000000000000002,edgar,2026-04-03,2026-10-03,2026-10-03,0
OOMA,2026-04-30,81149000.0,2582000.0,0.09,edgar,2026-06-05,2026-10-03,2026-10-03,0
OOMA,2026-07-31,83228000.0,3004000.0,0.1,edgar,2026-09-04,2026-10-03,2026-10-03,0
OPK,2023-09-30,178595000.0,-84473000.0,-0.11,edgar,2023-11-06,2026-10-03,2026-10-03,0
OPK,2023-12-31,181905000.0,-66483000.0,-0.09,edgar,2024-03-01,2026-10-03,2026-10-03,0
OPK,2024-03-31,173686000.0,-81836000.0,-0.12,edgar,2024-05-07,2026-10-03,2026-10-03,0
OPK,2024-06-30,182186000.0,-10305000.0,-0.01,edgar,2024-08-07,2026-10-03,2026-10-03,0
OPK,2024-09-30,173632000.0,24890000.0,0.03,edgar,2024-11-07,2026-10-03,2026-10-03,0
OPK,2024-12-31,183638000.0,14027000.0,0.01,edgar,2025-03-03,2026-10-03,2026-10-03,0
OPK,2025-03-31,149952000.0,-67613000.0,-0.1,edgar,2025-05-01,2026-10-03,2026-10-03,0
OPK,2025-06-30,156807000.0,-148441000.0,-0.19,edgar,2025-07-31,2026-10-03,2026-10-03,0
OPK,2025-09-30,151669000.0,21631000.0,0.03,edgar,2025-10-29,2026-10-03,2026-10-03,0
OPK,2025-12-31,148451000.0,-31257000.0,-0.04,edgar,2026-02-26,2026-10-03,2026-10-03,0
OPK,2026-03-31,124196000.0,-54848000.0,-0.07,edgar,2026-04-28,2026-10-03,2026-10-03,0
OPK,2026-06-30,163580000.0,-8416000.0,-0.01,edgar,2026-07-27,2026-10-03,2026-10-03,0
OPRT,2023-09-30,6233000.0,-21138000.0,-0.55,edgar,2023-11-09,2026-10-03,2026-10-03,0
OPRT,2023-12-31,6157000.0,-41873000.0,-0.9199999999999999,edgar,2024-03-15,2026-10-03,2026-10-03,0
OPRT,2024-03-31,6519000.0,-26439000.0,-0.68,edgar,2024-05-10,2026-10-03,2026-10-03,0
OPRT,2024-06-30,5437000.0,-31025000.0,-0.78,edgar,2024-08-09,2026-10-03,2026-10-03,0
OPRT,2024-09-30,6346000.0,-29956000.0,-0.75,edgar,2024-11-12,2026-10-03,2026-10-03,0
OPRT,2024-12-31,4366000.0,8720000.0,0.26,edgar,2025-02-20,2026-10-03,2026-10-03,0
OPRT,2025-03-31,5044000.0,9767000.0,0.21,edgar,2025-05-09,2026-10-03,2026-10-03,0
OPRT,2025-06-30,4842000.0,6877000.0,0.14,edgar,2025-08-07,2026-10-03,2026-10-03,0
OPRT,2025-09-30,4929000.0,5198000.0,0.11,edgar,2025-11-05,2026-10-03,2026-10-03,0
OPRT,2025-12-31,4650000.0,3358000.0,0.07,edgar,2026-02-27,2026-10-03,2026-10-03,0
OPRT,2026-03-31,4552000.0,2345000.0,0.05,edgar,2026-05-08,2026-10-03,2026-10-03,0
OPRT,2026-06-30,5164000.0,8536000.0,0.17,edgar,2026-08-06,2026-10-03,2026-10-03,0
OPTX,2023-09-30,6600525.0,353980.0,0.01,edgar,2024-11-14,2026-10-03,2026-10-03,0
OPTX,2023-12-31,8263923.0,1001666.0,0.03,edgar,2024-05-23,2026-10-03,2026-10-03,0
OPTX,2024-03-31,6255908.0,-1209143.0,-0.03,edgar,2024-05-23,2026-10-03,2026-10-03,0
OPTX,2024-06-30,7006000.0,281843.0,0.01,edgar,2024-08-14,2026-10-03,2026-10-03,0
OPTX,2024-09-30,7866355.0,-13289.0,0.0,edgar,2024-11-14,2026-10-03,2026-10-03,0
OPTX,2024-12-31,7321678.0,-1539072.0,-0.05000000000000001,edgar,2025-10-06,2026-10-03,2026-10-03,0
OPTX,2025-03-31,7069042.0,323665.0,0.01,edgar,2025-10-06,2026-10-03,2026-10-03,0
OPTX,2025-06-30,6559455.0,-343921.0,-0.01,edgar,2025-10-06,2026-10-03,2026-10-03,0
OPTX,2025-09-30,6950220.0,-1429133.0,-0.04,edgar,2025-11-14,2026-10-03,2026-10-03,0
OPTX,2025-12-31,7505268.0,-343838.0,-0.010000000000000002,edgar,2026-03-31,2026-10-03,2026-10-03,0
OPTX,2026-03-31,6513366.0,-897857.0,-0.02,edgar,2026-05-15,2026-10-03,2026-10-03,0
OPTX,2026-06-30,8273858.0,256237.0,0.01,edgar,2026-08-10,2026-10-03,2026-10-03,0
ORKA,2015-03-31,0.0,-2744000.0,-0.91,edgar,2015-05-12,2026-10-03,2026-10-03,0
ORKA,2016-03-31,0.0,-3647000.0,-0.4,edgar,2016-05-11,2026-10-03,2026-10-03,0
ORKA,2017-03-31,0.0,-4338000.0,-0.48,edgar,2017-05-15,2026-10-03,2026-10-03,0
ORKA,2018-03-31,0.0,-2735000.0,-3.61,edgar,2018-05-08,2026-10-03,2026-10-03,0
ORKA,2019-03-31,0.0,-1664000.0,-1.86,edgar,2019-05-08,2026-10-03,2026-10-03,0
ORKA,2020-03-31,0.0,-1320000.0,-0.83,edgar,2020-05-06,2026-10-03,2026-10-03,0
ORKA,2021-03-31,0.0,-4100000.0,-0.33,edgar,2021-05-11,2026-10-03,2026-10-03,0
ORKA,2022-03-31,0.0,-3272000.0,-0.23,edgar,2022-05-02,2026-10-03,2026-10-03,0
ORKA,2023-03-31,0.0,-1346000.0,-0.09,edgar,2023-04-24,2026-10-03,2026-10-03,0
ORKA,2024-03-31,0.0,-2009000.0,-0.14,edgar,2024-04-25,2026-10-03,2026-10-03,0
OSPN,2023-09-30,58838000.0,-4133000.0,-0.1,edgar,2024-10-30,2026-10-03,2026-10-03,0
OSPN,2023-12-31,62928000.0,441000.0,0.01,edgar,2024-03-06,2026-10-03,2026-10-03,0
OSPN,2024-03-31,64843000.0,13468000.0,0.35,edgar,2025-05-01,2026-10-03,2026-10-03,0
OSPN,2024-06-30,60924000.0,6553000.0,0.17,edgar,2024-08-01,2026-10-03,2026-10-03,0
OSPN,2024-09-30,56242000.0,8273000.0,0.21,edgar,2024-10-30,2026-10-03,2026-10-03,0
OSPN,2024-12-31,61170000.0,28788000.0,0.73,edgar,2025-02-27,2026-10-03,2026-10-03,0
OSPN,2025-03-31,63366000.0,14505000.0,0.37,edgar,2025-05-01,2026-10-03,2026-10-03,0
OSPN,2025-06-30,59843000.0,8342000.0,0.21,edgar,2025-08-05,2026-10-03,2026-10-03,0
OSPN,2025-09-30,57056000.0,6514000.0,0.17,edgar,2025-10-30,2026-10-03,2026-10-03,0
OSPN,2025-12-31,62915000.0,43543000.0,1.13,edgar,2026-02-26,2026-10-03,2026-10-03,0
OSPN,2026-03-31,65947000.0,11565000.0,0.3,edgar,2026-04-30,2026-10-03,2026-10-03,0
OSPN,2026-06-30,60466000.0,6781000.0,0.18,edgar,2026-08-04,2026-10-03,2026-10-03,0
OVID,2023-09-30,109000.0,-11253000.0,-0.16,edgar,2023-11-03,2026-10-03,2026-10-03,0
OVID,2023-12-31,142000.0,-15283000.0,-0.20999999999999996,edgar,2024-03-08,2026-10-03,2026-10-03,0
OVID,2024-03-31,148000.0,-11694000.0,-0.17,edgar,2024-05-14,2026-10-03,2026-10-03,0
OVID,2024-06-30,169000.0,8521000.0,0.12,edgar,2024-08-13,2026-10-03,2026-10-03,0
OVID,2024-09-30,173000.0,-14006000.0,-0.2,edgar,2024-11-12,2026-10-03,2026-10-03,0
OVID,2024-12-31,76000.0,-9221000.0,,edgar,2025-03-11,2026-10-03,2026-10-03,0
OVID,2025-03-31,130000.0,-10235000.0,,edgar,2025-05-13,2026-10-03,2026-10-03,0
OVID,2025-06-30,6272000.0,-4684000.0,,edgar,2025-08-13,2026-10-03,2026-10-03,0
OVID,2025-09-30,132000.0,-12158000.0,,edgar,2025-11-12,2026-10-03,2026-10-03,0
OVID,2025-12-31,718000.0,9677000.0,,edgar,2026-03-18,2026-10-03,2026-10-03,0
OVID,2026-03-31,0.0,-16988000.0,,edgar,2026-05-12,2026-10-03,2026-10-03,0
OVID,2026-06-30,733000.0,-15009000.0,,edgar,2026-08-13,2026-10-03,2026-10-03,0
OXY,2023-09-30,7271000000.0,1375000000.0,1.2,edgar,2023-11-07,2026-10-03,2026-10-03,0
OXY,2023-12-31,2243000000.0,1198000000.0,1.0699999999999998,edgar,2024-02-14,2026-10-03,2026-10-03,0
OXY,2024-03-31,6731000000.0,888000000.0,0.75,edgar,2024-05-07,2026-10-03,2026-10-03,0
OXY,2024-06-30,6802000000.0,1170000000.0,1.03,edgar,2024-08-07,2026-10-03,2026-10-03,0
OXY,2024-09-30,7020000000.0,1140000000.0,0.98,edgar,2024-11-12,2026-10-03,2026-10-03,0
OXY,2024-12-31,2157000000.0,-120000000.0,-0.31999999999999984,edgar,2025-02-18,2026-10-03,2026-10-03,0
OXY,2025-03-31,5813000000.0,945000000.0,0.77,edgar,2025-05-07,2026-10-03,2026-10-03,0
OXY,2025-06-30,5163000000.0,468000000.0,0.26,edgar,2025-08-06,2026-10-03,2026-10-03,0
OXY,2025-09-30,6682000000.0,842000000.0,0.65,edgar,2025-11-10,2026-10-03,2026-10-03,0
OXY,2025-12-31,3911000000.0,114000000.0,-0.07000000000000006,edgar,2026-02-18,2026-10-03,2026-10-03,0
OXY,2026-03-31,5569000000.0,3359000000.0,3.13,edgar,2026-05-05,2026-10-03,2026-10-03,0
OXY,2026-06-30,7053000000.0,2996000000.0,2.75,edgar,2026-08-05,2026-10-03,2026-10-03,0
P,2023-11-05,762838000.0,70389000.0,0.21,edgar,2023-12-15,2026-10-03,2026-10-03,0
P,2024-02-04,789805000.0,65438000.0,0.22,edgar,2024-04-01,2026-10-03,2026-10-03,0
P,2024-05-05,693479000.0,-35009000.0,-0.11,edgar,2024-06-13,2026-10-03,2026-10-03,0
P,2024-08-04,763771000.0,35674000.0,0.1,edgar,2024-09-11,2026-10-03,2026-10-03,0
P,2024-11-03,831072000.0,63639000.0,0.19,edgar,2024-12-12,2026-10-03,2026-10-03,0
P,2025-02-02,879842000.0,42435000.0,0.13,edgar,2025-03-27,2026-10-03,2026-10-03,0
P,2025-05-04,778485000.0,-13995000.0,-0.04,edgar,2025-06-11,2026-10-03,2026-10-03,0
P,2025-08-03,861002000.0,47118000.0,0.14,edgar,2025-09-10,2026-10-03,2026-10-03,0
P,2025-11-02,964453000.0,54806000.0,0.16,edgar,2025-12-10,2026-10-03,2026-10-03,0
P,2026-02-01,1058903000.0,100252000.0,0.29000000000000004,edgar,2026-03-25,2026-10-03,2026-10-03,0
P,2026-05-03,1052896000.0,24078000.0,0.07,edgar,2026-06-05,2026-10-03,2026-10-03,0
P,2026-08-02,1185898000.0,74149000.0,0.21,edgar,2026-09-04,2026-10-03,2026-10-03,0
PACB,2023-06-30,47573000.0,-69833000.0,-0.28,edgar,2023-08-04,2026-10-03,2026-10-03,0
PACB,2023-09-30,55691000.0,-66869000.0,-0.26,edgar,2023-11-03,2026-10-03,2026-10-03,0
PACB,2024-03-31,38810000.0,-78178000.0,-0.29,edgar,2024-05-09,2026-10-03,2026-10-03,0
PACB,2024-06-30,36013000.0,-173319000.0,-0.64,edgar,2024-08-09,2026-10-03,2026-10-03,0
PACB,2024-09-30,39967000.0,-60725000.0,-0.22,edgar,2024-11-12,2026-10-03,2026-10-03,0
PACB,2024-12-31,39224000.0,2322000.0,-0.44000000000000017,edgar,2025-03-17,2026-10-03,2026-10-03,0
PACB,2025-03-31,37153000.0,-426075000.0,-1.44,edgar,2025-05-12,2026-10-03,2026-10-03,0
PACB,2025-06-30,39766000.0,-41930000.0,-0.14,edgar,2025-08-07,2026-10-03,2026-10-03,0
PACB,2025-09-30,38441000.0,-38000000.0,-0.13,edgar,2025-11-06,2026-10-03,2026-10-03,0
PACB,2025-12-31,44645000.0,-40395000.0,-0.1100000000000001,edgar,2026-02-25,2026-10-03,2026-10-03,0
PACB,2026-03-31,37178000.0,-8275000.0,-0.03,edgar,2026-05-08,2026-10-03,2026-10-03,0
PACB,2026-06-30,39007000.0,-44741000.0,-0.14,edgar,2026-08-06,2026-10-03,2026-10-03,0
PACS,2023-09-30,788933000.0,19925000.0,0.15,edgar,2025-11-19,2026-10-03,2026-10-03,0
PACS,2023-12-31,852931000.0,34134000.0,0.28,edgar,2025-11-19,2026-10-03,2026-10-03,0
PACS,2024-03-31,919413000.0,34817000.0,0.27,edgar,2024-05-13,2026-10-03,2026-10-03,0
PACS,2024-06-30,935257000.0,-31878000.0,-0.21,edgar,2024-08-12,2026-10-03,2026-10-03,0
PACS,2024-09-30,1024276000.0,15620000.0,0.1,edgar,2025-11-19,2026-10-03,2026-10-03,0
PACS,2024-12-31,1207709000.0,37201000.0,0.21999999999999997,edgar,2025-11-19,2026-10-03,2026-10-03,0
PACS,2025-03-31,1276985000.0,28472000.0,0.17,edgar,2025-11-19,2026-10-03,2026-10-03,0
PACS,2025-06-30,1308881000.0,50963000.0,0.31,edgar,2025-11-19,2026-10-03,2026-10-03,0
PACS,2025-09-30,1344302000.0,52406000.0,0.32,edgar,2025-11-19,2026-10-03,2026-10-03,0
PACS,2025-12-31,1357717000.0,59702000.0,0.41999999999999993,edgar,2026-02-27,2026-10-03,2026-10-03,0
PACS,2026-03-31,1419959000.0,80695000.0,0.5,edgar,2026-05-11,2026-10-03,2026-10-03,0
PACS,2026-06-30,1427497000.0,76370000.0,0.47,edgar,2026-08-04,2026-10-03,2026-10-03,0
PAG,2023-09-30,7447800000.0,263400000.0,3.92,edgar,2023-10-30,2026-10-03,2026-10-03,0
PAG,2023-12-31,8661200000.0,246300000.0,3.669999999999998,edgar,2024-02-16,2026-10-03,2026-10-03,0
PAG,2024-03-31,7792700000.0,226500000.0,3.38,edgar,2024-04-30,2026-10-03,2026-10-03,0
PAG,2024-06-30,8065000000.0,254800000.0,3.81,edgar,2024-07-31,2026-10-03,2026-10-03,0
PAG,2024-09-30,7929500000.0,238300000.0,3.57,edgar,2024-10-30,2026-10-03,2026-10-03,0
PAG,2024-12-31,8077600000.0,249300000.0,3.73,edgar,2026-02-27,2026-10-03,2026-10-03,0
PAG,2025-03-31,7953800000.0,257700000.0,3.86,edgar,2025-05-01,2026-10-03,2026-10-03,0
PAG,2025-06-30,8032500000.0,266600000.0,4.03,edgar,2025-07-31,2026-10-03,2026-10-03,0
PAG,2025-09-30,8053000000.0,224800000.0,3.41,edgar,2025-10-30,2026-10-03,2026-10-03,0
PAG,2025-12-31,7769200000.0,186100000.0,2.83,edgar,2026-02-27,2026-10-03,2026-10-03,0
PAG,2026-03-31,7863600000.0,234500000.0,3.56,edgar,2026-04-30,2026-10-03,2026-10-03,0
PAG,2026-06-30,8512700000.0,260400000.0,3.96,edgar,2026-07-30,2026-10-03,2026-10-03,0
PANL,2023-09-30,135600000.0,18900000.0,0.42,edgar,2023-11-08,2026-10-03,2026-10-03,0
PANL,2023-12-31,131900000.0,1100000.0,0.03,edgar,2024-03-14,2026-10-03,2026-10-03,0
PANL,2024-03-31,104748553.0,11674176.0,0.25,edgar,2024-05-09,2026-10-03,2026-10-03,0
PANL,2024-06-30,131497852.0,3682775.0,0.08,edgar,2024-08-08,2026-10-03,2026-10-03,0
PANL,2024-09-30,153115064.0,5111040.0,0.11,edgar,2024-11-12,2026-10-03,2026-10-03,0
PANL,2024-12-31,147174531.0,8435009.0,0.19,edgar,2025-03-18,2026-10-03,2026-10-03,0
PANL,2025-03-31,122802000.0,-1981000.0,-0.03,edgar,2025-05-12,2026-10-03,2026-10-03,0
PANL,2025-06-30,156689000.0,-2742000.0,-0.04,edgar,2025-08-08,2026-10-03,2026-10-03,0
PANL,2025-09-30,168669832.0,12208328.0,0.19,edgar,2025-11-10,2026-10-03,2026-10-03,0
PANL,2025-12-31,183880168.0,11883672.0,0.18,edgar,2026-03-16,2026-10-03,2026-10-03,0
PANL,2026-03-31,170580000.0,13294000.0,0.21,edgar,2026-05-11,2026-10-03,2026-10-03,0
PANL,2026-06-30,187119000.0,10201000.0,0.16,edgar,2026-08-10,2026-10-03,2026-10-03,0
PANW,2023-10-31,1878100000.0,194200000.0,0.56,edgar,2023-11-17,2026-10-03,2026-10-03,0
PANW,2024-01-31,1975100000.0,1746900000.0,2.44,edgar,2024-02-21,2026-10-03,2026-10-03,0
PANW,2024-04-30,1984800000.0,278800000.0,0.39,edgar,2024-05-21,2026-10-03,2026-10-03,0
PANW,2024-07-31,2189000000.0,358100000.0,0.25,edgar,2024-09-06,2026-10-03,2026-10-03,0
PANW,2024-10-31,2139000000.0,351000000.0,0.49,edgar,2024-11-21,2026-10-03,2026-10-03,0
PANW,2025-01-31,2257000000.0,267000000.0,0.38,edgar,2025-02-14,2026-10-03,2026-10-03,0
PANW,2025-04-30,2289000000.0,262000000.0,0.37,edgar,2025-05-21,2026-10-03,2026-10-03,0
PANW,2025-07-31,2536000000.0,254000000.0,0.3600000000000001,edgar,2025-08-29,2026-10-03,2026-10-03,0
PANW,2025-10-31,2474000000.0,334000000.0,0.47,edgar,2025-11-20,2026-10-03,2026-10-03,0
PANW,2026-01-31,2594000000.0,432000000.0,0.61,edgar,2026-02-18,2026-10-03,2026-10-03,0
PANW,2026-04-30,3002000000.0,-177000000.0,-0.22,edgar,2026-06-03,2026-10-03,2026-10-03,0
PANW,2026-07-31,3410000000.0,-282000000.0,-0.45999999999999996,edgar,2026-09-10,2026-10-03,2026-10-03,0
PARR,2023-09-30,2579308000.0,171415000.0,2.79,edgar,2023-11-08,2026-10-03,2026-10-03,0
PARR,2023-12-31,2183511000.0,289324000.0,4.76,edgar,2024-02-29,2026-10-03,2026-10-03,0
PARR,2024-03-31,1980835000.0,-3751000.0,-0.06,edgar,2024-05-08,2026-10-03,2026-10-03,0
PARR,2024-06-30,2017468000.0,18638000.0,0.32,edgar,2024-08-08,2026-10-03,2026-10-03,0
PARR,2024-09-30,2143933000.0,7486000.0,0.13,edgar,2024-11-07,2026-10-03,2026-10-03,0
PARR,2024-12-31,1832221000.0,-55695000.0,-0.98,edgar,2025-02-28,2026-10-03,2026-10-03,0
PARR,2025-03-31,1745036000.0,-30400000.0,-0.57,edgar,2025-05-08,2026-10-03,2026-10-03,0
PARR,2025-06-30,1893438000.0,59460000.0,1.17,edgar,2025-08-06,2026-10-03,2026-10-03,0
PARR,2025-09-30,2012936000.0,262631000.0,5.16,edgar,2025-11-05,2026-10-03,2026-10-03,0
PARR,2025-12-31,1813240000.0,77700000.0,1.4000000000000004,edgar,2026-02-25,2026-10-03,2026-10-03,0
PARR,2026-03-31,1823750000.0,54450000.0,1.1,edgar,2026-05-06,2026-10-03,2026-10-03,0
PARR,2026-06-30,2968869000.0,462131000.0,9.35,edgar,2026-08-05,2026-10-03,2026-10-03,0
PAYC,2023-09-30,406303000.0,75219000.0,1.3,edgar,2023-11-02,2026-10-03,2026-10-03,0
PAYC,2023-12-31,434621000.0,81769000.0,1.4099999999999993,edgar,2024-02-15,2026-10-03,2026-10-03,0
PAYC,2024-03-31,499900000.0,247200000.0,4.37,edgar,2024-05-02,2026-10-03,2026-10-03,0
PAYC,2024-06-30,437500000.0,68000000.0,1.2,edgar,2024-08-01,2026-10-03,2026-10-03,0
PAYC,2024-09-30,451900000.0,73300000.0,1.31,edgar,2024-10-31,2026-10-03,2026-10-03,0
PAYC,2024-12-31,493900000.0,113500000.0,2.04,edgar,2025-02-20,2026-10-03,2026-10-03,0
PAYC,2025-03-31,530500000.0,139400000.0,2.48,edgar,2025-05-08,2026-10-03,2026-10-03,0
PAYC,2025-06-30,483600000.0,89500000.0,1.58,edgar,2025-08-07,2026-10-03,2026-10-03,0
PAYC,2025-09-30,493300000.0,110700000.0,1.96,edgar,2025-11-06,2026-10-03,2026-10-03,0
PAYC,2025-12-31,544300000.0,113800000.0,2.0600000000000005,edgar,2026-02-19,2026-10-03,2026-10-03,0
PAYC,2026-03-31,571900000.0,155700000.0,3.04,edgar,2026-05-07,2026-10-03,2026-10-03,0
PAYC,2026-06-30,531200000.0,107400000.0,2.34,edgar,2026-08-06,2026-10-03,2026-10-03,0
PAYO,2023-09-30,145202000.0,12825000.0,0.03,edgar,2023-11-08,2026-10-03,2026-10-03,0
PAYO,2023-12-31,156774000.0,27021000.0,0.07,edgar,2024-02-28,2026-10-03,2026-10-03,0
PAYO,2024-03-31,160458000.0,28974000.0,0.08,edgar,2024-05-08,2026-10-03,2026-10-03,0
PAYO,2024-06-30,171243000.0,32425000.0,0.09,edgar,2024-08-07,2026-10-03,2026-10-03,0
PAYO,2024-09-30,180360000.0,41574000.0,0.11,edgar,2024-11-05,2026-10-03,2026-10-03,0
PAYO,2024-12-31,198233000.0,18190000.0,0.02999999999999997,edgar,2025-02-27,2026-10-03,2026-10-03,0
PAYO,2025-03-31,186263000.0,20577000.0,0.05,edgar,2025-05-07,2026-10-03,2026-10-03,0
PAYO,2025-06-30,200496000.0,19480000.0,0.05,edgar,2025-08-06,2026-10-03,2026-10-03,0
PAYO,2025-09-30,209686000.0,14123000.0,0.04,edgar,2025-11-05,2026-10-03,2026-10-03,0
PAYO,2025-12-31,216968000.0,19012000.0,0.04999999999999999,edgar,2026-02-26,2026-10-03,2026-10-03,0
PAYO,2026-03-31,208051000.0,19568000.0,0.06,edgar,2026-05-07,2026-10-03,2026-10-03,0
PAYO,2026-06-30,220331000.0,-2436000.0,-0.01,edgar,2026-08-06,2026-10-03,2026-10-03,0
PAYS,2023-09-30,12400325.0,1100604.0,0.02,edgar,2023-11-08,2026-10-03,2026-10-03,0
PAYS,2023-12-31,13689496.0,5622409.0,0.09999999999999999,edgar,2024-03-27,2026-10-03,2026-10-03,0
PAYS,2024-03-31,13190074.0,309096.0,0.01,edgar,2024-05-08,2026-10-03,2026-10-03,0
PAYS,2024-06-30,14331599.0,697102.0,0.01,edgar,2024-08-01,2026-10-03,2026-10-03,0
PAYS,2024-09-30,15256431.0,1436837.0,0.03,edgar,2024-11-06,2026-10-03,2026-10-03,0
PAYS,2024-12-31,15606448.0,1372872.0,0.020000000000000004,edgar,2025-03-26,2026-10-03,2026-10-03,0
PAYS,2025-03-31,18598149.0,2586100.0,0.05,edgar,2025-05-09,2026-10-03,2026-10-03,0
PAYS,2025-06-30,19078353.0,1387761.0,0.02,edgar,2025-08-06,2026-10-03,2026-10-03,0
PAYS,2025-09-30,21596478.0,2215135.0,0.04,edgar,2025-11-13,2026-10-03,2026-10-03,0
PAYS,2025-12-31,22755196.0,1362617.0,0.020000000000000004,edgar,2026-03-25,2026-10-03,2026-10-03,0
PAYS,2026-03-31,28038424.0,5438918.0,0.09,edgar,2026-05-13,2026-10-03,2026-10-03,0
PAYS,2026-06-30,28252071.0,6756537.0,0.11,edgar,2026-08-06,2026-10-03,2026-10-03,0
PAYX,2023-11-30,1226400000.0,,1.08,edgar,2023-12-21,2026-10-03,2026-10-03,0
PAYX,2024-02-29,1395400000.0,,1.38,edgar,2024-04-02,2026-10-03,2026-10-03,0
PAYX,2024-05-31,1256900000.0,,1.0499999999999998,edgar,2024-07-11,2026-10-03,2026-10-03,0
PAYX,2024-08-31,1281000000.0,427400000.0,1.18,edgar,2024-10-01,2026-10-03,2026-10-03,0
PAYX,2024-11-30,1280800000.0,413400000.0,1.14,edgar,2024-12-19,2026-10-03,2026-10-03,0
PAYX,2025-02-28,1466100000.0,519300000.0,1.43,edgar,2025-03-26,2026-10-03,2026-10-03,0
PAYX,2025-05-31,1382100000.0,296900000.0,0.8300000000000001,edgar,2025-07-11,2026-10-03,2026-10-03,0
PAYX,2025-08-31,1492400000.0,383800000.0,1.06,edgar,2025-09-30,2026-10-03,2026-10-03,0
PAYX,2025-11-30,1503300000.0,395400000.0,1.1,edgar,2025-12-22,2026-10-03,2026-10-03,0
PAYX,2026-02-28,1752100000.0,560300000.0,1.56,edgar,2026-03-26,2026-10-03,2026-10-03,0
PAYX,2026-05-31,1553300000.0,420500000.0,1.1699999999999995,edgar,2026-07-17,2026-10-03,2026-10-03,0
PAYX,2026-08-31,1580700000.0,429700000.0,1.21,edgar,2026-09-24,2026-10-03,2026-10-03,0
PBF,2023-09-30,10733500000.0,786400000.0,6.11,edgar,2023-11-02,2026-10-03,2026-10-03,0
PBF,2023-12-31,9138700000.0,-48400000.0,-0.33000000000000185,edgar,2024-02-15,2026-10-03,2026-10-03,0
PBF,2024-03-31,8645600000.0,106600000.0,0.86,edgar,2024-05-02,2026-10-03,2026-10-03,0
PBF,2024-06-30,8736100000.0,-65200000.0,-0.56,edgar,2024-08-01,2026-10-03,2026-10-03,0
PBF,2024-09-30,8382300000.0,-285900000.0,-2.49,edgar,2024-10-31,2026-10-03,2026-10-03,0
PBF,2024-12-31,7351300000.0,-289300000.0,-2.4099999999999993,edgar,2025-02-13,2026-10-03,2026-10-03,0
PBF,2025-03-31,7066400000.0,-401800000.0,-3.53,edgar,2025-05-01,2026-10-03,2026-10-03,0
PBF,2025-06-30,7475300000.0,-5200000.0,-0.05,edgar,2025-07-31,2026-10-03,2026-10-03,0
PBF,2025-09-30,7651100000.0,170100000.0,1.45,edgar,2025-10-30,2026-10-03,2026-10-03,0
PBF,2025-12-31,7139500000.0,78400000.0,0.74,edgar,2026-02-12,2026-10-03,2026-10-03,0
PBF,2026-03-31,7904300000.0,198300000.0,1.65,edgar,2026-04-30,2026-10-03,2026-10-03,0
PBF,2026-06-30,11678300000.0,906400000.0,7.54,edgar,2026-07-30,2026-10-03,2026-10-03,0
PBFS,2023-06-30,2884000.0,4507000.0,0.17000000000000004,edgar,2023-09-26,2026-10-03,2026-10-03,0
PBFS,2023-09-30,3479000.0,3419000.0,0.14,edgar,2023-11-14,2026-10-03,2026-10-03,0
PBFS,2023-12-31,4178000.0,3192000.0,0.13,edgar,2024-02-13,2026-10-03,2026-10-03,0
PBFS,2024-03-31,3638000.0,4719000.0,0.19,edgar,2024-05-13,2026-10-03,2026-10-03,0
PBFS,2024-06-30,3659000.0,3930000.0,0.16,edgar,2025-08-08,2026-10-03,2026-10-03,0
PBFS,2024-09-30,3820000.0,6308000.0,0.25,edgar,2024-11-12,2026-10-03,2026-10-03,0
PBFS,2025-03-31,3651000.0,5763000.0,0.23,edgar,2025-05-09,2026-10-03,2026-10-03,0
PBFS,2025-06-30,3974000.0,6451000.0,0.26,edgar,2025-08-08,2026-10-03,2026-10-03,0
PBFS,2025-09-30,3630000.0,4330000.0,0.18,edgar,2025-11-07,2026-10-03,2026-10-03,0
PBFS,2025-12-31,4559000.0,3743000.0,0.15999999999999992,edgar,2026-03-12,2026-10-03,2026-10-03,0
PBFS,2026-03-31,3842000.0,5290000.0,0.22,edgar,2026-05-11,2026-10-03,2026-10-03,0
PBFS,2026-06-30,4263000.0,3484000.0,0.14,edgar,2026-08-10,2026-10-03,2026-10-03,0
PCB,2023-09-30,690000.0,7023000.0,0.49,edgar,2023-11-08,2026-10-03,2026-10-03,0
PCB,2023-12-31,688000.0,5908000.0,0.41000000000000014,edgar,2024-03-12,2026-10-03,2026-10-03,0
PCB,2024-03-31,671000.0,4685000.0,0.33,edgar,2024-05-07,2026-10-03,2026-10-03,0
PCB,2024-06-30,605000.0,6281000.0,0.43,edgar,2024-08-08,2026-10-03,2026-10-03,0
PCB,2024-09-30,770000.0,7814000.0,0.52,edgar,2024-11-07,2026-10-03,2026-10-03,0
PCB,2024-12-31,728000.0,7030000.0,0.45999999999999996,edgar,2025-03-13,2026-10-03,2026-10-03,0
PCB,2025-03-31,666000.0,7735000.0,0.53,edgar,2025-06-09,2026-10-03,2026-10-03,0
PCB,2025-06-30,722000.0,9071000.0,0.62,edgar,2025-08-08,2026-10-03,2026-10-03,0
PCB,2025-09-30,735000.0,11412000.0,0.78,edgar,2025-11-07,2026-10-03,2026-10-03,0
PCB,2025-12-31,776000.0,9235000.0,0.6499999999999999,edgar,2026-03-16,2026-10-03,2026-10-03,0
PCB,2026-03-31,772000.0,10653000.0,0.74,edgar,2026-05-07,2026-10-03,2026-10-03,0
PCB,2026-06-30,810000.0,10507000.0,0.73,edgar,2026-08-06,2026-10-03,2026-10-03,0
PCG,2023-09-30,5888000000.0,351000000.0,0.16,edgar,2023-10-26,2026-10-03,2026-10-03,0
PCG,2023-12-31,7041000000.0,923000000.0,0.43000000000000005,edgar,2024-02-22,2026-10-03,2026-10-03,0
PCG,2024-03-31,5861000000.0,735000000.0,0.34,edgar,2024-04-25,2026-10-03,2026-10-03,0
PCG,2024-06-30,5986000000.0,524000000.0,0.24,edgar,2024-07-25,2026-10-03,2026-10-03,0
PCG,2024-09-30,5941000000.0,579000000.0,0.27,edgar,2024-11-07,2026-10-03,2026-10-03,0
PCG,2024-12-31,6631000000.0,674000000.0,0.2999999999999998,edgar,2025-02-13,2026-10-03,2026-10-03,0
PCG,2025-03-31,5983000000.0,634000000.0,0.28,edgar,2025-04-24,2026-10-03,2026-10-03,0
PCG,2025-06-30,5898000000.0,549000000.0,0.24,edgar,2025-07-31,2026-10-03,2026-10-03,0
PCG,2025-09-30,6250000000.0,850000000.0,0.37,edgar,2025-10-23,2026-10-03,2026-10-03,0
PCG,2025-12-31,6804000000.0,670000000.0,0.2899999999999999,edgar,2026-02-12,2026-10-03,2026-10-03,0
PCG,2026-03-31,6881000000.0,885000000.0,0.39,edgar,2026-04-23,2026-10-03,2026-10-03,0
PCG,2026-06-30,5902000000.0,761000000.0,0.33,edgar,2026-07-23,2026-10-03,2026-10-03,0
PEBO,2023-09-30,20386000.0,31882000.0,0.9,edgar,2023-11-02,2026-10-03,2026-10-03,0
PEBO,2023-12-31,20676000.0,33825000.0,0.96,edgar,2024-02-28,2026-10-03,2026-10-03,0
PEBO,2024-03-31,21922000.0,29584000.0,0.84,edgar,2024-05-02,2026-10-03,2026-10-03,0
PEBO,2024-06-30,20565000.0,29007000.0,0.82,edgar,2024-08-01,2026-10-03,2026-10-03,0
PEBO,2024-09-30,20438000.0,31684000.0,0.89,edgar,2024-10-31,2026-10-03,2026-10-03,0
PEBO,2024-12-31,21851000.0,26930000.0,0.7600000000000002,edgar,2025-02-27,2026-10-03,2026-10-03,0
PEBO,2025-03-31,21967000.0,24336000.0,0.68,edgar,2025-05-01,2026-10-03,2026-10-03,0
PEBO,2025-06-30,21268000.0,21212000.0,0.59,edgar,2025-07-31,2026-10-03,2026-10-03,0
PEBO,2025-09-30,21528000.0,29476000.0,0.83,edgar,2025-10-30,2026-10-03,2026-10-03,0
PEBO,2025-12-31,21959000.0,31754000.0,0.8900000000000001,edgar,2026-02-26,2026-10-03,2026-10-03,0
PEBO,2026-03-31,22363000.0,29006000.0,0.81,edgar,2026-04-30,2026-10-03,2026-10-03,0
PEBO,2026-06-30,22044000.0,27953000.0,0.78,edgar,2026-07-30,2026-10-03,2026-10-03,0
PENG,2023-08-25,316658000.0,-140844000.0,-2.6999999999999997,edgar,2023-10-20,2026-10-03,2026-10-03,0
PENG,2023-12-01,274247000.0,-19921000.0,-0.38,edgar,2024-01-09,2026-10-03,2026-10-03,0
PENG,2024-03-01,284821000.0,-13620000.0,-0.26,edgar,2024-04-09,2026-10-03,2026-10-03,0
PENG,2024-05-31,300580000.0,5616000.0,0.1,edgar,2024-07-09,2026-10-03,2026-10-03,0
PENG,2024-08-30,311148000.0,-24547000.0,-0.45999999999999996,edgar,2024-10-24,2026-10-03,2026-10-03,0
PENG,2024-11-29,341102000.0,5217000.0,0.1,edgar,2025-01-08,2026-10-03,2026-10-03,0
PENG,2025-02-28,365519000.0,8082000.0,0.09,edgar,2025-04-02,2026-10-03,2026-10-03,0
PENG,2025-05-30,324251000.0,2661000.0,-0.01,edgar,2025-07-08,2026-10-03,2026-10-03,0
PENG,2025-08-29,337922000.0,9431000.0,0.10000000000000003,edgar,2025-10-21,2026-10-03,2026-10-03,0
PENG,2025-11-28,343071000.0,5270000.0,0.04,edgar,2026-01-06,2026-10-03,2026-10-03,0
PENG,2026-02-27,342999000.0,37452000.0,0.58,edgar,2026-04-01,2026-10-03,2026-10-03,0
PENG,2026-05-29,478713000.0,44689000.0,0.68,edgar,2026-07-07,2026-10-03,2026-10-03,0
PENN,2023-09-30,1619400000.0,-724800000.0,-4.8,edgar,2023-11-02,2026-10-03,2026-10-03,0
PENN,2023-12-31,1395400000.0,-358100000.0,-1.9500000000000002,edgar,2024-02-22,2026-10-03,2026-10-03,0
PENN,2024-03-31,1606900000.0,-114700000.0,-0.76,edgar,2024-05-02,2026-10-03,2026-10-03,0
PENN,2024-06-30,1663000000.0,-26800000.0,-0.18,edgar,2024-08-08,2026-10-03,2026-10-03,0
PENN,2024-09-30,1639200000.0,-36700000.0,-0.24,edgar,2024-11-07,2026-10-03,2026-10-03,0
PENN,2024-12-31,1669000000.0,-133300000.0,-0.8699999999999999,edgar,2025-02-27,2026-10-03,2026-10-03,0
PENN,2025-03-31,1672500000.0,111800000.0,0.68,edgar,2025-05-12,2026-10-03,2026-10-03,0
PENN,2025-06-30,1765000000.0,-17400000.0,-0.12,edgar,2025-08-07,2026-10-03,2026-10-03,0
PENN,2025-09-30,1717300000.0,-864600000.0,-6.03,edgar,2025-11-06,2026-10-03,2026-10-03,0
PENN,2025-12-31,1806200000.0,-72900000.0,-0.35999999999999943,edgar,2026-02-26,2026-10-03,2026-10-03,0
PENN,2026-03-31,1779100000.0,-2300000.0,-0.02,edgar,2026-04-29,2026-10-03,2026-10-03,0
PENN,2026-06-30,1857400000.0,33100000.0,0.24,edgar,2026-08-06,2026-10-03,2026-10-03,0
PESI,2023-09-30,21877000.0,341000.0,0.02,edgar,2023-11-02,2026-10-03,2026-10-03,0
PESI,2023-12-31,22719000.0,81000.0,0.02,edgar,2024-03-13,2026-10-03,2026-10-03,0
PESI,2024-03-31,13617000.0,-3560000.0,-0.26,edgar,2024-05-09,2026-10-03,2026-10-03,0
PESI,2024-06-30,13986000.0,-3951000.0,-0.27,edgar,2024-08-08,2026-10-03,2026-10-03,0
PESI,2024-09-30,16812000.0,-8979000.0,-0.57,edgar,2024-11-13,2026-10-03,2026-10-03,0
PESI,2024-12-31,14702000.0,-3489000.0,-0.22999999999999998,edgar,2025-03-13,2026-10-03,2026-10-03,0
PESI,2025-03-31,13919000.0,-3573000.0,-0.19,edgar,2025-05-08,2026-10-03,2026-10-03,0
PESI,2025-06-30,14586000.0,-2716000.0,-0.15,edgar,2025-08-07,2026-10-03,2026-10-03,0
PESI,2025-09-30,17454000.0,-1835000.0,-0.1,edgar,2025-11-10,2026-10-03,2026-10-03,0
PESI,2025-12-31,15715000.0,-5660000.0,-0.31,edgar,2026-03-24,2026-10-03,2026-10-03,0
PESI,2026-03-31,11126000.0,-7487000.0,-0.4,edgar,2026-05-07,2026-10-03,2026-10-03,0
PESI,2026-06-30,12885000.0,-6200000.0,-0.32,edgar,2026-08-12,2026-10-03,2026-10-03,0
PFG,2023-06-30,3557300000.0,388800000.0,1.58,edgar,2023-08-02,2026-10-03,2026-10-03,0
PFG,2023-09-30,4598700000.0,1246200000.0,5.1,edgar,2023-11-01,2026-10-03,2026-10-03,0
PFG,2023-12-31,2690800000.0,-824800000.0,-3.55,edgar,2024-02-20,2026-10-03,2026-10-03,0
PFG,2024-03-31,4053300000.0,532500000.0,2.22,edgar,2024-05-01,2026-10-03,2026-10-03,0
PFG,2024-06-30,4310800000.0,353100000.0,1.49,edgar,2024-07-31,2026-10-03,2026-10-03,0
PFG,2024-09-30,3011600000.0,-220000000.0,-0.95,edgar,2024-10-30,2026-10-03,2026-10-03,0
PFG,2024-12-31,4752000000.0,932300000.0,3.9199999999999995,edgar,2025-02-19,2026-10-03,2026-10-03,0
PFG,2025-03-31,3695900000.0,48100000.0,0.21,edgar,2025-04-30,2026-10-03,2026-10-03,0
PFG,2025-06-30,3671300000.0,406200000.0,1.79,edgar,2025-07-30,2026-10-03,2026-10-03,0
PFG,2025-09-30,3681600000.0,213800000.0,0.95,edgar,2025-10-29,2026-10-03,2026-10-03,0
PFG,2025-12-31,4576700000.0,587400000.0,2.3,edgar,2026-02-18,2026-10-03,2026-10-03,0
PFG,2026-03-31,3529100000.0,424600000.0,1.93,edgar,2026-04-29,2026-10-03,2026-10-03,0
PFGC,2023-09-30,14938600000.0,120700000.0,0.77,edgar,2023-11-08,2026-10-03,2026-10-03,0
PFGC,2023-12-30,14295700000.0,78300000.0,0.5,edgar,2024-02-07,2026-10-03,2026-10-03,0
PFGC,2024-03-30,13857700000.0,70400000.0,0.45,edgar,2024-05-08,2026-10-03,2026-10-03,0
PFGC,2024-06-29,15189200000.0,166500000.0,1.07,edgar,2024-08-14,2026-10-03,2026-10-03,0
PFGC,2024-09-28,15415500000.0,108000000.0,0.69,edgar,2024-11-06,2026-10-03,2026-10-03,0
PFGC,2024-12-28,15638200000.0,42400000.0,0.27,edgar,2025-02-05,2026-10-03,2026-10-03,0
PFGC,2025-03-29,15306300000.0,58300000.0,0.37,edgar,2025-05-07,2026-10-03,2026-10-03,0
PFGC,2025-06-28,16938900000.0,131500000.0,0.8500000000000001,edgar,2025-08-13,2026-10-03,2026-10-03,0
PFGC,2025-09-27,17075900000.0,93600000.0,0.6,edgar,2025-11-05,2026-10-03,2026-10-03,0
PFGC,2025-12-27,16444700000.0,61700000.0,0.39,edgar,2026-02-04,2026-10-03,2026-10-03,0
PFGC,2026-03-28,16290000000.0,41700000.0,0.27,edgar,2026-05-06,2026-10-03,2026-10-03,0
PFGC,2026-06-27,18028900000.0,162300000.0,1.03,edgar,2026-08-12,2026-10-03,2026-10-03,0
PGEN,2021-09-30,3333000.0,-29764000.0,-0.15,edgar,2021-11-08,2026-10-03,2026-10-03,0
PGEN,2021-12-31,-17392000.0,-25068000.0,-0.13,edgar,2022-03-01,2026-10-03,2026-10-03,0
PGEN,2022-03-31,5513000.0,-19251000.0,-0.1,edgar,2022-05-09,2026-10-03,2026-10-03,0
PGEN,2022-06-30,2911000.0,-17635000.0,-0.09,edgar,2022-08-08,2026-10-03,2026-10-03,0
PGEN,2022-09-30,16722000.0,87379000.0,0.44,edgar,2022-11-09,2026-10-03,2026-10-03,0
PGEN,2022-12-31,1763000.0,-22193000.0,-0.10999999999999999,edgar,2023-03-06,2026-10-03,2026-10-03,0
PGEN,2023-03-31,1851000.0,-22734000.0,-0.1,edgar,2023-05-10,2026-10-03,2026-10-03,0
PGEN,2023-06-30,1767000.0,-20319000.0,-0.08,edgar,2023-08-09,2026-10-03,2026-10-03,0
PGEN,2025-03-31,1341000.0,-54153000.0,-0.18,edgar,2026-05-13,2026-10-03,2026-10-03,0
PGEN,2025-06-30,856000.0,-26642000.0,-0.09,edgar,2026-08-04,2026-10-03,2026-10-03,0
PGEN,2026-03-31,23252000.0,-7929000.0,-0.02,edgar,2026-05-13,2026-10-03,2026-10-03,0
PGEN,2026-06-30,54978000.0,20071000.0,0.05,edgar,2026-08-04,2026-10-03,2026-10-03,0
PKE,2023-08-27,12481000.0,1746000.0,0.09,edgar,2023-10-06,2026-10-03,2026-10-03,0
PKE,2023-11-26,11639000.0,1203000.0,0.06,edgar,2024-01-10,2026-10-03,2026-10-03,0
PKE,2024-03-03,16333000.0,2670000.0,0.13,edgar,2024-06-11,2026-10-03,2026-10-03,0
PKE,2024-06-02,13970000.0,993000.0,0.05,edgar,2024-07-17,2026-10-03,2026-10-03,0
PKE,2024-09-01,16709000.0,2066000.0,0.1,edgar,2024-10-16,2026-10-03,2026-10-03,0
PKE,2024-12-01,14408000.0,1577000.0,0.08,edgar,2025-01-15,2026-10-03,2026-10-03,0
PKE,2025-03-02,16939000.0,-4630118.0,0.05999999999999997,edgar,2025-05-30,2026-10-03,2026-10-03,0
PKE,2025-06-01,15400000.0,2080000.0,0.1,edgar,2025-07-16,2026-10-03,2026-10-03,0
PKE,2025-08-31,16381000.0,2404000.0,0.12,edgar,2025-10-14,2026-10-03,2026-10-03,0
PKE,2025-11-30,17333000.0,2950000.0,0.15,edgar,2026-01-13,2026-10-03,2026-10-03,0
PKE,2026-03-01,24187000.0,-7422728.0,0.19000000000000006,edgar,2026-05-29,2026-10-03,2026-10-03,0
PKE,2026-05-31,18312000.0,3533000.0,0.17,edgar,2026-07-20,2026-10-03,2026-10-03,0
PKOH,2023-09-30,418800000.0,11100000.0,0.88,edgar,2023-11-02,2026-10-03,2026-10-03,0
PKOH,2023-12-31,389300000.0,-14500000.0,-1.1600000000000001,edgar,2024-03-06,2026-10-03,2026-10-03,0
PKOH,2024-03-31,417600000.0,9600000.0,0.75,edgar,2024-04-30,2026-10-03,2026-10-03,0
PKOH,2024-06-30,432600000.0,11900000.0,0.92,edgar,2024-08-08,2026-10-03,2026-10-03,0
PKOH,2024-09-30,417600000.0,9800000.0,0.73,edgar,2024-11-07,2026-10-03,2026-10-03,0
PKOH,2024-12-31,388400000.0,500000.0,0.0,edgar,2025-03-06,2026-10-03,2026-10-03,0
PKOH,2025-03-31,405400000.0,8300000.0,0.6,edgar,2025-05-07,2026-10-03,2026-10-03,0
PKOH,2025-06-30,400100000.0,9200000.0,0.66,edgar,2025-08-07,2026-10-03,2026-10-03,0
PKOH,2025-09-30,398600000.0,5300000.0,0.38,edgar,2025-11-06,2026-10-03,2026-10-03,0
PKOH,2025-12-31,395000000.0,1000000.0,0.05999999999999983,edgar,2026-03-05,2026-10-03,2026-10-03,0
PKOH,2026-03-31,421000000.0,8100000.0,0.57,edgar,2026-05-07,2026-10-03,2026-10-03,0
PKOH,2026-06-30,440100000.0,12100000.0,0.86,edgar,2026-08-06,2026-10-03,2026-10-03,0
PLGO,2023-09-30,537500000.0,87700000.0,0.74,edgar,2024-11-12,2026-10-03,2026-10-03,0
PLGO,2023-12-31,553700000.0,228300000.0,1.509999999999998,edgar,2024-03-15,2026-10-03,2026-10-03,0
PLGO,2024-03-31,520000000.0,81200000.0,0.69,edgar,2024-05-09,2026-10-03,2026-10-03,0
PLGO,2024-06-30,540100000.0,53700000.0,0.46,edgar,2024-08-14,2026-10-03,2026-10-03,0
PLGO,2024-09-30,686100000.0,100600000.0,0.88,edgar,2024-11-12,2026-10-03,2026-10-03,0
PLGO,2024-12-31,673800000.0,-122200000.0,-1.0499999999999998,edgar,2025-03-11,2026-10-03,2026-10-03,0
PLGO,2025-03-31,658400000.0,-42500000.0,-0.38,edgar,2025-05-15,2026-10-03,2026-10-03,0
PLGO,2025-06-30,589300000.0,19700000.0,0.18,edgar,2025-08-13,2026-10-03,2026-10-03,0
PLGO,2025-09-30,651900000.0,130500000.0,1.24,edgar,2025-11-12,2026-10-03,2026-10-03,0
PLGO,2025-12-31,600900000.0,,1.0699999999999998,edgar,2026-03-05,2026-10-03,2026-10-03,0
PLGO,2026-03-31,610600000.0,108000000.0,1.15,edgar,2026-05-13,2026-10-03,2026-10-03,0
PLGO,2026-06-30,650000000.0,44400000.0,0.52,edgar,2026-08-12,2026-10-03,2026-10-03,0
PLMR,2023-09-30,90935000.0,18432000.0,0.73,edgar,2023-11-02,2026-10-03,2026-10-03,0
PLMR,2023-12-31,105393000.0,25894000.0,1.0299999999999998,edgar,2024-02-23,2026-10-03,2026-10-03,0
PLMR,2024-03-31,118535000.0,26382000.0,1.04,edgar,2024-05-03,2026-10-03,2026-10-03,0
PLMR,2024-06-30,131069000.0,25729000.0,1.0,edgar,2024-08-06,2026-10-03,2026-10-03,0
PLMR,2024-09-30,148503000.0,30497000.0,1.15,edgar,2024-11-06,2026-10-03,2026-10-03,0
PLMR,2024-12-31,155756000.0,34965000.0,1.2900000000000005,edgar,2025-02-25,2026-10-03,2026-10-03,0
PLMR,2025-03-31,174633000.0,42922000.0,1.57,edgar,2025-05-06,2026-10-03,2026-10-03,0
PLMR,2025-06-30,203311000.0,46528000.0,1.68,edgar,2025-08-05,2026-10-03,2026-10-03,0
PLMR,2025-09-30,244660000.0,51455000.0,1.87,edgar,2025-11-07,2026-10-03,2026-10-03,0
PLMR,2025-12-31,253363000.0,56165000.0,2.05,edgar,2026-02-24,2026-10-03,2026-10-03,0
PLMR,2026-03-31,278938000.0,42947000.0,1.57,edgar,2026-05-08,2026-10-03,2026-10-03,0
PLMR,2026-06-30,314423000.0,52592000.0,1.94,edgar,2026-08-05,2026-10-03,2026-10-03,0
PLSE,2023-09-30,0.0,-10566000.0,-0.19,edgar,2023-11-13,2026-10-03,2026-10-03,0
PLSE,2023-12-31,0.0,-11933000.0,-0.17999999999999994,edgar,2024-03-28,2026-10-03,2026-10-03,0
PLSE,2024-03-31,0.0,-10137000.0,-0.18,edgar,2024-05-07,2026-10-03,2026-10-03,0
PLSE,2024-06-30,0.0,-11383000.0,-0.2,edgar,2024-08-19,2026-10-03,2026-10-03,0
PLSE,2024-09-30,0.0,-12680000.0,-0.21,edgar,2024-10-30,2026-10-03,2026-10-03,0
PLSE,2024-12-31,0.0,-19385000.0,-0.33000000000000007,edgar,2025-03-31,2026-10-03,2026-10-03,0
PLSE,2025-03-31,0.0,-16795000.0,-0.25,edgar,2025-05-08,2026-10-03,2026-10-03,0
PLSE,2025-06-30,0.0,-19168000.0,-0.28,edgar,2025-08-12,2026-10-03,2026-10-03,0
PLSE,2025-09-30,86000.0,-19385000.0,-0.29,edgar,2025-11-05,2026-10-03,2026-10-03,0
PLSE,2025-12-31,264000.0,-17433000.0,-0.26,edgar,2026-02-19,2026-10-03,2026-10-03,0
PLSE,2026-03-31,401000.0,-18581000.0,-0.27,edgar,2026-05-14,2026-10-03,2026-10-03,0
PLSE,2026-06-30,434000.0,-24657000.0,-0.36,edgar,2026-08-06,2026-10-03,2026-10-03,0
PM,2023-09-30,9141000000.0,2054000000.0,1.32,edgar,2023-10-26,2026-10-03,2026-10-03,0
PM,2023-12-31,9047000000.0,2196000000.0,1.4099999999999993,edgar,2024-02-08,2026-10-03,2026-10-03,0
PM,2024-03-31,8793000000.0,2148000000.0,1.38,edgar,2024-04-26,2026-10-03,2026-10-03,0
PM,2024-06-30,9468000000.0,2406000000.0,1.54,edgar,2024-07-25,2026-10-03,2026-10-03,0
PM,2024-09-30,9911000000.0,3082000000.0,1.97,edgar,2024-10-24,2026-10-03,2026-10-03,0
PM,2024-12-31,9706000000.0,-579000000.0,-0.3700000000000001,edgar,2025-02-06,2026-10-03,2026-10-03,0
PM,2025-03-31,9301000000.0,2690000000.0,1.72,edgar,2025-04-24,2026-10-03,2026-10-03,0
PM,2025-06-30,10140000000.0,3039000000.0,1.95,edgar,2025-07-25,2026-10-03,2026-10-03,0
PM,2025-09-30,10845000000.0,3478000000.0,2.23,edgar,2025-10-24,2026-10-03,2026-10-03,0
PM,2025-12-31,10362000000.0,2141000000.0,1.3599999999999994,edgar,2026-02-06,2026-10-03,2026-10-03,0
PM,2026-03-31,10146000000.0,2438000000.0,1.56,edgar,2026-04-24,2026-10-03,2026-10-03,0
PM,2026-06-30,11192000000.0,2817000000.0,1.8,edgar,2026-07-24,2026-10-03,2026-10-03,0
PMTS,2023-09-30,105863000.0,3857000.0,0.33,edgar,2023-11-07,2026-10-03,2026-10-03,0
PMTS,2023-12-31,102872000.0,2732000.0,0.21999999999999975,edgar,2024-03-07,2026-10-03,2026-10-03,0
PMTS,2024-03-31,111936000.0,5455000.0,0.46,edgar,2024-05-07,2026-10-03,2026-10-03,0
PMTS,2024-06-30,118818000.0,6001000.0,0.51,edgar,2024-08-05,2026-10-03,2026-10-03,0
PMTS,2024-09-30,124751000.0,1293000.0,0.11,edgar,2024-11-05,2026-10-03,2026-10-03,0
PMTS,2024-12-31,125096000.0,6772000.0,0.5599999999999998,edgar,2025-03-04,2026-10-03,2026-10-03,0
PMTS,2025-03-31,122761000.0,4774000.0,0.4,edgar,2025-05-07,2026-10-03,2026-10-03,0
PMTS,2025-06-30,129753000.0,518000.0,0.04,edgar,2025-08-08,2026-10-03,2026-10-03,0
PMTS,2025-09-30,137966000.0,2308000.0,0.19,edgar,2025-11-04,2026-10-03,2026-10-03,0
PMTS,2025-12-31,153054000.0,7350000.0,0.62,edgar,2026-03-05,2026-10-03,2026-10-03,0
PMTS,2026-03-31,147108000.0,2056000.0,0.17,edgar,2026-05-05,2026-10-03,2026-10-03,0
PMTS,2026-06-30,149181000.0,2040000.0,0.17,edgar,2026-08-06,2026-10-03,2026-10-03,0
PMTU,2017-03-31,64474000.0,28737000.0,0.4,edgar,2017-05-09,2026-10-03,2026-10-03,0
PMTU,2017-06-30,83959000.0,28780000.0,0.38,edgar,2017-08-08,2026-10-03,2026-10-03,0
PMTU,2017-09-30,75804000.0,19395000.0,0.2,edgar,2017-11-08,2026-10-03,2026-10-03,0
PMTU,2017-12-31,93703000.0,40838000.0,0.5,edgar,2018-03-01,2026-10-03,2026-10-03,0
PMTU,2018-03-31,75673000.0,28186000.0,0.35,edgar,2018-05-07,2026-10-03,2026-10-03,0
PMTU,2018-06-30,82991000.0,36425000.0,0.47,edgar,2018-08-07,2026-10-03,2026-10-03,0
PMTU,2018-09-30,108501000.0,46562000.0,0.62,edgar,2018-11-07,2026-10-03,2026-10-03,0
PMTU,2018-12-31,83902000.0,41625000.0,0.55,edgar,2019-02-26,2026-10-03,2026-10-03,0
PMTU,2019-03-31,106618000.0,53527000.0,0.68,edgar,2019-05-03,2026-10-03,2026-10-03,0
PMTU,2019-06-30,96401000.0,44233000.0,0.5,edgar,2020-02-21,2026-10-03,2026-10-03,0
PMTU,2019-09-30,130760000.0,70000000.0,0.71,edgar,2020-02-21,2026-10-03,2026-10-03,0
PMTU,2019-12-31,155036000.0,58597000.0,0.55,edgar,2020-02-21,2026-10-03,2026-10-03,0
PNRG,2023-09-30,37575000.0,10720000.0,4.13,edgar,2023-11-17,2026-10-03,2026-10-03,0
PNRG,2023-12-31,36701000.0,5883000.0,2.289999999999999,edgar,2024-04-15,2026-10-03,2026-10-03,0
PNRG,2024-03-31,42990000.0,11319000.0,4.41,edgar,2024-05-17,2026-10-03,2026-10-03,0
PNRG,2024-06-30,64825000.0,19732000.0,7.77,edgar,2024-08-14,2026-10-03,2026-10-03,0
PNRG,2024-09-30,69455000.0,22076000.0,8.8,edgar,2024-11-14,2026-10-03,2026-10-03,0
PNRG,2024-12-31,60526000.0,2277000.0,0.9699999999999989,edgar,2025-04-15,2026-10-03,2026-10-03,0
PNRG,2025-03-31,50056000.0,9134000.0,3.72,edgar,2025-05-19,2026-10-03,2026-10-03,0
PNRG,2025-06-30,41983000.0,3228000.0,1.33,edgar,2025-08-19,2026-10-03,2026-10-03,0
PNRG,2025-09-30,45970000.0,10563000.0,4.38,edgar,2025-11-19,2026-10-03,2026-10-03,0
PNRG,2025-12-31,51043000.0,3387000.0,1.4299999999999997,edgar,2026-04-16,2026-10-03,2026-10-03,0
PNRG,2026-03-31,39404000.0,4339000.0,1.82,edgar,2026-05-20,2026-10-03,2026-10-03,0
PNRG,2026-06-30,42474000.0,6529000.0,2.75,edgar,2026-08-14,2026-10-03,2026-10-03,0
PNTG,2023-09-30,140192000.0,4383000.0,0.15,edgar,2023-11-07,2026-10-03,2026-10-03,0
PNTG,2023-12-31,145954000.0,4349000.0,0.14,edgar,2024-02-28,2026-10-03,2026-10-03,0
PNTG,2024-03-31,156915000.0,4906000.0,0.16,edgar,2024-05-06,2026-10-03,2026-10-03,0
PNTG,2024-06-30,168745000.0,5690000.0,0.18,edgar,2024-08-06,2026-10-03,2026-10-03,0
PNTG,2024-09-30,180688000.0,6205000.0,0.2,edgar,2024-11-06,2026-10-03,2026-10-03,0
PNTG,2024-12-31,188892000.0,5758000.0,0.15999999999999992,edgar,2025-02-27,2026-10-03,2026-10-03,0
PNTG,2025-03-31,209842000.0,7775000.0,0.22,edgar,2025-05-06,2026-10-03,2026-10-03,0
PNTG,2025-06-30,219501000.0,7085000.0,0.2,edgar,2025-08-06,2026-10-03,2026-10-03,0
PNTG,2025-09-30,229039000.0,6081000.0,0.17,edgar,2025-11-05,2026-10-03,2026-10-03,0
PNTG,2025-12-31,289323000.0,8637000.0,0.2499999999999999,edgar,2026-02-26,2026-10-03,2026-10-03,0
PNTG,2026-03-31,285364000.0,8519000.0,0.24,edgar,2026-05-06,2026-10-03,2026-10-03,0
PNTG,2026-06-30,297984000.0,9082000.0,0.25,edgar,2026-08-05,2026-10-03,2026-10-03,0
PR,2023-09-30,758541000.0,45433000.0,0.13,edgar,2023-11-08,2026-10-03,2026-10-03,0
PR,2023-12-31,1122686000.0,-220072297.0,0.59,edgar,2024-02-29,2026-10-03,2026-10-03,0
PR,2024-03-31,1242999000.0,146575000.0,0.25,edgar,2024-05-08,2026-10-03,2026-10-03,0
PR,2024-06-30,1246083000.0,235100000.0,0.36,edgar,2024-08-07,2026-10-03,2026-10-03,0
PR,2024-09-30,1215571000.0,386376000.0,0.53,edgar,2024-11-07,2026-10-03,2026-10-03,0
PR,2024-12-31,1296081000.0,-766800491.0,0.30999999999999983,edgar,2025-02-26,2026-10-03,2026-10-03,0
PR,2025-03-31,1376451000.0,329298000.0,0.44,edgar,2025-05-08,2026-10-03,2026-10-03,0
PR,2025-06-30,1197596000.0,207137000.0,0.28,edgar,2025-08-07,2026-10-03,2026-10-03,0
PR,2025-09-30,1321796000.0,59234000.0,0.08,edgar,2025-11-06,2026-10-03,2026-10-03,0
PR,2025-12-31,1169368000.0,-594570064.0,0.48,edgar,2026-02-26,2026-10-03,2026-10-03,0
PR,2026-03-31,1388146000.0,43620000.0,0.05,edgar,2026-05-07,2026-10-03,2026-10-03,0
PR,2026-06-30,1858035000.0,792464000.0,0.93,edgar,2026-08-06,2026-10-03,2026-10-03,0
PRAA,2023-09-30,216430000.0,-12262000.0,-0.31,edgar,2023-11-07,2026-10-03,2026-10-03,0
PRAA,2023-12-31,221418000.0,-8305000.0,-0.21999999999999997,edgar,2024-02-29,2026-10-03,2026-10-03,0
PRAA,2024-03-31,255586000.0,3475000.0,0.09,edgar,2024-05-08,2026-10-03,2026-10-03,0
PRAA,2024-06-30,284229000.0,21516000.0,0.54,edgar,2024-08-07,2026-10-03,2026-10-03,0
PRAA,2024-09-30,281477000.0,27154000.0,0.69,edgar,2024-11-08,2026-10-03,2026-10-03,0
PRAA,2024-12-31,293232000.0,18855000.0,0.47,edgar,2025-02-27,2026-10-03,2026-10-03,0
PRAA,2025-03-31,269619000.0,3659000.0,0.09,edgar,2025-05-09,2026-10-03,2026-10-03,0
PRAA,2025-06-30,287688000.0,42374000.0,1.08,edgar,2025-08-06,2026-10-03,2026-10-03,0
PRAA,2025-09-30,311140000.0,-407703000.0,-10.43,edgar,2025-11-10,2026-10-03,2026-10-03,0
PRAA,2025-12-31,333390000.0,56670000.0,1.4699999999999998,edgar,2026-03-02,2026-10-03,2026-10-03,0
PRAA,2026-03-31,314533000.0,28210000.0,0.73,edgar,2026-05-08,2026-10-03,2026-10-03,0
PRAA,2026-06-30,372174000.0,57917000.0,1.51,edgar,2026-08-07,2026-10-03,2026-10-03,0
PRAX,2023-03-31,683000.0,-37455000.0,-10.58,edgar,2023-05-11,2026-10-03,2026-10-03,0
PRAX,2023-06-30,781000.0,-34312000.0,-7.38,edgar,2023-08-09,2026-10-03,2026-10-03,0
PRAX,2023-09-30,468000.0,-24632000.0,-2.72,edgar,2023-11-07,2026-10-03,2026-10-03,0
PRAX,2023-12-31,515000.0,-26878000.0,1.9899999999999984,edgar,2024-03-05,2026-10-03,2026-10-03,0
PRAX,2024-03-31,431000.0,-39553000.0,-2.84,edgar,2024-05-13,2026-10-03,2026-10-03,0
PRAX,2024-06-30,357000.0,-32677000.0,-1.74,edgar,2024-08-13,2026-10-03,2026-10-03,0
PRAX,2024-09-30,302000.0,-51910000.0,-2.75,edgar,2024-11-06,2026-10-03,2026-10-03,0
PRAX,2024-12-31,7463000.0,-58679000.0,-2.880000000000001,edgar,2025-02-28,2026-10-03,2026-10-03,0
PRAX,2025-03-31,0.0,-69296000.0,-3.29,edgar,2025-05-02,2026-10-03,2026-10-03,0
PRAX,2025-06-30,0.0,-71127000.0,-3.31,edgar,2025-08-04,2026-10-03,2026-10-03,0
PRAX,2025-09-30,0.0,-73934000.0,-3.36,edgar,2025-11-05,2026-10-03,2026-10-03,0
PRAX,2025-12-31,0.0,-88643000.0,-3.5199999999999996,edgar,2026-02-19,2026-10-03,2026-10-03,0
PRCH,2023-09-30,129556000.0,-5744000.0,-0.06,edgar,2023-11-07,2026-10-03,2026-10-03,0
PRCH,2023-12-31,114612000.0,-2486000.0,-0.010000000000000009,edgar,2025-02-25,2026-10-03,2026-10-03,0
PRCH,2024-03-31,84416000.0,-13362000.0,-0.14,edgar,2025-05-08,2026-10-03,2026-10-03,0
PRCH,2024-06-30,75865000.0,-64323000.0,-0.65,edgar,2025-08-05,2026-10-03,2026-10-03,0
PRCH,2024-09-30,77692000.0,14382000.0,0.12,edgar,2025-11-06,2026-10-03,2026-10-03,0
PRCH,2024-12-31,75302000.0,30474000.0,0.34,edgar,2025-02-25,2026-10-03,2026-10-03,0
PRCH,2025-03-31,84546000.0,8395000.0,0.07,edgar,2025-05-08,2026-10-03,2026-10-03,0
PRCH,2025-06-30,107018000.0,2579000.0,0.0,edgar,2025-08-05,2026-10-03,2026-10-03,0
PRCH,2025-09-30,115074000.0,-10857000.0,-0.1,edgar,2025-11-06,2026-10-03,2026-10-03,0
PRCH,2025-12-31,112253000.0,-3478000.0,0.0,edgar,2026-02-20,2026-10-03,2026-10-03,0
PRCH,2026-03-31,109438000.0,-4713000.0,-0.04,edgar,2026-04-28,2026-10-03,2026-10-03,0
PRCH,2026-06-30,131812000.0,5603000.0,0.05,edgar,2026-07-29,2026-10-03,2026-10-03,0
PRGS,2023-11-30,176970000.0,15335000.0,0.3500000000000001,edgar,2024-01-26,2026-10-03,2026-10-03,0
PRGS,2024-02-29,184685000.0,22639000.0,0.51,edgar,2024-04-08,2026-10-03,2026-10-03,0
PRGS,2024-05-31,175077000.0,16188000.0,0.37,edgar,2024-07-08,2026-10-03,2026-10-03,0
PRGS,2024-08-31,178686000.0,28464000.0,0.65,edgar,2024-10-08,2026-10-03,2026-10-03,0
PRGS,2024-11-30,214961000.0,1147000.0,0.010000000000000009,edgar,2025-01-21,2026-10-03,2026-10-03,0
PRGS,2025-02-28,238015000.0,10946000.0,0.24,edgar,2025-03-31,2026-10-03,2026-10-03,0
PRGS,2025-05-31,237355000.0,17029000.0,0.39,edgar,2025-06-30,2026-10-03,2026-10-03,0
PRGS,2025-08-31,249795000.0,19413000.0,0.44,edgar,2025-09-29,2026-10-03,2026-10-03,0
PRGS,2025-11-30,252666000.0,25745000.0,0.5899999999999999,edgar,2026-01-20,2026-10-03,2026-10-03,0
PRGS,2026-02-28,247799000.0,22813000.0,0.53,edgar,2026-03-31,2026-10-03,2026-10-03,0
PRGS,2026-05-31,253465000.0,21073000.0,0.5,edgar,2026-06-30,2026-10-03,2026-10-03,0
PRGS,2026-08-31,246005000.0,22776000.0,0.55,edgar,2026-09-30,2026-10-03,2026-10-03,0
PRK,2024-03-31,152840000.0,35204000.0,2.17,edgar,2025-05-02,2026-10-03,2026-10-03,0
PRK,2024-06-30,157698000.0,39369000.0,2.42,edgar,2025-08-04,2026-10-03,2026-10-03,0
PRK,2024-09-30,170338000.0,38217000.0,2.35,edgar,2025-11-03,2026-10-03,2026-10-03,0
PRK,2024-12-31,164677000.0,38630000.0,2.380000000000001,edgar,2025-02-24,2026-10-03,2026-10-03,0
PRK,2025-03-31,157946000.0,42157000.0,2.6,edgar,2025-05-02,2026-10-03,2026-10-03,0
PRK,2025-06-30,168682000.0,48119000.0,2.97,edgar,2025-08-04,2026-10-03,2026-10-03,0
PRK,2025-09-30,169526000.0,47158000.0,2.92,edgar,2025-11-03,2026-10-03,2026-10-03,0
PRK,2025-12-31,168267000.0,42639000.0,2.619999999999999,edgar,2026-02-23,2026-10-03,2026-10-03,0
PRK,2026-03-31,188505000.0,41687000.0,2.39,edgar,2026-05-11,2026-10-03,2026-10-03,0
PRK,2026-06-30,211867000.0,58752000.0,3.23,edgar,2026-08-07,2026-10-03,2026-10-03,0
PRLB,2023-09-30,130705000.0,7954000.0,0.31,edgar,2023-11-03,2026-10-03,2026-10-03,0
PRLB,2023-12-31,125048000.0,6990000.0,0.26,edgar,2024-02-16,2026-10-03,2026-10-03,0
PRLB,2024-03-31,127890000.0,5268000.0,0.2,edgar,2024-05-03,2026-10-03,2026-10-03,0
PRLB,2024-06-30,125631000.0,4540000.0,0.18,edgar,2024-08-02,2026-10-03,2026-10-03,0
PRLB,2024-09-30,125619000.0,7189000.0,0.29,edgar,2024-11-07,2026-10-03,2026-10-03,0
PRLB,2024-12-31,121750000.0,-404000.0,-0.009999999999999898,edgar,2025-02-21,2026-10-03,2026-10-03,0
PRLB,2025-03-31,126205000.0,3599000.0,0.15,edgar,2025-05-02,2026-10-03,2026-10-03,0
PRLB,2025-06-30,135063000.0,4427000.0,0.18,edgar,2025-07-31,2026-10-03,2026-10-03,0
PRLB,2025-09-30,135366000.0,7216000.0,0.3,edgar,2025-10-31,2026-10-03,2026-10-03,0
PRLB,2025-12-31,136493000.0,5999000.0,0.25,edgar,2026-02-20,2026-10-03,2026-10-03,0
PRLB,2026-03-31,139336000.0,8111000.0,0.33,edgar,2026-05-01,2026-10-03,2026-10-03,0
PRLB,2026-06-30,149341000.0,9152000.0,0.37,edgar,2026-07-31,2026-10-03,2026-10-03,0
PRLD,2024-09-30,3000000.0,-32271000.0,-0.43,edgar,2024-11-06,2026-10-03,2026-10-03,0
PRLD,2025-03-31,0.0,-32085000.0,-0.42,edgar,2026-05-12,2026-10-03,2026-10-03,0
PRLD,2025-06-30,0.0,-31231000.0,-0.41,edgar,2026-08-11,2026-10-03,2026-10-03,0
PRLD,2025-09-30,6500000.0,-19725000.0,-0.26,edgar,2025-11-12,2026-10-03,2026-10-03,0
PRLD,2025-12-31,5640000.0,-16459000.0,-0.20000000000000018,edgar,2026-03-10,2026-10-03,2026-10-03,0
PRLD,2026-03-31,4580000.0,-10385000.0,-0.13,edgar,2026-05-12,2026-10-03,2026-10-03,0
PRLD,2026-06-30,5704000.0,-13921000.0,-0.14,edgar,2026-08-11,2026-10-03,2026-10-03,0
PRSU,2023-09-30,365899000.0,41271000.0,1.41,edgar,2023-11-03,2026-10-03,2026-10-03,0
PRSU,2023-12-31,-596716000.0,-15363000.0,-0.3399999999999999,edgar,2024-03-01,2026-10-03,2026-10-03,0
PRSU,2024-03-31,37231000.0,-25117000.0,-1.29,edgar,2024-05-03,2026-10-03,2026-10-03,0
PRSU,2024-06-30,101201000.0,29311000.0,0.98,edgar,2024-08-07,2026-10-03,2026-10-03,0
PRSU,2024-09-30,182257000.0,48615000.0,1.65,edgar,2024-11-07,2026-10-03,2026-10-03,0
PRSU,2024-12-31,45799000.0,315691000.0,11.5,edgar,2025-03-17,2026-10-03,2026-10-03,0
PRSU,2025-03-31,37579000.0,-31136000.0,-1.11,edgar,2025-05-09,2026-10-03,2026-10-03,0
PRSU,2025-06-30,116743000.0,5646000.0,0.2,edgar,2025-08-07,2026-10-03,2026-10-03,0
PRSU,2025-09-30,241022000.0,73853000.0,2.6,edgar,2025-11-06,2026-10-03,2026-10-03,0
PRSU,2025-12-31,57073000.0,-25663000.0,-0.8899999999999999,edgar,2026-02-25,2026-10-03,2026-10-03,0
PRSU,2026-03-31,51642000.0,-24938000.0,-0.9,edgar,2026-05-06,2026-10-03,2026-10-03,0
PRSU,2026-06-30,133493000.0,15172000.0,0.54,edgar,2026-08-05,2026-10-03,2026-10-03,0
PRTH,2023-09-30,189015000.0,-87000.0,-0.16,edgar,2023-11-09,2026-10-03,2026-10-03,0
PRTH,2023-12-31,199279000.0,-106000.0,-0.16000000000000003,edgar,2024-03-12,2026-10-03,2026-10-03,0
PRTH,2024-03-31,205719000.0,5193000.0,-0.1,edgar,2024-05-09,2026-10-03,2026-10-03,0
PRTH,2024-06-30,219867000.0,994000.0,-0.23,edgar,2024-08-08,2026-10-03,2026-10-03,0
PRTH,2024-09-30,227049000.0,10608000.0,0.07,edgar,2024-11-07,2026-10-03,2026-10-03,0
PRTH,2024-12-31,227067000.0,7220000.0,-0.04999999999999999,edgar,2025-03-06,2026-10-03,2026-10-03,0
PRTH,2025-03-31,224630000.0,8268000.0,0.1,edgar,2025-05-06,2026-10-03,2026-10-03,0
PRTH,2025-06-30,239812000.0,10879000.0,0.14,edgar,2025-08-07,2026-10-03,2026-10-03,0
PRTH,2025-09-30,241439000.0,27588000.0,0.34,edgar,2025-11-06,2026-10-03,2026-10-03,0
PRTH,2025-12-31,247128000.0,8946000.0,0.09999999999999998,edgar,2026-03-10,2026-10-03,2026-10-03,0
PRTH,2026-03-31,249558000.0,9760000.0,0.12,edgar,2026-05-11,2026-10-03,2026-10-03,0
PRTH,2026-06-30,262256000.0,9863000.0,0.12,edgar,2026-08-06,2026-10-03,2026-10-03,0
PSNL,2023-09-30,18247000.0,-29098000.0,-0.6,edgar,2023-11-07,2026-10-03,2026-10-03,0
PSNL,2023-12-31,19675000.0,-26584000.0,-0.54,edgar,2024-02-28,2026-10-03,2026-10-03,0
PSNL,2024-03-31,19525000.0,-12968000.0,-0.26,edgar,2024-05-08,2026-10-03,2026-10-03,0
PSNL,2024-06-30,22580000.0,-12802000.0,-0.24,edgar,2024-08-07,2026-10-03,2026-10-03,0
PSNL,2024-09-30,25709000.0,-39089000.0,-0.64,edgar,2024-11-06,2026-10-03,2026-10-03,0
PSNL,2024-12-31,16800000.0,-16425000.0,-0.22999999999999998,edgar,2025-02-27,2026-10-03,2026-10-03,0
PSNL,2025-03-31,20605000.0,-15750000.0,-0.18,edgar,2025-05-06,2026-10-03,2026-10-03,0
PSNL,2025-06-30,17203000.0,-20056000.0,-0.23,edgar,2025-08-05,2026-10-03,2026-10-03,0
PSNL,2025-09-30,14495000.0,-21652000.0,-0.24,edgar,2025-11-04,2026-10-03,2026-10-03,0
PSNL,2025-12-31,17345000.0,-23812000.0,-0.26,edgar,2026-02-26,2026-10-03,2026-10-03,0
PSNL,2026-03-31,15472000.0,-30032000.0,-0.29,edgar,2026-05-07,2026-10-03,2026-10-03,0
PSNL,2026-06-30,22357000.0,-31683000.0,-0.3,edgar,2026-08-04,2026-10-03,2026-10-03,0
PSTL,2023-09-30,16106000.0,1166000.0,0.04,edgar,2023-10-30,2026-10-03,2026-10-03,0
PSTL,2023-12-31,17001000.0,1183000.0,0.04999999999999999,edgar,2024-02-29,2026-10-03,2026-10-03,0
PSTL,2024-03-31,17287000.0,206000.0,-0.01,edgar,2024-05-07,2026-10-03,2026-10-03,0
PSTL,2024-06-30,18050000.0,817000.0,0.02,edgar,2024-08-06,2026-10-03,2026-10-03,0
PSTL,2024-09-30,19667000.0,1071000.0,0.03,edgar,2024-11-04,2026-10-03,2026-10-03,0
PSTL,2024-12-31,21368000.0,4502000.0,0.16999999999999998,edgar,2025-02-27,2026-10-03,2026-10-03,0
PSTL,2025-03-31,22150000.0,2082000.0,0.06,edgar,2025-05-01,2026-10-03,2026-10-03,0
PSTL,2025-06-30,23351000.0,3614000.0,0.12,edgar,2025-08-04,2026-10-03,2026-10-03,0
PSTL,2025-09-30,24326000.0,3810000.0,0.13,edgar,2025-11-04,2026-10-03,2026-10-03,0
PSTL,2025-12-31,25996000.0,4643000.0,0.15999999999999998,edgar,2026-02-24,2026-10-03,2026-10-03,0
PSTL,2026-03-31,26648000.0,3826000.0,0.11,edgar,2026-05-05,2026-10-03,2026-10-03,0
PSTL,2026-06-30,28582000.0,5052000.0,0.15,edgar,2026-08-04,2026-10-03,2026-10-03,0
PSX,2023-09-30,39643000000.0,2097000000.0,4.69,edgar,2023-11-03,2026-10-03,2026-10-03,0
PSX,2023-12-31,38270000000.0,1260000000.0,2.869999999999999,edgar,2024-02-21,2026-10-03,2026-10-03,0
PSX,2024-03-31,35811000000.0,748000000.0,1.73,edgar,2024-04-29,2026-10-03,2026-10-03,0
PSX,2024-06-30,38129000000.0,1015000000.0,2.38,edgar,2024-07-31,2026-10-03,2026-10-03,0
PSX,2024-09-30,35528000000.0,346000000.0,0.82,edgar,2024-10-29,2026-10-03,2026-10-03,0
PSX,2024-12-31,33685000000.0,8000000.0,0.0600000000000005,edgar,2025-02-21,2026-10-03,2026-10-03,0
PSX,2025-03-31,30430000000.0,487000000.0,1.18,edgar,2025-04-25,2026-10-03,2026-10-03,0
PSX,2025-06-30,33323000000.0,877000000.0,2.15,edgar,2025-07-28,2026-10-03,2026-10-03,0
PSX,2025-09-30,34515000000.0,133000000.0,0.32,edgar,2025-10-29,2026-10-03,2026-10-03,0
PSX,2025-12-31,34108000000.0,2906000000.0,7.139999999999999,edgar,2026-02-20,2026-10-03,2026-10-03,0
PSX,2026-03-31,32540000000.0,207000000.0,0.51,edgar,2026-04-29,2026-10-03,2026-10-03,0
PSX,2026-06-30,51004000000.0,3847000000.0,9.55,edgar,2026-08-05,2026-10-03,2026-10-03,0
PTGX,2023-09-30,0.0,-34105000.0,-0.58,edgar,2023-11-02,2026-10-03,2026-10-03,0
PTGX,2023-12-31,60000000.0,27334775.0,0.5400000000000003,edgar,2024-02-27,2026-10-03,2026-10-03,0
PTGX,2024-03-31,254953000.0,207340000.0,3.26,edgar,2024-05-07,2026-10-03,2026-10-03,0
PTGX,2024-06-30,4167000.0,-30616000.0,-0.5,edgar,2024-08-06,2026-10-03,2026-10-03,0
PTGX,2024-09-30,4675000.0,-33210000.0,-0.54,edgar,2024-11-07,2026-10-03,2026-10-03,0
PTGX,2024-12-31,170638000.0,131674347.0,2.0100000000000007,edgar,2025-02-21,2026-10-03,2026-10-03,0
PTGX,2025-03-31,28321000.0,-11655000.0,-0.19,edgar,2025-05-06,2026-10-03,2026-10-03,0
PTGX,2025-06-30,5546000.0,-34771000.0,-0.55,edgar,2026-08-05,2026-10-03,2026-10-03,0
PTGX,2025-09-30,4712000.0,-39339000.0,-0.62,edgar,2025-11-06,2026-10-03,2026-10-03,0
PTGX,2025-12-31,7437000.0,-44383985.0,-0.6899999999999997,edgar,2026-02-25,2026-10-03,2026-10-03,0
PTGX,2026-03-31,56368000.0,3783000.0,0.05,edgar,2026-05-05,2026-10-03,2026-10-03,0
PTGX,2026-06-30,213475000.0,162849000.0,2.29,edgar,2026-08-05,2026-10-03,2026-10-03,0
PUBM,2023-09-30,63677000.0,1774000.0,0.03,edgar,2023-11-08,2026-10-03,2026-10-03,0
PUBM,2023-12-31,84600000.0,18821000.0,0.16,edgar,2024-02-28,2026-10-03,2026-10-03,0
PUBM,2024-03-31,66701000.0,-2454000.0,-0.05,edgar,2024-05-07,2026-10-03,2026-10-03,0
PUBM,2024-06-30,67267000.0,1971000.0,0.04,edgar,2024-08-08,2026-10-03,2026-10-03,0
PUBM,2024-09-30,71786000.0,-912000.0,-0.02,edgar,2024-11-12,2026-10-03,2026-10-03,0
PUBM,2024-12-31,85502000.0,14395000.0,0.26,edgar,2025-02-27,2026-10-03,2026-10-03,0
PUBM,2025-03-31,63825000.0,-9486000.0,-0.2,edgar,2025-05-08,2026-10-03,2026-10-03,0
PUBM,2025-06-30,71095000.0,-5208000.0,-0.11,edgar,2025-08-11,2026-10-03,2026-10-03,0
PUBM,2025-09-30,67960000.0,-6452000.0,-0.14,edgar,2025-11-10,2026-10-03,2026-10-03,0
PUBM,2025-12-31,80046000.0,7146000.0,0.14,edgar,2026-02-26,2026-10-03,2026-10-03,0
PUBM,2026-03-31,62567000.0,-12510000.0,-0.27,edgar,2026-05-07,2026-10-03,2026-10-03,0
PUBM,2026-06-30,78593000.0,-1202000.0,-0.03,edgar,2026-08-06,2026-10-03,2026-10-03,0
PVLA,2021-12-31,8443000.0,-9532000.0,-0.1499999999999999,edgar,2022-03-02,2026-10-03,2026-10-03,0
PVLA,2022-03-31,10988000.0,-5101000.0,-0.07,edgar,2022-05-11,2026-10-03,2026-10-03,0
PVLA,2022-06-30,3698000.0,-10338000.0,-0.14,edgar,2022-08-04,2026-10-03,2026-10-03,0
PVLA,2022-09-30,5370000.0,-9736000.0,-0.13,edgar,2022-11-04,2026-10-03,2026-10-03,0
PVLA,2022-12-31,5846000.0,-8102000.0,-0.10999999999999999,edgar,2023-03-31,2026-10-03,2026-10-03,0
PVLA,2023-03-31,1936000.0,-13183000.0,-14.15,edgar,2023-05-11,2026-10-03,2026-10-03,0
PVLA,2023-06-30,20055000.0,3976000.0,3.62,edgar,2023-08-10,2026-10-03,2026-10-03,0
PVLA,2023-09-30,19520000.0,-10752000.0,-8.7,edgar,2023-11-14,2026-10-03,2026-10-03,0
PVLA,2023-12-31,1299000.0,38650000.0,21.41,edgar,2024-03-29,2026-10-03,2026-10-03,0
PVLA,2024-03-31,53000.0,-2536000.0,-1.54,edgar,2024-05-15,2026-10-03,2026-10-03,0
PVLA,2024-06-30,0.0,-4172000.0,-2.47,edgar,2024-08-14,2026-10-03,2026-10-03,0
PVLA,2024-09-30,0.0,-6775000.0,-3.94,edgar,2024-11-13,2026-10-03,2026-10-03,0
PYPL,2023-06-30,7287000000.0,1029000000.0,0.92,edgar,2023-08-03,2026-10-03,2026-10-03,0
PYPL,2023-09-30,7418000000.0,1020000000.0,0.93,edgar,2023-11-02,2026-10-03,2026-10-03,0
PYPL,2023-12-31,8026000000.0,1402000000.0,1.29,edgar,2024-02-08,2026-10-03,2026-10-03,0
PYPL,2024-03-31,7699000000.0,888000000.0,0.83,edgar,2024-04-30,2026-10-03,2026-10-03,0
PYPL,2024-06-30,7885000000.0,1128000000.0,1.08,edgar,2024-07-30,2026-10-03,2026-10-03,0
PYPL,2024-09-30,7847000000.0,1010000000.0,0.99,edgar,2024-10-29,2026-10-03,2026-10-03,0
PYPL,2024-12-31,8366000000.0,1121000000.0,1.0900000000000003,edgar,2025-02-04,2026-10-03,2026-10-03,0
PYPL,2025-03-31,7791000000.0,1287000000.0,1.29,edgar,2025-04-29,2026-10-03,2026-10-03,0
PYPL,2025-06-30,8288000000.0,1261000000.0,1.29,edgar,2025-07-29,2026-10-03,2026-10-03,0
PYPL,2025-09-30,8417000000.0,1248000000.0,1.3,edgar,2025-10-28,2026-10-03,2026-10-03,0
PYPL,2025-12-31,8676000000.0,1437000000.0,1.5300000000000002,edgar,2026-02-03,2026-10-03,2026-10-03,0
PYPL,2026-03-31,8353000000.0,1113000000.0,1.21,edgar,2026-05-05,2026-10-03,2026-10-03,0
QCOM,2023-09-24,8631000000.0,1490000000.0,1.3200000000000003,edgar,2023-11-01,2026-10-03,2026-10-03,0
QCOM,2023-12-24,9935000000.0,2767000000.0,2.46,edgar,2024-01-31,2026-10-03,2026-10-03,0
QCOM,2024-03-24,9389000000.0,2326000000.0,2.06,edgar,2024-05-01,2026-10-03,2026-10-03,0
QCOM,2024-06-23,9393000000.0,2129000000.0,1.88,edgar,2024-07-31,2026-10-03,2026-10-03,0
QCOM,2024-09-29,10245000000.0,2920000000.0,2.5700000000000003,edgar,2024-11-06,2026-10-03,2026-10-03,0
QCOM,2024-12-29,11669000000.0,3180000000.0,2.83,edgar,2025-02-05,2026-10-03,2026-10-03,0
QCOM,2025-03-30,10979000000.0,2812000000.0,2.52,edgar,2025-04-30,2026-10-03,2026-10-03,0
QCOM,2025-06-29,10365000000.0,2666000000.0,2.43,edgar,2025-07-30,2026-10-03,2026-10-03,0
QCOM,2025-09-28,11271000000.0,-3117000000.0,-2.7700000000000005,edgar,2025-11-05,2026-10-03,2026-10-03,0
QCOM,2025-12-28,12252000000.0,3004000000.0,2.78,edgar,2026-02-04,2026-10-03,2026-10-03,0
QCOM,2026-03-29,10599000000.0,7370000000.0,6.88,edgar,2026-04-29,2026-10-03,2026-10-03,0
QCOM,2026-06-28,9947000000.0,2002000000.0,1.87,edgar,2026-07-29,2026-10-03,2026-10-03,0
QCRH,2021-12-31,75005000.0,27009000.0,1.7000000000000002,edgar,2022-03-11,2026-10-03,2026-10-03,0
QCRH,2022-03-31,66695000.0,23624000.0,1.49,edgar,2022-05-09,2026-10-03,2026-10-03,0
QCRH,2022-06-30,90987000.0,15242000.0,0.87,edgar,2022-08-08,2026-10-03,2026-10-03,0
QCRH,2022-09-30,100362000.0,29294000.0,1.71,edgar,2022-11-08,2026-10-03,2026-10-03,0
QCRH,2022-12-31,115256000.0,30906000.0,1.7999999999999998,edgar,2023-03-01,2026-10-03,2026-10-03,0
QCRH,2023-03-31,120059000.0,27157000.0,1.6,edgar,2023-05-09,2026-10-03,2026-10-03,0
QCRH,2023-06-30,130897000.0,28425000.0,1.69,edgar,2023-08-08,2026-10-03,2026-10-03,0
QCRH,2023-09-30,135161000.0,25121000.0,1.49,edgar,2023-11-08,2026-10-03,2026-10-03,0
QCRH,2023-12-31,159977000.0,32855000.0,1.9500000000000002,edgar,2024-02-29,2026-10-03,2026-10-03,0
QCRH,2024-03-31,141907000.0,26726000.0,1.58,edgar,2024-05-09,2026-10-03,2026-10-03,0
QCRH,2024-06-30,150635000.0,29114000.0,1.72,edgar,2024-08-08,2026-10-03,2026-10-03,0
QCRH,2024-09-30,152577000.0,27785000.0,1.64,edgar,2024-11-08,2026-10-03,2026-10-03,0
QLYS,2023-09-30,141996000.0,46515000.0,1.24,edgar,2023-11-02,2026-10-03,2026-10-03,0
QLYS,2023-12-31,144570000.0,40598000.0,1.0700000000000003,edgar,2024-02-22,2026-10-03,2026-10-03,0
QLYS,2024-03-31,145805000.0,39731000.0,1.05,edgar,2024-05-07,2026-10-03,2026-10-03,0
QLYS,2024-06-30,148708000.0,43772000.0,1.17,edgar,2024-08-06,2026-10-03,2026-10-03,0
QLYS,2024-09-30,153867000.0,46212000.0,1.24,edgar,2024-11-05,2026-10-03,2026-10-03,0
QLYS,2024-12-31,159191000.0,43985000.0,1.1900000000000004,edgar,2025-02-21,2026-10-03,2026-10-03,0
QLYS,2025-03-31,159899000.0,47534000.0,1.29,edgar,2025-05-06,2026-10-03,2026-10-03,0
QLYS,2025-06-30,164062000.0,47290000.0,1.29,edgar,2025-08-05,2026-10-03,2026-10-03,0
QLYS,2025-09-30,169882000.0,50346000.0,1.39,edgar,2025-11-04,2026-10-03,2026-10-03,0
QLYS,2025-12-31,175282000.0,53130000.0,1.4700000000000006,edgar,2026-02-20,2026-10-03,2026-10-03,0
QLYS,2026-03-31,175638000.0,50643000.0,1.42,edgar,2026-05-05,2026-10-03,2026-10-03,0
QLYS,2026-06-30,182175000.0,52405000.0,1.5,edgar,2026-08-04,2026-10-03,2026-10-03,0
QMCO,2023-09-30,75680000.0,-3331000.0,-0.7,edgar,2024-06-28,2026-10-03,2026-10-03,0
QMCO,2023-12-31,71926000.0,-9869000.0,-2.08,edgar,2024-06-28,2026-10-03,2026-10-03,0
QMCO,2024-03-31,71500000.0,-18943000.0,-5.8,edgar,2024-06-28,2026-10-03,2026-10-03,0
QMCO,2024-06-30,72265000.0,-19898000.0,-4.15,edgar,2024-08-14,2026-10-03,2026-10-03,0
QMCO,2024-09-30,71846000.0,-12150000.0,-2.54,edgar,2024-11-14,2026-10-03,2026-10-03,0
QMCO,2024-12-31,68684000.0,-75300000.0,-15.35,edgar,2025-02-12,2026-10-03,2026-10-03,0
QMCO,2025-03-31,61263000.0,-7743000.0,-0.3100000000000023,edgar,2025-08-26,2026-10-03,2026-10-03,0
QMCO,2025-06-30,64286000.0,-17206000.0,-1.87,edgar,2025-09-11,2026-10-03,2026-10-03,0
QMCO,2025-09-30,62715000.0,-46456000.0,-3.49,edgar,2025-11-13,2026-10-03,2026-10-03,0
QMCO,2025-12-31,74586000.0,-27843000.0,-2.03,edgar,2026-02-17,2026-10-03,2026-10-03,0
QMCO,2026-03-31,77994000.0,-9541000.0,-0.5799999999999992,edgar,2026-06-25,2026-10-03,2026-10-03,0
QMCO,2026-06-30,80803000.0,-155293000.0,-7.06,edgar,2026-08-11,2026-10-03,2026-10-03,0
QRVO,2023-07-01,651164000.0,-43580000.0,-0.44,edgar,2023-08-03,2026-10-03,2026-10-03,0
QRVO,2023-09-30,1103493000.0,97461000.0,0.99,edgar,2023-11-02,2026-10-03,2026-10-03,0
QRVO,2023-12-30,1073861000.0,-126938000.0,-1.31,edgar,2024-02-01,2026-10-03,2026-10-03,0
QRVO,2024-03-30,940988000.0,2757000.0,0.040000000000000036,edgar,2024-05-20,2026-10-03,2026-10-03,0
QRVO,2024-06-29,886671000.0,414000.0,0.0,edgar,2024-07-31,2026-10-03,2026-10-03,0
QRVO,2024-09-28,1046509000.0,-17435000.0,-0.18,edgar,2024-10-30,2026-10-03,2026-10-03,0
QRVO,2024-12-28,916317000.0,41271000.0,0.43,edgar,2025-01-29,2026-10-03,2026-10-03,0
QRVO,2025-03-29,869474000.0,31350000.0,0.32999999999999996,edgar,2025-05-19,2026-10-03,2026-10-03,0
QRVO,2025-06-28,818778000.0,25594000.0,0.27,edgar,2025-07-30,2026-10-03,2026-10-03,0
QRVO,2025-09-27,1058503000.0,119603000.0,1.28,edgar,2025-11-03,2026-10-03,2026-10-03,0
QRVO,2025-12-27,992959000.0,164062000.0,1.75,edgar,2026-01-28,2026-10-03,2026-10-03,0
QRVO,2026-03-28,808277000.0,29741000.0,0.3200000000000003,edgar,2026-05-08,2026-10-03,2026-10-03,0
QSI,2023-09-30,223000.0,-24728000.0,-0.17,edgar,2023-11-09,2026-10-03,2026-10-03,0
QSI,2023-12-31,400000.0,-22048000.0,-0.16000000000000003,edgar,2024-02-29,2026-10-03,2026-10-03,0
QSI,2024-03-31,457000.0,-19474000.0,-0.14,edgar,2024-05-09,2026-10-03,2026-10-03,0
QSI,2024-06-30,622000.0,-23099000.0,-0.16,edgar,2024-08-07,2026-10-03,2026-10-03,0
QSI,2024-09-30,787000.0,-25313000.0,-0.18,edgar,2024-11-12,2026-10-03,2026-10-03,0
QSI,2024-12-31,1192000.0,-33121000.0,-0.22999999999999998,edgar,2025-03-03,2026-10-03,2026-10-03,0
QSI,2025-03-31,842000.0,-19189000.0,-0.11,edgar,2025-05-15,2026-10-03,2026-10-03,0
QSI,2025-06-30,591000.0,-28836000.0,-0.16,edgar,2025-08-05,2026-10-03,2026-10-03,0
QSI,2025-09-30,552000.0,-35703000.0,-0.17,edgar,2025-11-05,2026-10-03,2026-10-03,0
QSI,2025-12-31,451000.0,-17611000.0,-0.07,edgar,2026-03-03,2026-10-03,2026-10-03,0
QSI,2026-03-31,258000.0,-21671000.0,-0.1,edgar,2026-05-07,2026-10-03,2026-10-03,0
QSI,2026-06-30,344000.0,-23534000.0,-0.11,edgar,2026-08-13,2026-10-03,2026-10-03,0
QTTB,2022-03-31,802000.0,92105000.0,1.59,edgar,2022-05-16,2026-10-03,2026-10-03,0
QTTB,2022-06-30,802000.0,-29089000.0,-0.51,edgar,2022-08-15,2026-10-03,2026-10-03,0
QTTB,2022-09-30,802000.0,-33726000.0,-0.59,edgar,2022-11-10,2026-10-03,2026-10-03,0
QTTB,2022-12-31,802000.0,-34295000.0,-0.5800000000000001,edgar,2023-03-09,2026-10-03,2026-10-03,0
QTTB,2023-03-31,802000.0,-6838000.0,-19.84,edgar,2023-05-11,2026-10-03,2026-10-03,0
QTTB,2023-06-30,354000.0,-5807000.0,-16.69,edgar,2023-08-14,2026-10-03,2026-10-03,0
QTTB,2023-09-30,0.0,-14031000.0,-40.52,edgar,2023-11-14,2026-10-03,2026-10-03,0
QTTB,2023-12-31,0.0,-27024000.0,-76.91,edgar,2024-03-13,2026-10-03,2026-10-03,0
QTTB,2024-03-31,0.0,1029000.0,-6.33,edgar,2024-05-09,2026-10-03,2026-10-03,0
QTTB,2024-06-30,0.0,-16978000.0,-1.42,edgar,2024-08-08,2026-10-03,2026-10-03,0
QTTB,2024-09-30,0.0,-17595000.0,-1.46,edgar,2024-11-07,2026-10-03,2026-10-03,0
QTTB,2024-12-31,0.0,-14156000.0,2.630000000000001,edgar,2025-03-11,2026-10-03,2026-10-03,0
QUAD,2023-06-30,703100000.0,-6100000.0,-0.12,edgar,2023-08-02,2026-10-03,2026-10-03,0
QUAD,2023-09-30,700200000.0,-2700000.0,-0.06,edgar,2023-11-01,2026-10-03,2026-10-03,0
QUAD,2023-12-31,787900000.0,-22000000.0,-0.45999999999999996,edgar,2024-02-22,2026-10-03,2026-10-03,0
QUAD,2024-03-31,654800000.0,-28100000.0,-0.6,edgar,2024-05-01,2026-10-03,2026-10-03,0
QUAD,2024-06-30,634200000.0,-2800000.0,-0.06,edgar,2024-07-31,2026-10-03,2026-10-03,0
QUAD,2024-09-30,674800000.0,-24700000.0,-0.52,edgar,2024-10-30,2026-10-03,2026-10-03,0
QUAD,2024-12-31,708400000.0,4700000.0,0.10999999999999988,edgar,2025-02-21,2026-10-03,2026-10-03,0
QUAD,2025-03-31,629400000.0,5800000.0,0.11,edgar,2025-04-30,2026-10-03,2026-10-03,0
QUAD,2025-06-30,571900000.0,-100000.0,0.0,edgar,2025-07-30,2026-10-03,2026-10-03,0
QUAD,2025-09-30,588000000.0,10200000.0,0.21,edgar,2025-10-29,2026-10-03,2026-10-03,0
QUAD,2025-12-31,630600000.0,11100000.0,0.22000000000000003,edgar,2026-02-18,2026-10-03,2026-10-03,0
QUAD,2026-03-31,581000000.0,6200000.0,0.13,edgar,2026-04-29,2026-10-03,2026-10-03,0
QURE,2023-06-30,2422000.0,,-1.44,edgar,2023-08-01,2026-10-03,2026-10-03,0
QURE,2023-09-30,1407000.0,,-1.88,edgar,2023-11-07,2026-10-03,2026-10-03,0
QURE,2023-12-31,6689000.0,,-1.5200000000000005,edgar,2024-02-28,2026-10-03,2026-10-03,0
QURE,2024-03-31,8485000.0,-65618000.0,-1.36,edgar,2024-05-07,2026-10-03,2026-10-03,0
QURE,2024-06-30,11126000.0,-56299000.0,-1.16,edgar,2024-08-01,2026-10-03,2026-10-03,0
QURE,2024-09-30,2287000.0,-44378000.0,-0.91,edgar,2024-11-05,2026-10-03,2026-10-03,0
QURE,2024-12-31,5221000.0,,-1.4899999999999998,edgar,2025-02-27,2026-10-03,2026-10-03,0
QURE,2025-03-31,1567000.0,-43637000.0,-0.82,edgar,2026-05-05,2026-10-03,2026-10-03,0
QURE,2025-06-30,5262000.0,-37719000.0,-0.69,edgar,2025-07-29,2026-10-03,2026-10-03,0
QURE,2025-09-30,3701000.0,-80529000.0,-1.38,edgar,2025-11-10,2026-10-03,2026-10-03,0
QURE,2025-12-31,5568000.0,-37115000.0,-0.5700000000000003,edgar,2026-03-02,2026-10-03,2026-10-03,0
QURE,2026-03-31,3562000.0,-53535000.0,-0.85,edgar,2026-05-05,2026-10-03,2026-10-03,0
RAL,2024-06-28,533700000.0,64800000.0,0.57,edgar,2025-08-11,2026-10-03,2026-10-03,0
RAL,2024-09-27,531700000.0,90900000.0,0.81,edgar,2025-11-06,2026-10-03,2026-10-03,0
RAL,2025-03-28,481800000.0,63900000.0,0.57,edgar,2026-05-12,2026-10-03,2026-10-03,0
RAL,2025-06-27,503300000.0,47600000.0,0.42,edgar,2025-08-11,2026-10-03,2026-10-03,0
RAL,2025-09-26,529100000.0,39900000.0,0.35,edgar,2025-11-06,2026-10-03,2026-10-03,0
RAL,2025-12-31,554600000.0,-1374400000.0,-12.18,edgar,2026-02-26,2026-10-03,2026-10-03,0
RAL,2026-04-03,534600000.0,44200000.0,0.39,edgar,2026-05-12,2026-10-03,2026-10-03,0
RAL,2026-07-03,567800000.0,57200000.0,0.51,edgar,2026-07-30,2026-10-03,2026-10-03,0
RAPP,2025-03-31,0.0,-24063000.0,-0.68,edgar,2026-05-07,2026-10-03,2026-10-03,0
RAPP,2025-06-30,0.0,-26732000.0,-0.75,edgar,2026-08-05,2026-10-03,2026-10-03,0
RAPP,2026-03-31,20000000.0,-19857000.0,-0.42,edgar,2026-05-07,2026-10-03,2026-10-03,0
RAPP,2026-06-30,0.0,-56615000.0,-1.19,edgar,2026-08-05,2026-10-03,2026-10-03,0
RBB,2023-09-30,1482000.0,8473000.0,0.45,edgar,2023-11-14,2026-10-03,2026-10-03,0
RBB,2023-12-31,1216000.0,12073000.0,0.64,edgar,2024-05-09,2026-10-03,2026-10-03,0
RBB,2024-03-31,1343000.0,8036000.0,0.43,edgar,2024-05-09,2026-10-03,2026-10-03,0
RBB,2024-06-30,1577000.0,7245000.0,0.39,edgar,2024-08-08,2026-10-03,2026-10-03,0
RBB,2024-09-30,1270000.0,6999000.0,0.39,edgar,2024-11-08,2026-10-03,2026-10-03,0
RBB,2024-12-31,1103000.0,4385000.0,0.25,edgar,2025-05-12,2026-10-03,2026-10-03,0
RBB,2025-03-31,1113000.0,2290000.0,0.13,edgar,2025-05-12,2026-10-03,2026-10-03,0
RBB,2025-06-30,1381000.0,9333000.0,0.52,edgar,2025-08-08,2026-10-03,2026-10-03,0
RBB,2025-09-30,1324000.0,10148000.0,0.59,edgar,2025-11-07,2026-10-03,2026-10-03,0
RBB,2025-12-31,1349000.0,10177000.0,0.59,edgar,2026-05-08,2026-10-03,2026-10-03,0
RBB,2026-03-31,2073000.0,11300000.0,0.66,edgar,2026-05-08,2026-10-03,2026-10-03,0
RBB,2026-06-30,1052000.0,10140000.0,0.59,edgar,2026-08-07,2026-10-03,2026-10-03,0
RBRK,2023-10-31,165604000.0,-86267000.0,-1.41,edgar,2024-12-12,2026-10-03,2026-10-03,0
RBRK,2024-01-31,175013000.0,-97497000.0,-1.5899999999999999,edgar,2025-03-20,2026-10-03,2026-10-03,0
RBRK,2024-04-30,187315000.0,-732091000.0,-11.48,edgar,2024-06-13,2026-10-03,2026-10-03,0
RBRK,2024-07-31,204951000.0,-176930000.0,-0.98,edgar,2024-09-12,2026-10-03,2026-10-03,0
RBRK,2024-10-31,236178000.0,-130910000.0,-0.71,edgar,2024-12-12,2026-10-03,2026-10-03,0
RBRK,2025-01-31,258100000.0,1038781000.0,5.6899999999999995,edgar,2025-03-20,2026-10-03,2026-10-03,0
RBRK,2025-04-30,278481000.0,-102104000.0,-0.53,edgar,2025-06-09,2026-10-03,2026-10-03,0
RBRK,2025-07-31,309860000.0,-95929000.0,-0.49,edgar,2025-09-10,2026-10-03,2026-10-03,0
RBRK,2025-10-31,350166000.0,-63829000.0,-0.32,edgar,2025-12-08,2026-10-03,2026-10-03,0
RBRK,2026-01-31,377684000.0,261512000.0,-0.43999999999999995,edgar,2026-03-19,2026-10-03,2026-10-03,0
RBRK,2026-04-30,387068000.0,-41853000.0,-0.21,edgar,2026-06-05,2026-10-03,2026-10-03,0
RBRK,2026-07-31,427260000.0,-61777000.0,-0.3,edgar,2026-09-01,2026-10-03,2026-10-03,0
RCEL,2023-09-30,13645000.0,-8712000.0,-0.34,edgar,2023-11-09,2026-10-03,2026-10-03,0
RCEL,2023-12-31,14195000.0,-7065000.0,-0.2799999999999998,edgar,2024-02-22,2026-10-03,2026-10-03,0
RCEL,2024-03-31,11104000.0,-18658000.0,-0.73,edgar,2024-05-13,2026-10-03,2026-10-03,0
RCEL,2024-06-30,15195000.0,-15393000.0,-0.6,edgar,2024-08-08,2026-10-03,2026-10-03,0
RCEL,2024-09-30,19546000.0,-16205000.0,-0.62,edgar,2024-11-07,2026-10-03,2026-10-03,0
RCEL,2024-12-31,18406000.0,-11589000.0,-0.44000000000000017,edgar,2025-02-13,2026-10-03,2026-10-03,0
RCEL,2025-03-31,18514000.0,-13859000.0,-0.53,edgar,2025-05-08,2026-10-03,2026-10-03,0
RCEL,2025-06-30,18418000.0,-9920000.0,-0.38,edgar,2025-08-08,2026-10-03,2026-10-03,0
RCEL,2025-09-30,17062000.0,-13187000.0,-0.46,edgar,2025-11-06,2026-10-03,2026-10-03,0
RCEL,2025-12-31,17616000.0,-11621000.0,-0.3699999999999999,edgar,2026-02-12,2026-10-03,2026-10-03,0
RCEL,2026-03-31,19251000.0,-10611000.0,-0.35,edgar,2026-05-14,2026-10-03,2026-10-03,0
RCEL,2026-06-30,21702000.0,-7663000.0,-0.25,edgar,2026-08-06,2026-10-03,2026-10-03,0
RCKY,2023-09-30,125614000.0,6827000.0,0.93,edgar,2023-11-08,2026-10-03,2026-10-03,0
RCKY,2023-12-31,125952000.0,6712000.0,0.8999999999999999,edgar,2024-03-15,2026-10-03,2026-10-03,0
RCKY,2024-03-31,112906000.0,2550000.0,0.34,edgar,2024-05-09,2026-10-03,2026-10-03,0
RCKY,2024-06-30,98258000.0,-1243000.0,-0.17,edgar,2024-08-08,2026-10-03,2026-10-03,0
RCKY,2024-09-30,114554000.0,5279000.0,0.7,edgar,2024-11-12,2026-10-03,2026-10-03,0
RCKY,2024-12-31,128054000.0,4801000.0,0.65,edgar,2025-03-17,2026-10-03,2026-10-03,0
RCKY,2025-03-31,114073000.0,4941000.0,0.66,edgar,2025-05-08,2026-10-03,2026-10-03,0
RCKY,2025-06-30,105647000.0,3608000.0,0.48,edgar,2025-08-07,2026-10-03,2026-10-03,0
RCKY,2025-09-30,122540000.0,7212000.0,0.96,edgar,2025-11-06,2026-10-03,2026-10-03,0
RCKY,2025-12-31,139716000.0,6513000.0,0.8599999999999999,edgar,2026-03-11,2026-10-03,2026-10-03,0
RCKY,2026-03-31,124401000.0,1259000.0,0.17,edgar,2026-05-05,2026-10-03,2026-10-03,0
RCKY,2026-06-30,118368000.0,13881000.0,1.83,edgar,2026-08-04,2026-10-03,2026-10-03,0
RCUS,2023-09-30,32000000.0,-71000000.0,-0.94,edgar,2023-11-07,2026-10-03,2026-10-03,0
RCUS,2023-12-31,-49000000.0,-81000000.0,-1.08,edgar,2024-02-21,2026-10-03,2026-10-03,0
RCUS,2024-03-31,10000000.0,-4000000.0,-0.05,edgar,2024-05-08,2026-10-03,2026-10-03,0
RCUS,2024-06-30,11000000.0,-93000000.0,-1.02,edgar,2024-08-08,2026-10-03,2026-10-03,0
RCUS,2024-09-30,7000000.0,-92000000.0,-1.0,edgar,2024-11-06,2026-10-03,2026-10-03,0
RCUS,2024-12-31,23000000.0,-94000000.0,-1.0700000000000003,edgar,2025-02-25,2026-10-03,2026-10-03,0
RCUS,2025-03-31,8000000.0,-112000000.0,-1.14,edgar,2025-05-06,2026-10-03,2026-10-03,0
RCUS,2025-06-30,8000000.0,0.0,0.0,edgar,2025-08-06,2026-10-03,2026-10-03,0
RCUS,2025-09-30,6000000.0,-135000000.0,-1.27,edgar,2025-10-28,2026-10-03,2026-10-03,0
RCUS,2025-12-31,11000000.0,-106000000.0,-0.8799999999999999,edgar,2026-02-25,2026-10-03,2026-10-03,0
RCUS,2026-03-31,7000000.0,-128000000.0,-1.02,edgar,2026-05-05,2026-10-03,2026-10-03,0
RCUS,2026-06-30,33000000.0,-91000000.0,-0.72,edgar,2026-08-05,2026-10-03,2026-10-03,0
RDIB,2023-09-30,66563000.0,-4400000.0,-0.2,edgar,2023-11-15,2026-10-03,2026-10-03,0
RDIB,2023-12-31,45319000.0,-12384000.0,-0.5599999999999998,edgar,2024-03-29,2026-10-03,2026-10-03,0
RDIB,2024-03-31,45052000.0,-13228000.0,-0.59,edgar,2024-05-15,2026-10-03,2026-10-03,0
RDIB,2024-06-30,46809000.0,-12806000.0,-0.57,edgar,2024-08-14,2026-10-03,2026-10-03,0
RDIB,2024-09-30,60090000.0,-7028000.0,-0.31,edgar,2024-11-14,2026-10-03,2026-10-03,0
RDIB,2024-12-31,58576000.0,-2239000.0,-0.1100000000000001,edgar,2025-03-31,2026-10-03,2026-10-03,0
RDIB,2025-03-31,40169000.0,-4752000.0,-0.21,edgar,2025-05-15,2026-10-03,2026-10-03,0
RDIB,2025-06-30,60378000.0,-2667000.0,-0.12,edgar,2025-08-14,2026-10-03,2026-10-03,0
RDIB,2025-09-30,52170000.0,-4157000.0,-0.18,edgar,2025-11-14,2026-10-03,2026-10-03,0
RDIB,2025-12-31,50271000.0,-2564000.0,-0.10999999999999999,edgar,2026-03-31,2026-10-03,2026-10-03,0
RDIB,2026-03-31,45124000.0,-8147000.0,-0.36,edgar,2026-05-15,2026-10-03,2026-10-03,0
RDIB,2026-06-30,66896000.0,2270000.0,0.1,edgar,2026-08-14,2026-10-03,2026-10-03,0
RDNT,2023-09-30,401968000.0,17540000.0,0.25,edgar,2023-11-09,2026-10-03,2026-10-03,0
RDNT,2023-12-31,420383000.0,-1864000.0,0.039999999999999994,edgar,2024-02-29,2026-10-03,2026-10-03,0
RDNT,2024-03-31,431707000.0,-2779000.0,-0.04,edgar,2024-05-10,2026-10-03,2026-10-03,0
RDNT,2024-06-30,459714000.0,-2982000.0,-0.04,edgar,2024-08-09,2026-10-03,2026-10-03,0
RDNT,2024-09-30,461142000.0,3209000.0,0.04,edgar,2024-11-12,2026-10-03,2026-10-03,0
RDNT,2024-12-31,477101000.0,5342000.0,0.08,edgar,2025-03-03,2026-10-03,2026-10-03,0
RDNT,2025-03-31,471399000.0,-37926000.0,-0.51,edgar,2025-05-12,2026-10-03,2026-10-03,0
RDNT,2025-06-30,498230000.0,14454000.0,0.19,edgar,2025-08-11,2026-10-03,2026-10-03,0
RDNT,2025-09-30,522869000.0,5417000.0,0.07,edgar,2025-11-10,2026-10-03,2026-10-03,0
RDNT,2025-12-31,547712000.0,-595000.0,0.0,edgar,2026-03-02,2026-10-03,2026-10-03,0
RDNT,2026-03-31,575631000.0,-33466000.0,-0.43,edgar,2026-05-11,2026-10-03,2026-10-03,0
RDNT,2026-06-30,622720000.0,7530000.0,0.1,edgar,2026-08-10,2026-10-03,2026-10-03,0
RDVT,2023-09-30,15837000.0,12495000.0,0.87,edgar,2023-11-07,2026-10-03,2026-10-03,0
RDVT,2023-12-31,15061000.0,-1070000.0,-0.06000000000000005,edgar,2024-03-07,2026-10-03,2026-10-03,0
RDVT,2024-03-31,17511000.0,1784000.0,0.13,edgar,2024-05-08,2026-10-03,2026-10-03,0
RDVT,2024-06-30,19056000.0,2637000.0,0.19,edgar,2024-08-07,2026-10-03,2026-10-03,0
RDVT,2024-09-30,19057000.0,1719000.0,0.12,edgar,2024-11-06,2026-10-03,2026-10-03,0
RDVT,2024-12-31,19565000.0,863000.0,0.06,edgar,2025-02-27,2026-10-03,2026-10-03,0
RDVT,2025-03-31,22003000.0,3440000.0,0.24,edgar,2025-05-07,2026-10-03,2026-10-03,0
RDVT,2025-06-30,21774000.0,2686000.0,0.18,edgar,2025-08-06,2026-10-03,2026-10-03,0
RDVT,2025-09-30,23083000.0,4213000.0,0.29,edgar,2025-11-05,2026-10-03,2026-10-03,0
RDVT,2025-12-31,23392000.0,2815000.0,0.20000000000000007,edgar,2026-03-04,2026-10-03,2026-10-03,0
RDVT,2026-03-31,25830000.0,4388000.0,0.3,edgar,2026-05-06,2026-10-03,2026-10-03,0
RDVT,2026-06-30,26718000.0,4960000.0,0.34,edgar,2026-08-10,2026-10-03,2026-10-03,0
REGN,2023-09-30,3362700000.0,1007800000.0,8.89,edgar,2023-11-02,2026-10-03,2026-10-03,0
REGN,2023-12-31,3434300000.0,1159600000.0,10.21,edgar,2024-02-05,2026-10-03,2026-10-03,0
REGN,2024-03-31,3145000000.0,722000000.0,6.27,edgar,2024-05-02,2026-10-03,2026-10-03,0
REGN,2024-06-30,3547100000.0,1432300000.0,12.41,edgar,2024-08-01,2026-10-03,2026-10-03,0
REGN,2024-09-30,3720700000.0,1340600000.0,11.54,edgar,2024-10-31,2026-10-03,2026-10-03,0
REGN,2024-12-31,3789200000.0,917700000.0,8.120000000000005,edgar,2025-02-05,2026-10-03,2026-10-03,0
REGN,2025-03-31,3028700000.0,808700000.0,7.27,edgar,2025-04-29,2026-10-03,2026-10-03,0
REGN,2025-06-30,3675600000.0,1391600000.0,12.81,edgar,2025-08-01,2026-10-03,2026-10-03,0
REGN,2025-09-30,3754300000.0,1460000000.0,13.62,edgar,2025-10-28,2026-10-03,2026-10-03,0
REGN,2025-12-31,3884300000.0,844600000.0,7.779999999999994,edgar,2026-02-04,2026-10-03,2026-10-03,0
REGN,2026-03-31,3605400000.0,727200000.0,6.75,edgar,2026-04-29,2026-10-03,2026-10-03,0
REGN,2026-06-30,4290700000.0,1296900000.0,12.23,edgar,2026-07-30,2026-10-03,2026-10-03,0
REI,2023-09-30,93681798.0,-7539222.0,-0.04,edgar,2023-11-02,2026-10-03,2026-10-03,0
REI,2023-12-31,99942718.0,50896479.0,0.26,edgar,2024-03-07,2026-10-03,2026-10-03,0
REI,2024-03-31,94503136.0,5515377.0,0.03,edgar,2024-05-06,2026-10-03,2026-10-03,0
REI,2024-06-30,99139349.0,22418994.0,0.11,edgar,2024-08-06,2026-10-03,2026-10-03,0
REI,2024-09-30,89244383.0,33878424.0,0.17,edgar,2024-11-06,2026-10-03,2026-10-03,0
REI,2024-12-31,83440546.0,5657519.0,0.030000000000000027,edgar,2025-03-05,2026-10-03,2026-10-03,0
REI,2025-03-31,79091207.0,9110738.0,0.05,edgar,2025-05-07,2026-10-03,2026-10-03,0
REI,2025-06-30,82602759.0,20634887.0,0.1,edgar,2025-08-06,2026-10-03,2026-10-03,0
REI,2025-09-30,78601336.0,-51631530.0,-0.25,edgar,2025-11-06,2026-10-03,2026-10-03,0
REI,2025-12-31,66882770.0,-12845294.0,-0.07000000000000002,edgar,2026-03-04,2026-10-03,2026-10-03,0
REI,2026-03-31,73671664.0,-220591482.0,-1.06,edgar,2026-05-06,2026-10-03,2026-10-03,0
REI,2026-06-30,104681489.0,64793310.0,0.27,edgar,2026-08-05,2026-10-03,2026-10-03,0
REPL,2018-06-30,0.0,-10044000.0,-2.02,edgar,2018-08-30,2026-10-03,2026-10-03,0
REPX,2023-09-30,108294000.0,8647000.0,0.43,edgar,2023-11-07,2026-10-03,2026-10-03,0
REPX,2023-12-31,99829000.0,38025000.0,1.9,edgar,2024-03-06,2026-10-03,2026-10-03,0
REPX,2024-03-31,99744000.0,18758000.0,0.94,edgar,2024-05-08,2026-10-03,2026-10-03,0
REPX,2024-06-30,105403000.0,33548000.0,1.59,edgar,2024-08-07,2026-10-03,2026-10-03,0
REPX,2024-09-30,102339000.0,25663000.0,1.21,edgar,2024-11-06,2026-10-03,2026-10-03,0
REPX,2024-12-31,102695000.0,10928000.0,0.5199999999999996,edgar,2025-03-05,2026-10-03,2026-10-03,0
REPX,2025-03-31,102457000.0,28633000.0,1.36,edgar,2025-05-07,2026-10-03,2026-10-03,0
REPX,2025-06-30,85394000.0,30470000.0,1.44,edgar,2025-08-06,2026-10-03,2026-10-03,0
REPX,2025-09-30,106852000.0,16340000.0,0.77,edgar,2025-11-05,2026-10-03,2026-10-03,0
REPX,2025-12-31,97277000.0,85397000.0,4.02,edgar,2026-03-04,2026-10-03,2026-10-03,0
REPX,2026-03-31,113881000.0,-70434000.0,-3.38,edgar,2026-05-06,2026-10-03,2026-10-03,0
REPX,2026-06-30,165850000.0,87370000.0,4.11,edgar,2026-08-05,2026-10-03,2026-10-03,0
REX,2023-10-31,221079000.0,31642000.0,1.49,edgar,2023-12-04,2026-10-03,2026-10-03,0
REX,2024-01-31,187614000.0,15002000.0,-0.5800000000000001,edgar,2024-03-29,2026-10-03,2026-10-03,0
REX,2024-04-30,161231000.0,12273000.0,0.58,edgar,2024-05-30,2026-10-03,2026-10-03,0
REX,2024-07-31,148155000.0,15007000.0,0.7,edgar,2024-08-30,2026-10-03,2026-10-03,0
REX,2024-10-31,174877000.0,30103000.0,0.69,edgar,2024-12-05,2026-10-03,2026-10-03,0
REX,2025-01-31,158228000.0,14103000.0,-0.31999999999999984,edgar,2025-03-28,2026-10-03,2026-10-03,0
REX,2025-04-30,158340000.0,10672000.0,0.26,edgar,2025-06-04,2026-10-03,2026-10-03,0
REX,2025-07-31,158563000.0,9328000.0,0.22,edgar,2025-09-02,2026-10-03,2026-10-03,0
REX,2025-10-31,175625000.0,27469000.0,0.71,edgar,2025-12-04,2026-10-03,2026-10-03,0
REX,2026-01-31,157959000.0,47605000.0,1.31,edgar,2026-03-30,2026-10-03,2026-10-03,0
REX,2026-04-30,156499000.0,21678000.0,0.56,edgar,2026-06-02,2026-10-03,2026-10-03,0
REX,2026-07-31,168493000.0,40646000.0,1.06,edgar,2026-09-03,2026-10-03,2026-10-03,0
RGR,2023-09-30,120893000.0,7431000.0,0.42,edgar,2025-02-19,2026-10-03,2026-10-03,0
RGR,2023-12-31,130617000.0,10249000.0,0.58,edgar,2024-02-21,2026-10-03,2026-10-03,0
RGR,2024-03-30,136820000.0,7084000.0,0.4,edgar,2024-05-07,2026-10-03,2026-10-03,0
RGR,2024-06-29,130761000.0,8264000.0,0.47,edgar,2024-07-31,2026-10-03,2026-10-03,0
RGR,2024-09-28,122287000.0,4738000.0,0.28,edgar,2025-02-19,2026-10-03,2026-10-03,0
RGR,2024-12-31,145775000.0,10477000.0,0.62,edgar,2025-02-19,2026-10-03,2026-10-03,0
RGR,2025-03-29,135738000.0,7768000.0,0.46,edgar,2025-04-30,2026-10-03,2026-10-03,0
RGR,2025-06-28,132491000.0,-17226000.0,-1.05,edgar,2025-07-30,2026-10-03,2026-10-03,0
RGR,2025-09-27,126766000.0,1582000.0,0.1,edgar,2025-11-05,2026-10-03,2026-10-03,0
RGR,2025-12-31,151062000.0,3485000.0,0.21,edgar,2026-03-02,2026-10-03,2026-10-03,0
RGR,2026-03-28,141356000.0,128000.0,0.01,edgar,2026-05-06,2026-10-03,2026-10-03,0
RGR,2026-06-27,158058000.0,6981000.0,0.43,edgar,2026-07-29,2026-10-03,2026-10-03,0
RHP,2023-09-30,528511000.0,40785000.0,0.64,edgar,2023-11-07,2026-10-03,2026-10-03,0
RHP,2023-12-31,633063000.0,169878000.0,2.5500000000000003,edgar,2024-02-23,2026-10-03,2026-10-03,0
RHP,2024-03-31,528345000.0,42761000.0,0.67,edgar,2024-05-02,2026-10-03,2026-10-03,0
RHP,2024-06-30,613290000.0,100805000.0,1.65,edgar,2024-08-01,2026-10-03,2026-10-03,0
RHP,2024-09-30,549958000.0,59011000.0,0.94,edgar,2024-11-05,2026-10-03,2026-10-03,0
RHP,2024-12-31,647633000.0,72291000.0,1.12,edgar,2025-02-21,2026-10-03,2026-10-03,0
RHP,2025-03-31,587280000.0,62961000.0,1.0,edgar,2025-05-02,2026-10-03,2026-10-03,0
RHP,2025-06-30,659515000.0,71753000.0,1.12,edgar,2025-08-05,2026-10-03,2026-10-03,0
RHP,2025-09-30,592458000.0,34886000.0,0.53,edgar,2025-11-04,2026-10-03,2026-10-03,0
RHP,2025-12-31,737808000.0,73825000.0,1.1199999999999997,edgar,2026-02-24,2026-10-03,2026-10-03,0
RHP,2026-03-31,664572000.0,70475000.0,1.03,edgar,2026-05-01,2026-10-03,2026-10-03,0
RHP,2026-06-30,748978000.0,92750000.0,1.42,edgar,2026-08-07,2026-10-03,2026-10-03,0
RIGL,2023-09-30,28134000.0,-5692000.0,-0.33,edgar,2023-11-07,2026-10-03,2026-10-03,0
RIGL,2023-12-31,35792000.0,737000.0,-0.6499999999999999,edgar,2024-03-05,2026-10-03,2026-10-03,0
RIGL,2024-03-31,29534000.0,-8247000.0,-0.47,edgar,2024-05-07,2026-10-03,2026-10-03,0
RIGL,2024-06-30,36841000.0,-1030000.0,-0.06,edgar,2024-08-06,2026-10-03,2026-10-03,0
RIGL,2024-09-30,55307000.0,12421000.0,0.7,edgar,2024-11-07,2026-10-03,2026-10-03,0
RIGL,2024-12-31,57596000.0,14341000.0,0.8200000000000001,edgar,2025-03-04,2026-10-03,2026-10-03,0
RIGL,2025-03-31,53333000.0,11446000.0,0.63,edgar,2025-05-06,2026-10-03,2026-10-03,0
RIGL,2025-06-30,101685000.0,59613000.0,3.28,edgar,2025-08-05,2026-10-03,2026-10-03,0
RIGL,2025-09-30,69462000.0,27900000.0,1.46,edgar,2025-11-04,2026-10-03,2026-10-03,0
RIGL,2025-12-31,69802000.0,268065000.0,14.11,edgar,2026-03-03,2026-10-03,2026-10-03,0
RIGL,2026-03-31,58818000.0,8654000.0,0.44,edgar,2026-05-05,2026-10-03,2026-10-03,0
RIGL,2026-06-30,78703000.0,17290000.0,0.88,edgar,2026-08-04,2026-10-03,2026-10-03,0
RILYG,2023-09-30,298221000.0,-73823000.0,-2.53,edgar,2023-11-09,2026-10-03,2026-10-03,0
RILYG,2023-12-31,235531000.0,-89713000.0,-3.22,edgar,2024-04-24,2026-10-03,2026-10-03,0
RILYG,2024-03-31,263404000.0,-49165000.0,-1.71,edgar,2024-05-15,2026-10-03,2026-10-03,0
RILYG,2024-06-30,256039000.0,-433604000.0,-14.35,edgar,2025-01-14,2026-10-03,2026-10-03,0
RILYG,2024-09-30,225506000.0,-284397000.0,-9.39,edgar,2025-02-21,2026-10-03,2026-10-03,0
RILYG,2024-12-31,241031000.0,3166000.0,-0.010000000000001563,edgar,2025-09-19,2026-10-03,2026-10-03,0
RILYG,2025-03-31,197227000.0,-9975000.0,-0.39,edgar,2025-11-18,2026-10-03,2026-10-03,0
RILYG,2025-06-30,188166000.0,139471000.0,4.5,edgar,2025-12-15,2026-10-03,2026-10-03,0
RILYG,2025-09-30,215253000.0,91083000.0,2.91,edgar,2026-01-14,2026-10-03,2026-10-03,0
RILYG,2025-12-31,188341000.0,86421000.0,2.7800000000000002,edgar,2026-03-31,2026-10-03,2026-10-03,0
RILYG,2026-03-31,182029000.0,213273000.0,6.57,edgar,2026-05-07,2026-10-03,2026-10-03,0
RILYG,2026-06-30,185877000.0,20549000.0,0.45,edgar,2026-08-06,2026-10-03,2026-10-03,0
RILYN,2023-09-30,298221000.0,-73823000.0,-2.53,edgar,2023-11-09,2026-10-03,2026-10-03,0
RILYN,2023-12-31,235531000.0,-89713000.0,-3.22,edgar,2024-04-24,2026-10-03,2026-10-03,0
RILYN,2024-03-31,263404000.0,-49165000.0,-1.71,edgar,2024-05-15,2026-10-03,2026-10-03,0
RILYN,2024-06-30,256039000.0,-433604000.0,-14.35,edgar,2025-01-14,2026-10-03,2026-10-03,0
RILYN,2024-09-30,225506000.0,-284397000.0,-9.39,edgar,2025-02-21,2026-10-03,2026-10-03,0
RILYN,2024-12-31,241031000.0,3166000.0,-0.010000000000001563,edgar,2025-09-19,2026-10-03,2026-10-03,0
RILYN,2025-03-31,197227000.0,-9975000.0,-0.39,edgar,2025-11-18,2026-10-03,2026-10-03,0
RILYN,2025-06-30,188166000.0,139471000.0,4.5,edgar,2025-12-15,2026-10-03,2026-10-03,0
RILYN,2025-09-30,215253000.0,91083000.0,2.91,edgar,2026-01-14,2026-10-03,2026-10-03,0
RILYN,2025-12-31,188341000.0,86421000.0,2.7800000000000002,edgar,2026-03-31,2026-10-03,2026-10-03,0
RILYN,2026-03-31,182029000.0,213273000.0,6.57,edgar,2026-05-07,2026-10-03,2026-10-03,0
RILYN,2026-06-30,185877000.0,20549000.0,0.45,edgar,2026-08-06,2026-10-03,2026-10-03,0
RILYT,2023-09-30,298221000.0,-73823000.0,-2.53,edgar,2023-11-09,2026-10-03,2026-10-03,0
RILYT,2023-12-31,235531000.0,-89713000.0,-3.22,edgar,2024-04-24,2026-10-03,2026-10-03,0
RILYT,2024-03-31,263404000.0,-49165000.0,-1.71,edgar,2024-05-15,2026-10-03,2026-10-03,0
RILYT,2024-06-30,256039000.0,-433604000.0,-14.35,edgar,2025-01-14,2026-10-03,2026-10-03,0
RILYT,2024-09-30,225506000.0,-284397000.0,-9.39,edgar,2025-02-21,2026-10-03,2026-10-03,0
RILYT,2024-12-31,241031000.0,3166000.0,-0.010000000000001563,edgar,2025-09-19,2026-10-03,2026-10-03,0
RILYT,2025-03-31,197227000.0,-9975000.0,-0.39,edgar,2025-11-18,2026-10-03,2026-10-03,0
RILYT,2025-06-30,188166000.0,139471000.0,4.5,edgar,2025-12-15,2026-10-03,2026-10-03,0
RILYT,2025-09-30,215253000.0,91083000.0,2.91,edgar,2026-01-14,2026-10-03,2026-10-03,0
RILYT,2025-12-31,188341000.0,86421000.0,2.7800000000000002,edgar,2026-03-31,2026-10-03,2026-10-03,0
RILYT,2026-03-31,182029000.0,213273000.0,6.57,edgar,2026-05-07,2026-10-03,2026-10-03,0
RILYT,2026-06-30,185877000.0,20549000.0,0.45,edgar,2026-08-06,2026-10-03,2026-10-03,0
RILYZ,2023-09-30,298221000.0,-73823000.0,-2.53,edgar,2023-11-09,2026-10-03,2026-10-03,0
RILYZ,2023-12-31,235531000.0,-89713000.0,-3.22,edgar,2024-04-24,2026-10-03,2026-10-03,0
RILYZ,2024-03-31,263404000.0,-49165000.0,-1.71,edgar,2024-05-15,2026-10-03,2026-10-03,0
RILYZ,2024-06-30,256039000.0,-433604000.0,-14.35,edgar,2025-01-14,2026-10-03,2026-10-03,0
RILYZ,2024-09-30,225506000.0,-284397000.0,-9.39,edgar,2025-02-21,2026-10-03,2026-10-03,0
RILYZ,2024-12-31,241031000.0,3166000.0,-0.010000000000001563,edgar,2025-09-19,2026-10-03,2026-10-03,0
RILYZ,2025-03-31,197227000.0,-9975000.0,-0.39,edgar,2025-11-18,2026-10-03,2026-10-03,0
RILYZ,2025-06-30,188166000.0,139471000.0,4.5,edgar,2025-12-15,2026-10-03,2026-10-03,0
RILYZ,2025-09-30,215253000.0,91083000.0,2.91,edgar,2026-01-14,2026-10-03,2026-10-03,0
RILYZ,2025-12-31,188341000.0,86421000.0,2.7800000000000002,edgar,2026-03-31,2026-10-03,2026-10-03,0
RILYZ,2026-03-31,182029000.0,213273000.0,6.57,edgar,2026-05-07,2026-10-03,2026-10-03,0
RILYZ,2026-06-30,185877000.0,20549000.0,0.45,edgar,2026-08-06,2026-10-03,2026-10-03,0
RLAY,2023-09-30,25202000.0,-65734000.0,-0.54,edgar,2023-11-02,2026-10-03,2026-10-03,0
RLAY,2023-12-31,-1000.0,-83495000.0,-0.6600000000000001,edgar,2024-02-22,2026-10-03,2026-10-03,0
RLAY,2024-03-31,10007000.0,-81387000.0,-0.62,edgar,2024-05-02,2026-10-03,2026-10-03,0
RLAY,2024-06-30,0.0,-92212000.0,-0.69,edgar,2025-08-07,2026-10-03,2026-10-03,0
RLAY,2024-09-30,0.0,-88105000.0,-0.63,edgar,2025-11-06,2026-10-03,2026-10-03,0
RLAY,2024-12-31,0.0,-76004000.0,-0.41999999999999993,edgar,2025-02-26,2026-10-03,2026-10-03,0
RLAY,2025-03-31,7679000.0,-77065000.0,-0.46,edgar,2025-05-05,2026-10-03,2026-10-03,0
RLAY,2025-06-30,677000.0,-70375000.0,-0.41,edgar,2025-08-07,2026-10-03,2026-10-03,0
RLAY,2025-09-30,0.0,-74149000.0,-0.43,edgar,2025-11-06,2026-10-03,2026-10-03,0
RLAY,2025-12-31,6999000.0,-54890000.0,-0.31000000000000005,edgar,2026-02-26,2026-10-03,2026-10-03,0
RLAY,2026-03-31,3000000.0,-73291000.0,-0.41,edgar,2026-05-05,2026-10-03,2026-10-03,0
RLAY,2026-06-30,350000.0,-83707000.0,-0.41,edgar,2026-08-06,2026-10-03,2026-10-03,0
RLGT,2023-09-30,210797000.0,2622000.0,0.05,edgar,2023-11-09,2026-10-03,2026-10-03,0
RLGT,2023-12-31,201082000.0,985000.0,0.02,edgar,2024-02-08,2026-10-03,2026-10-03,0
RLGT,2024-03-31,184559000.0,-703000.0,-0.02,edgar,2024-05-09,2026-10-03,2026-10-03,0
RLGT,2024-06-30,206032000.0,4781000.0,0.11,edgar,2024-09-12,2026-10-03,2026-10-03,0
RLGT,2024-09-30,203565000.0,3376000.0,0.07,edgar,2024-11-12,2026-10-03,2026-10-03,0
RLGT,2024-12-31,264544000.0,6467000.0,0.13,edgar,2025-02-10,2026-10-03,2026-10-03,0
RLGT,2025-03-31,214007000.0,2541000.0,0.05,edgar,2025-05-12,2026-10-03,2026-10-03,0
RLGT,2025-06-30,220580000.0,4907000.0,0.09999999999999998,edgar,2025-09-15,2026-10-03,2026-10-03,0
RLGT,2025-09-30,226655000.0,1293000.0,0.03,edgar,2025-11-10,2026-10-03,2026-10-03,0
RLGT,2025-12-31,232130000.0,5305000.0,0.11,edgar,2026-02-09,2026-10-03,2026-10-03,0
RLGT,2026-03-31,214135000.0,4671000.0,0.1,edgar,2026-05-11,2026-10-03,2026-10-03,0
RLGT,2026-06-30,261436000.0,7517000.0,0.15000000000000002,edgar,2026-09-14,2026-10-03,2026-10-03,0
RMBS,2023-06-30,119832000.0,168880000.0,1.51,edgar,2023-08-04,2026-10-03,2026-10-03,0
RMBS,2023-09-30,105298000.0,103198000.0,0.93,edgar,2023-11-03,2026-10-03,2026-10-03,0
RMBS,2023-12-31,122225000.0,58545000.0,0.5399999999999996,edgar,2024-02-23,2026-10-03,2026-10-03,0
RMBS,2024-03-31,117871000.0,32898000.0,0.3,edgar,2024-05-02,2026-10-03,2026-10-03,0
RMBS,2024-06-30,132138000.0,36056000.0,0.33,edgar,2024-07-31,2026-10-03,2026-10-03,0
RMBS,2024-09-30,145513000.0,48665000.0,0.45,edgar,2024-10-30,2026-10-03,2026-10-03,0
RMBS,2024-12-31,161102000.0,62202000.0,0.5699999999999998,edgar,2025-02-24,2026-10-03,2026-10-03,0
RMBS,2025-03-31,166664000.0,60303000.0,0.56,edgar,2025-04-29,2026-10-03,2026-10-03,0
RMBS,2025-06-30,172209000.0,57935000.0,0.53,edgar,2025-07-29,2026-10-03,2026-10-03,0
RMBS,2025-09-30,178513000.0,48377000.0,0.44,edgar,2025-10-28,2026-10-03,2026-10-03,0
RMBS,2025-12-31,190244000.0,63840000.0,0.5799999999999998,edgar,2026-02-18,2026-10-03,2026-10-03,0
RMBS,2026-03-31,180189000.0,59858000.0,0.55,edgar,2026-04-28,2026-10-03,2026-10-03,0
RNAC,2023-09-30,6551000.0,-9002000.0,-1.74,edgar,2023-11-13,2026-10-03,2026-10-03,0
RNAC,2023-12-31,8266000.0,-177658000.0,-41.55,edgar,2024-03-07,2026-10-03,2026-10-03,0
RNAC,2024-03-31,5840000.0,-56824000.0,-10.5,edgar,2024-05-08,2026-10-03,2026-10-03,0
RNAC,2024-06-30,33271000.0,13836000.0,0.54,edgar,2024-08-08,2026-10-03,2026-10-03,0
RNAC,2024-09-30,0.0,-24183000.0,-1.13,edgar,2024-11-07,2026-10-03,2026-10-03,0
RNAC,2024-12-31,-836000.0,-10253000.0,6.6,edgar,2025-03-13,2026-10-03,2026-10-03,0
RNAC,2025-03-31,400000.0,-17710000.0,-0.68,edgar,2025-05-08,2026-10-03,2026-10-03,0
RNAC,2025-06-30,0.0,15886000.0,0.5,edgar,2025-08-07,2026-10-03,2026-10-03,0
RNAC,2025-09-30,0.0,-35902000.0,-1.38,edgar,2025-11-06,2026-10-03,2026-10-03,0
RNAC,2025-12-31,0.0,-92576000.0,-3.4599999999999995,edgar,2026-03-09,2026-10-03,2026-10-03,0
RNAC,2026-03-31,0.0,-39182000.0,-1.46,edgar,2026-04-30,2026-10-03,2026-10-03,0
RNAC,2026-06-30,0.0,15769000.0,0.46,edgar,2026-08-06,2026-10-03,2026-10-03,0
RNG,2023-09-30,558164000.0,-42116000.0,-0.45,edgar,2023-11-08,2026-10-03,2026-10-03,0
RNG,2023-12-31,571271000.0,-47243000.0,-0.49,edgar,2024-02-22,2026-10-03,2026-10-03,0
RNG,2024-03-31,584211000.0,-28494000.0,-0.31,edgar,2024-05-07,2026-10-03,2026-10-03,0
RNG,2024-06-30,592907000.0,-14753000.0,-0.16,edgar,2024-08-07,2026-10-03,2026-10-03,0
RNG,2024-09-30,608765000.0,-7853000.0,-0.09,edgar,2024-11-08,2026-10-03,2026-10-03,0
RNG,2024-12-31,614512000.0,-7188000.0,-0.06999999999999995,edgar,2025-02-26,2026-10-03,2026-10-03,0
RNG,2025-03-31,612056000.0,-10328000.0,-0.11,edgar,2025-05-09,2026-10-03,2026-10-03,0
RNG,2025-06-30,620398000.0,13193000.0,0.14,edgar,2025-08-07,2026-10-03,2026-10-03,0
RNG,2025-09-30,638655000.0,17559000.0,0.19,edgar,2025-11-05,2026-10-03,2026-10-03,0
RNG,2025-12-31,644033000.0,22967000.0,0.25999999999999995,edgar,2026-02-27,2026-10-03,2026-10-03,0
RNG,2026-03-31,644199000.0,30618000.0,0.35,edgar,2026-05-11,2026-10-03,2026-10-03,0
RNG,2026-06-30,657011000.0,39115000.0,0.45,edgar,2026-07-23,2026-10-03,2026-10-03,0
RNGR,2023-06-30,163200000.0,6100000.0,0.24,edgar,2023-08-08,2026-10-03,2026-10-03,0
RNGR,2023-09-30,164400000.0,9400000.0,0.38,edgar,2023-10-31,2026-10-03,2026-10-03,0
RNGR,2023-12-31,151500000.0,2100000.0,0.07999999999999996,edgar,2024-03-05,2026-10-03,2026-10-03,0
RNGR,2024-03-31,136900000.0,-800000.0,-0.03,edgar,2024-05-07,2026-10-03,2026-10-03,0
RNGR,2024-06-30,138100000.0,4700000.0,0.21,edgar,2024-07-30,2026-10-03,2026-10-03,0
RNGR,2024-09-30,153000000.0,8700000.0,0.39,edgar,2024-10-28,2026-10-03,2026-10-03,0
RNGR,2024-12-31,143100000.0,5800000.0,0.24,edgar,2025-03-04,2026-10-03,2026-10-03,0
RNGR,2025-03-31,135200000.0,600000.0,0.03,edgar,2025-04-30,2026-10-03,2026-10-03,0
RNGR,2025-06-30,140600000.0,7300000.0,0.32,edgar,2025-07-29,2026-10-03,2026-10-03,0
RNGR,2025-09-30,128900000.0,1200000.0,0.05,edgar,2025-11-10,2026-10-03,2026-10-03,0
RNGR,2025-12-31,142200000.0,3200000.0,0.14,edgar,2026-03-05,2026-10-03,2026-10-03,0
RNGR,2026-03-31,159100000.0,3000000.0,0.12,edgar,2026-04-28,2026-10-03,2026-10-03,0
RNR,2023-09-30,1835987000.0,202831000.0,3.8,edgar,2023-11-02,2026-10-03,2026-10-03,0
RNR,2023-12-31,3240290000.0,1585526000.0,31.470000000000002,edgar,2024-02-21,2026-10-03,2026-10-03,0
RNR,2024-03-31,2599425000.0,373642000.0,6.94,edgar,2024-05-01,2026-10-03,2026-10-03,0
RNR,2024-06-30,2828520000.0,503890000.0,9.41,edgar,2024-07-25,2026-10-03,2026-10-03,0
RNR,2024-09-30,3973775000.0,1182487000.0,22.62,edgar,2024-11-07,2026-10-03,2026-10-03,0
RNR,2024-12-31,2293428000.0,-189659000.0,-3.759999999999998,edgar,2025-02-12,2026-10-03,2026-10-03,0
RNR,2025-03-31,3470488000.0,169991000.0,3.27,edgar,2025-04-24,2026-10-03,2026-10-03,0
RNR,2025-06-30,3206599000.0,835351000.0,17.2,edgar,2025-07-24,2026-10-03,2026-10-03,0
RNR,2025-09-30,3198182000.0,916510000.0,19.4,edgar,2025-10-29,2026-10-03,2026-10-03,0
RNR,2025-12-31,2972805000.0,760482000.0,16.160000000000004,edgar,2026-02-11,2026-10-03,2026-10-03,0
RNR,2026-03-31,2194916000.0,293379000.0,6.57,edgar,2026-04-29,2026-10-03,2026-10-03,0
RNR,2026-06-30,2768601000.0,663078000.0,,edgar,2026-07-23,2026-10-03,2026-10-03,0
ROG,2023-06-30,230900000.0,17900000.0,0.96,edgar,2023-08-04,2026-10-03,2026-10-03,0
ROG,2023-09-30,229100000.0,19000000.0,1.02,edgar,2023-10-27,2026-10-03,2026-10-03,0
ROG,2023-12-31,204600000.0,23200000.0,1.2399999999999998,edgar,2024-02-27,2026-10-03,2026-10-03,0
ROG,2024-03-31,213400000.0,7800000.0,0.42,edgar,2024-04-26,2026-10-03,2026-10-03,0
ROG,2024-06-30,214200000.0,8100000.0,0.44,edgar,2024-07-26,2026-10-03,2026-10-03,0
ROG,2024-09-30,210300000.0,10700000.0,0.58,edgar,2024-10-25,2026-10-03,2026-10-03,0
ROG,2024-12-31,192200000.0,-500000.0,-0.040000000000000036,edgar,2025-02-26,2026-10-03,2026-10-03,0
ROG,2025-03-31,190500000.0,-1400000.0,-0.08,edgar,2025-04-30,2026-10-03,2026-10-03,0
ROG,2025-06-30,202800000.0,-73600000.0,-4.0,edgar,2025-08-01,2026-10-03,2026-10-03,0
ROG,2025-09-30,216000000.0,8600000.0,0.48,edgar,2025-10-30,2026-10-03,2026-10-03,0
ROG,2025-12-31,201500000.0,4600000.0,0.20000000000000018,edgar,2026-02-19,2026-10-03,2026-10-03,0
ROG,2026-03-31,200500000.0,4500000.0,0.25,edgar,2026-04-29,2026-10-03,2026-10-03,0
ROIV,2023-09-30,3648000.0,-304327000.0,-0.4,edgar,2023-11-13,2026-10-03,2026-10-03,0
ROIV,2023-12-31,15562000.0,5096184000.0,6.03,edgar,2024-02-13,2026-10-03,2026-10-03,0
ROIV,2024-03-31,-8121000.0,-151115000.0,-0.019999999999999574,edgar,2024-05-30,2026-10-03,2026-10-03,0
ROIV,2024-06-30,7990000.0,95297000.0,0.12,edgar,2024-08-09,2026-10-03,2026-10-03,0
ROIV,2024-09-30,4475000.0,-230184000.0,-0.31,edgar,2024-11-12,2026-10-03,2026-10-03,0
ROIV,2024-12-31,9018000.0,169381000.0,0.23,edgar,2025-02-10,2026-10-03,2026-10-03,0
ROIV,2025-03-31,7570000.0,-206475000.0,-0.28,edgar,2025-05-29,2026-10-03,2026-10-03,0
ROIV,2025-06-30,2170000.0,-223355000.0,-0.33,edgar,2025-08-11,2026-10-03,2026-10-03,0
ROIV,2025-09-30,1571000.0,-113519000.0,-0.17,edgar,2025-11-10,2026-10-03,2026-10-03,0
ROIV,2025-12-31,1999000.0,-265891000.0,-0.38,edgar,2026-02-06,2026-10-03,2026-10-03,0
ROIV,2026-03-31,2520000.0,302994000.0,0.33999999999999997,edgar,2026-05-20,2026-10-03,2026-10-03,0
ROIV,2026-06-30,1442000.0,-189837000.0,-0.26,edgar,2026-08-06,2026-10-03,2026-10-03,0
ROKU,2023-09-30,912018000.0,-330071000.0,-2.33,edgar,2023-11-02,2026-10-03,2026-10-03,0
ROKU,2023-12-31,984425000.0,-78291000.0,-0.54,edgar,2024-02-16,2026-10-03,2026-10-03,0
ROKU,2024-03-31,881469000.0,-50855000.0,-0.35,edgar,2024-04-26,2026-10-03,2026-10-03,0
ROKU,2024-06-30,968179000.0,-33953000.0,-0.24,edgar,2024-08-02,2026-10-03,2026-10-03,0
ROKU,2024-09-30,1062203000.0,-9030000.0,-0.06,edgar,2024-10-31,2026-10-03,2026-10-03,0
ROKU,2024-12-31,1201047000.0,-35548000.0,-0.2400000000000001,edgar,2025-02-14,2026-10-03,2026-10-03,0
ROKU,2025-03-31,1020672000.0,-27431000.0,-0.19,edgar,2025-05-02,2026-10-03,2026-10-03,0
ROKU,2025-06-30,1111038000.0,10503000.0,0.07,edgar,2025-08-01,2026-10-03,2026-10-03,0
ROKU,2025-09-30,1210638000.0,24812000.0,0.16,edgar,2025-10-31,2026-10-03,2026-10-03,0
ROKU,2025-12-31,1394903000.0,80477000.0,0.5499999999999999,edgar,2026-02-13,2026-10-03,2026-10-03,0
ROKU,2026-03-31,1248879000.0,85700000.0,0.57,edgar,2026-05-01,2026-10-03,2026-10-03,0
ROKU,2026-06-30,1354690000.0,164216000.0,1.08,edgar,2026-08-06,2026-10-03,2026-10-03,0
ROST,2023-10-28,4924849000.0,447327000.0,1.33,edgar,2023-12-06,2026-10-03,2026-10-03,0
ROST,2024-02-03,6022501000.0,609683000.0,1.8199999999999994,edgar,2024-04-02,2026-10-03,2026-10-03,0
ROST,2024-05-04,4858067000.0,487990000.0,1.46,edgar,2024-06-12,2026-10-03,2026-10-03,0
ROST,2024-08-03,5287519000.0,527148000.0,1.59,edgar,2024-09-11,2026-10-03,2026-10-03,0
ROST,2024-11-02,5071354000.0,488808000.0,1.48,edgar,2024-12-11,2026-10-03,2026-10-03,0
ROST,2025-02-01,5912279000.0,586784000.0,1.79,edgar,2025-04-01,2026-10-03,2026-10-03,0
ROST,2025-05-03,4984971000.0,479249000.0,1.47,edgar,2025-06-11,2026-10-03,2026-10-03,0
ROST,2025-08-02,5529152000.0,507995000.0,1.56,edgar,2025-09-10,2026-10-03,2026-10-03,0
ROST,2025-11-01,5600946000.0,511935000.0,1.58,edgar,2025-12-10,2026-10-03,2026-10-03,0
ROST,2026-01-31,6635490000.0,645865000.0,2.0,edgar,2026-03-31,2026-10-03,2026-10-03,0
ROST,2026-05-02,6010476000.0,649964000.0,2.02,edgar,2026-06-02,2026-10-03,2026-10-03,0
ROST,2026-08-01,6264886000.0,851299000.0,2.66,edgar,2026-09-01,2026-10-03,2026-10-03,0
RPRX,2023-09-30,536313000.0,72114000.0,0.16,edgar,2023-11-08,2026-10-03,2026-10-03,0
RPRX,2023-12-31,596068000.0,494340000.0,1.1099999999999999,edgar,2024-02-15,2026-10-03,2026-10-03,0
RPRX,2024-03-31,567978000.0,4778000.0,0.01,edgar,2024-05-09,2026-10-03,2026-10-03,0
RPRX,2024-06-30,537267000.0,102004000.0,0.23,edgar,2024-08-08,2026-10-03,2026-10-03,0
RPRX,2024-09-30,564690000.0,543987000.0,1.21,edgar,2024-11-06,2026-10-03,2026-10-03,0
RPRX,2024-12-31,593641000.0,208214000.0,0.45999999999999996,edgar,2025-02-12,2026-10-03,2026-10-03,0
RPRX,2025-03-31,568247000.0,239349000.0,0.55,edgar,2025-05-08,2026-10-03,2026-10-03,0
RPRX,2025-06-30,578665000.0,32176000.0,0.07,edgar,2025-08-06,2026-10-03,2026-10-03,0
RPRX,2025-09-30,609291000.0,288217000.0,0.67,edgar,2025-11-05,2026-10-03,2026-10-03,0
RPRX,2025-12-31,621990000.0,211205000.0,0.49,edgar,2026-02-11,2026-10-03,2026-10-03,0
RPRX,2026-03-31,630576000.0,294690000.0,0.67,edgar,2026-05-06,2026-10-03,2026-10-03,0
RPRX,2026-06-30,674141000.0,17883000.0,0.04,edgar,2026-08-05,2026-10-03,2026-10-03,0
RUM,2023-09-30,17982150.0,-29021042.0,-0.14,edgar,2023-11-13,2026-10-03,2026-10-03,0
RUM,2023-12-31,20391872.0,-29277227.0,-0.1499999999999999,edgar,2024-03-27,2026-10-03,2026-10-03,0
RUM,2024-03-31,17733456.0,-43290040.0,-0.21,edgar,2024-05-14,2026-10-03,2026-10-03,0
RUM,2024-06-30,22469543.0,-26780700.0,-0.13,edgar,2024-08-12,2026-10-03,2026-10-03,0
RUM,2024-09-30,25056904.0,-31539413.0,-0.15,edgar,2024-11-12,2026-10-03,2026-10-03,0
RUM,2024-12-31,30228287.0,-236752626.0,-1.17,edgar,2025-03-25,2026-10-03,2026-10-03,0
RUM,2025-03-31,23706790.0,-2650193.0,-0.01,edgar,2025-05-08,2026-10-03,2026-10-03,0
RUM,2025-06-30,987500.0,-30224930.0,-0.12,edgar,2025-08-11,2026-10-03,2026-10-03,0
RUM,2025-09-30,24762445.0,-16261762.0,-0.06,edgar,2025-11-10,2026-10-03,2026-10-03,0
RUM,2025-12-31,27068454.0,-32693477.0,-0.13,edgar,2026-03-05,2026-10-03,2026-10-03,0
RUM,2026-03-31,25459796.0,-30270370.0,-0.12,edgar,2026-05-14,2026-10-03,2026-10-03,0
RUM,2026-06-30,40366736.0,-79144706.0,-0.28,edgar,2026-08-10,2026-10-03,2026-10-03,0
RUSHB,2023-09-30,1891274000.0,80278000.0,0.96,edgar,2023-11-09,2026-10-03,2026-10-03,0
RUSHB,2023-12-31,1940366000.0,78992000.0,0.9500000000000002,edgar,2024-02-23,2026-10-03,2026-10-03,0
RUSHB,2024-03-31,1784078000.0,71608000.0,0.88,edgar,2024-05-10,2026-10-03,2026-10-03,0
RUSHB,2024-06-30,1939382000.0,78661000.0,97.0,edgar,2024-08-09,2026-10-03,2026-10-03,0
RUSHB,2024-09-30,1807004000.0,79132000.0,0.97,edgar,2024-11-07,2026-10-03,2026-10-03,0
RUSHB,2024-12-31,1919343000.0,75569000.0,-95.13,edgar,2025-02-24,2026-10-03,2026-10-03,0
RUSHB,2025-03-31,1760577000.0,60322000.0,0.73,edgar,2025-05-09,2026-10-03,2026-10-03,0
RUSHB,2025-06-30,1837583000.0,72438000.0,0.9,edgar,2025-08-08,2026-10-03,2026-10-03,0
RUSHB,2025-09-30,1787461000.0,66690000.0,0.83,edgar,2025-11-07,2026-10-03,2026-10-03,0
RUSHB,2025-12-31,1679019000.0,66580000.0,0.81,edgar,2026-02-25,2026-10-03,2026-10-03,0
RUSHB,2026-03-31,1591908000.0,61454000.0,0.77,edgar,2026-05-08,2026-10-03,2026-10-03,0
RUSHB,2026-06-30,1804832000.0,72761000.0,0.91,edgar,2026-08-07,2026-10-03,2026-10-03,0
RVMD,2022-03-31,7578000.0,-57647000.0,-0.78,edgar,2022-05-09,2026-10-03,2026-10-03,0
RVMD,2022-06-30,9116000.0,-61222000.0,-0.82,edgar,2022-08-09,2026-10-03,2026-10-03,0
RVMD,2022-09-30,3356000.0,-73329000.0,-0.87,edgar,2022-11-07,2026-10-03,2026-10-03,0
RVMD,2022-12-31,15330000.0,-56802000.0,-0.6100000000000003,edgar,2023-02-27,2026-10-03,2026-10-03,0
RVMD,2023-03-31,7014000.0,-68098000.0,-0.72,edgar,2023-05-08,2026-10-03,2026-10-03,0
RVMD,2023-06-30,3824000.0,-98298000.0,-0.92,edgar,2023-08-08,2026-10-03,2026-10-03,0
RVMD,2023-09-30,0.0,-108434000.0,-0.99,edgar,2023-11-06,2026-10-03,2026-10-03,0
RVMD,2023-12-31,742000.0,-161170000.0,-1.23,edgar,2024-02-26,2026-10-03,2026-10-03,0
RVMD,2024-03-31,0.0,-116003000.0,-0.7,edgar,2024-05-08,2026-10-03,2026-10-03,0
RVMD,2024-06-30,0.0,-133233000.0,-0.81,edgar,2024-08-07,2026-10-03,2026-10-03,0
RVMD,2024-09-30,0.0,-156288000.0,-0.94,edgar,2024-11-06,2026-10-03,2026-10-03,0
RVMD,2024-12-31,0.0,-194476000.0,-1.13,edgar,2025-02-26,2026-10-03,2026-10-03,0
RVTY,2023-10-01,670739000.0,9497000.0,0.08,edgar,2023-11-07,2026-10-03,2026-10-03,0
RVTY,2023-12-31,695901000.0,78563000.0,0.6899999999999995,edgar,2024-02-27,2026-10-03,2026-10-03,0
RVTY,2024-03-31,649920000.0,26013000.0,0.21,edgar,2024-05-07,2026-10-03,2026-10-03,0
RVTY,2024-06-30,691685000.0,55360000.0,0.45,edgar,2024-08-06,2026-10-03,2026-10-03,0
RVTY,2024-09-29,684049000.0,94367000.0,0.77,edgar,2024-11-06,2026-10-03,2026-10-03,0
RVTY,2024-12-29,729372000.0,94645000.0,0.7700000000000002,edgar,2025-02-25,2026-10-03,2026-10-03,0
RVTY,2025-03-30,664762000.0,42237000.0,0.35,edgar,2025-05-06,2026-10-03,2026-10-03,0
RVTY,2025-06-29,720284000.0,53948000.0,0.46,edgar,2025-08-05,2026-10-03,2026-10-03,0
RVTY,2025-09-28,698949000.0,46652000.0,0.4,edgar,2025-11-04,2026-10-03,2026-10-03,0
RVTY,2025-12-28,772056000.0,98364000.0,0.8599999999999999,edgar,2026-02-24,2026-10-03,2026-10-03,0
RVTY,2026-04-05,711118000.0,40718000.0,0.36,edgar,2026-05-12,2026-10-03,2026-10-03,0
RVTY,2026-07-05,729688000.0,51820000.0,0.47,edgar,2026-08-11,2026-10-03,2026-10-03,0
RXT,2023-09-30,732400000.0,-226600000.0,-1.05,edgar,2023-11-09,2026-10-03,2026-10-03,0
RXT,2023-12-31,719700000.0,28000000.0,0.1599999999999997,edgar,2024-03-15,2026-10-03,2026-10-03,0
RXT,2024-03-31,690800000.0,-640600000.0,-2.91,edgar,2024-05-15,2026-10-03,2026-10-03,0
RXT,2024-06-30,684900000.0,25000000.0,0.11,edgar,2024-08-09,2026-10-03,2026-10-03,0
RXT,2024-09-30,675800000.0,-186600000.0,-0.82,edgar,2024-11-12,2026-10-03,2026-10-03,0
RXT,2024-12-31,685600000.0,-56000000.0,-0.19999999999999973,edgar,2025-03-21,2026-10-03,2026-10-03,0
RXT,2025-03-31,665400000.0,-71500000.0,-0.31,edgar,2025-05-12,2026-10-03,2026-10-03,0
RXT,2025-06-30,666300000.0,-54500000.0,-0.23,edgar,2025-08-11,2026-10-03,2026-10-03,0
RXT,2025-09-30,671200000.0,-67100000.0,-0.28,edgar,2025-11-10,2026-10-03,2026-10-03,0
RXT,2025-12-31,682800000.0,-32700000.0,-0.1299999999999999,edgar,2026-03-06,2026-10-03,2026-10-03,0
RXT,2026-03-31,678100000.0,8300000.0,0.03,edgar,2026-05-08,2026-10-03,2026-10-03,0
RXT,2026-06-30,670100000.0,-67500000.0,-0.27,edgar,2026-08-10,2026-10-03,2026-10-03,0
RZC,2023-09-30,5153000000.0,287000000.0,4.29,edgar,2023-11-03,2026-10-03,2026-10-03,0
RZC,2023-12-31,5007000000.0,158000000.0,2.37,edgar,2024-02-26,2026-10-03,2026-10-03,0
RZC,2024-03-31,6337000000.0,210000000.0,3.16,edgar,2024-05-03,2026-10-03,2026-10-03,0
RZC,2024-06-30,4878000000.0,203000000.0,3.03,edgar,2024-08-02,2026-10-03,2026-10-03,0
RZC,2024-09-30,5651000000.0,156000000.0,2.33,edgar,2024-11-01,2026-10-03,2026-10-03,0
RZC,2024-12-31,5241000000.0,148000000.0,2.22,edgar,2025-02-21,2026-10-03,2026-10-03,0
RZC,2025-03-31,5260000000.0,286000000.0,4.27,edgar,2025-05-02,2026-10-03,2026-10-03,0
RZC,2025-06-30,5599000000.0,180000000.0,2.7,edgar,2025-08-01,2026-10-03,2026-10-03,0
RZC,2025-09-30,6204000000.0,253000000.0,3.81,edgar,2025-10-31,2026-10-03,2026-10-03,0
RZC,2025-12-31,6635000000.0,463000000.0,6.97,edgar,2026-02-20,2026-10-03,2026-10-03,0
RZC,2026-03-31,6494000000.0,330000000.0,4.98,edgar,2026-05-08,2026-10-03,2026-10-03,0
RZC,2026-06-30,6637000000.0,462000000.0,7.01,edgar,2026-08-07,2026-10-03,2026-10-03,0
S,2023-10-31,164165000.0,-70304000.0,-0.24,edgar,2023-12-05,2026-10-03,2026-10-03,0
S,2024-01-31,174175000.0,-71989000.0,-0.22999999999999998,edgar,2024-03-27,2026-10-03,2026-10-03,0
S,2024-04-30,186355000.0,-70105000.0,-0.23,edgar,2024-05-30,2026-10-03,2026-10-03,0
S,2024-07-31,198937000.0,-69184000.0,-0.22,edgar,2024-08-27,2026-10-03,2026-10-03,0
S,2024-10-31,210648000.0,-78364000.0,-0.25,edgar,2024-12-04,2026-10-03,2026-10-03,0
S,2025-01-31,225521000.0,-70747000.0,-0.22000000000000008,edgar,2025-03-26,2026-10-03,2026-10-03,0
S,2025-04-30,229029000.0,-208193000.0,-0.63,edgar,2025-05-28,2026-10-03,2026-10-03,0
S,2025-07-31,242183000.0,-72019000.0,-0.22,edgar,2025-08-28,2026-10-03,2026-10-03,0
S,2025-10-31,258913000.0,-60291000.0,-0.18,edgar,2025-12-04,2026-10-03,2026-10-03,0
S,2026-01-31,271153000.0,-110197000.0,-0.3400000000000001,edgar,2026-03-19,2026-10-03,2026-10-03,0
S,2026-04-30,276657000.0,-76164000.0,-0.23,edgar,2026-05-28,2026-10-03,2026-10-03,0
S,2026-07-31,291981000.0,-93400000.0,-0.27,edgar,2026-08-28,2026-10-03,2026-10-03,0
SABR,2023-09-30,740461000.0,-208284000.0,-0.61,edgar,2023-11-02,2026-10-03,2026-10-03,0
SABR,2023-12-31,421392000.0,-96459000.0,-0.24,edgar,2024-02-15,2026-10-03,2026-10-03,0
SABR,2024-03-31,782886000.0,-71483000.0,-0.19,edgar,2024-05-02,2026-10-03,2026-10-03,0
SABR,2024-06-30,695050000.0,-69760000.0,-0.18,edgar,2024-08-01,2026-10-03,2026-10-03,0
SABR,2024-09-30,691300000.0,-62818000.0,-0.16,edgar,2024-10-31,2026-10-03,2026-10-03,0
SABR,2024-12-31,575609000.0,-74698000.0,-0.19999999999999996,edgar,2025-02-20,2026-10-03,2026-10-03,0
SABR,2025-03-31,702126000.0,35548000.0,0.09,edgar,2025-05-07,2026-10-03,2026-10-03,0
SABR,2025-06-30,687149000.0,-256532000.0,-0.65,edgar,2025-08-07,2026-10-03,2026-10-03,0
SABR,2025-09-30,715183000.0,848478000.0,1.98,edgar,2025-11-05,2026-10-03,2026-10-03,0
SABR,2025-12-31,666525000.0,-103532000.0,-0.07999999999999985,edgar,2026-02-18,2026-10-03,2026-10-03,0
SABR,2026-03-31,760326000.0,8008000.0,0.02,edgar,2026-05-07,2026-10-03,2026-10-03,0
SABR,2026-06-30,711961000.0,-36155000.0,-0.09,edgar,2026-08-06,2026-10-03,2026-10-03,0
SAIC,2023-11-03,1895000000.0,93000000.0,1.76,edgar,2023-12-04,2026-10-03,2026-10-03,0
SAIC,2024-02-02,1737000000.0,39000000.0,0.7700000000000014,edgar,2024-03-20,2026-10-03,2026-10-03,0
SAIC,2024-05-03,1847000000.0,77000000.0,1.48,edgar,2024-06-03,2026-10-03,2026-10-03,0
SAIC,2024-08-02,1818000000.0,81000000.0,1.58,edgar,2024-09-05,2026-10-03,2026-10-03,0
SAIC,2024-11-01,1976000000.0,106000000.0,2.13,edgar,2024-12-05,2026-10-03,2026-10-03,0
SAIC,2025-01-31,1838000000.0,98000000.0,1.9800000000000004,edgar,2025-03-17,2026-10-03,2026-10-03,0
SAIC,2025-05-02,1877000000.0,68000000.0,1.42,edgar,2025-06-02,2026-10-03,2026-10-03,0
SAIC,2025-08-01,1769000000.0,127000000.0,2.71,edgar,2025-09-04,2026-10-03,2026-10-03,0
SAIC,2025-10-31,1866000000.0,78000000.0,1.69,edgar,2025-12-04,2026-10-03,2026-10-03,0
SAIC,2026-01-30,1750000000.0,85000000.0,1.88,edgar,2026-03-16,2026-10-03,2026-10-03,0
SAIC,2026-05-01,1906000000.0,115000000.0,2.61,edgar,2026-06-01,2026-10-03,2026-10-03,0
SAIC,2026-07-31,1880000000.0,102000000.0,2.38,edgar,2026-08-31,2026-10-03,2026-10-03,0
SAIL,2024-04-30,187656000.0,-89176000.0,-0.77,edgar,2025-06-12,2026-10-03,2026-10-03,0
SAIL,2024-07-31,198575000.0,-87130000.0,-2.97,edgar,2025-09-10,2026-10-03,2026-10-03,0
SAIL,2024-10-31,235259000.0,-59420000.0,-2.67,edgar,2025-12-10,2026-10-03,2026-10-03,0
SAIL,2025-01-31,240121000.0,-80104000.0,-6.5,edgar,2026-03-19,2026-10-03,2026-10-03,0
SAIL,2025-04-30,230468000.0,-187312000.0,-0.42,edgar,2025-06-12,2026-10-03,2026-10-03,0
SAIL,2025-07-31,264359000.0,-10552000.0,-0.02,edgar,2025-09-10,2026-10-03,2026-10-03,0
SAIL,2025-10-31,281942000.0,-35975000.0,-0.06,edgar,2025-12-10,2026-10-03,2026-10-03,0
SAIL,2026-01-31,294647000.0,-36211000.0,-0.040000000000000036,edgar,2026-03-19,2026-10-03,2026-10-03,0
SAIL,2026-04-30,280142000.0,-74674000.0,-0.13,edgar,2026-06-10,2026-10-03,2026-10-03,0
SAIL,2026-07-31,308813000.0,-50360000.0,-0.09,edgar,2026-09-10,2026-10-03,2026-10-03,0
SATA,2023-03-31,61135.0,-1071251.0,-0.06,edgar,2023-05-11,2026-10-03,2026-10-03,0
SATA,2023-06-30,74912.0,-1321057.0,-0.48,edgar,2023-08-14,2026-10-03,2026-10-03,0
SATA,2023-09-30,60135.0,-1190491.0,-0.43,edgar,2023-11-14,2026-10-03,2026-10-03,0
SATA,2023-12-31,80856.0,-1348398.0,-0.8800000000000001,edgar,2024-04-02,2026-10-03,2026-10-03,0
SATA,2024-03-31,124841.0,-4791000.0,-0.49,edgar,2024-05-15,2026-10-03,2026-10-03,0
SATA,2024-06-30,92966.0,-5869000.0,-0.58,edgar,2024-08-14,2026-10-03,2026-10-03,0
SATA,2024-09-30,984000.0,-6802000.0,-3.06,edgar,2025-11-14,2026-10-03,2026-10-03,0
SATA,2024-12-31,212761.0,-4118000.0,-5.62,edgar,2025-03-31,2026-10-03,2026-10-03,0
SATA,2025-03-31,1423000.0,-3749000.0,-1.65,edgar,2026-05-14,2026-10-03,2026-10-03,0
SATA,2025-06-30,1511000.0,-8875000.0,-3.86,edgar,2026-08-10,2026-10-03,2026-10-03,0
SATA,2026-03-31,2760000.0,-265906000.0,-4.53,edgar,2026-05-14,2026-10-03,2026-10-03,0
SATA,2026-06-30,2941000.0,-257603000.0,-3.77,edgar,2026-08-10,2026-10-03,2026-10-03,0
SATL,2024-03-31,3328000.0,-15178000.0,-0.17,edgar,2025-05-13,2026-10-03,2026-10-03,0
SATL,2024-06-30,3501000.0,-18101000.0,-0.2,edgar,2025-08-12,2026-10-03,2026-10-03,0
SATL,2024-09-30,2817000.0,-12090000.0,-0.13,edgar,2025-11-10,2026-10-03,2026-10-03,0
SATL,2024-12-31,3224000.0,-70903000.0,-0.78,edgar,2025-03-26,2026-10-03,2026-10-03,0
SATL,2025-03-31,3387000.0,-32581000.0,-0.34,edgar,2025-05-13,2026-10-03,2026-10-03,0
SATL,2025-06-30,4440000.0,-6652000.0,-0.06,edgar,2025-08-12,2026-10-03,2026-10-03,0
SATL,2025-09-30,3633000.0,3967000.0,-0.02,edgar,2025-11-10,2026-10-03,2026-10-03,0
SATL,2025-12-31,6247000.0,30483000.0,0.24000000000000005,edgar,2026-03-19,2026-10-03,2026-10-03,0
SATL,2026-03-31,6107000.0,-118302000.0,-0.84,edgar,2026-05-12,2026-10-03,2026-10-03,0
SATL,2026-06-30,15919000.0,-20049000.0,-0.13,edgar,2026-08-06,2026-10-03,2026-10-03,0
SBC,2023-09-30,47278685.0,8356414.0,0.09,edgar,2024-11-13,2026-10-03,2026-10-03,0
SBC,2024-03-31,54808042.0,18757752.0,0.2,edgar,2025-05-15,2026-10-03,2026-10-03,0
SBC,2024-06-30,53102080.0,18484408.0,0.2,edgar,2025-08-13,2026-10-03,2026-10-03,0
SBC,2024-09-30,53084883.0,2832894.0,0.03,edgar,2024-11-13,2026-10-03,2026-10-03,0
SBC,2024-12-31,44420537.0,6539221.0,0.04999999999999993,edgar,2025-03-28,2026-10-03,2026-10-03,0
SBC,2025-03-31,47328701.0,21502446.0,0.21,edgar,2025-05-15,2026-10-03,2026-10-03,0
SBC,2025-06-30,43358847.0,2458240.0,0.02,edgar,2025-08-13,2026-10-03,2026-10-03,0
SBC,2025-09-30,43353235.0,12824636.0,0.12,edgar,2025-11-14,2026-10-03,2026-10-03,0
SBC,2025-12-31,39566706.0,14200291.0,0.15000000000000002,edgar,2026-03-27,2026-10-03,2026-10-03,0
SBC,2026-03-31,43060562.0,11308071.0,0.11,edgar,2026-05-14,2026-10-03,2026-10-03,0
SBC,2026-06-30,49188068.0,10692822.0,0.1,edgar,2026-08-13,2026-10-03,2026-10-03,0
SCCD,2022-12-31,15885533.0,6275970.0,0.13,edgar,2023-03-31,2026-10-03,2026-10-03,0
SCCD,2023-03-31,14707759.0,5120222.0,0.1,edgar,2023-05-15,2026-10-03,2026-10-03,0
SCCD,2023-06-30,16273000.0,5698000.0,0.11,edgar,2023-08-14,2026-10-03,2026-10-03,0
SCCD,2023-09-30,17775000.0,6190000.0,0.12,edgar,2023-11-13,2026-10-03,2026-10-03,0
SCCD,2023-12-31,15993241.0,-1109069.0,-0.06,edgar,2024-04-01,2026-10-03,2026-10-03,0
SCCD,2024-03-31,16803000.0,4670000.0,0.08,edgar,2024-05-10,2026-10-03,2026-10-03,0
SCCD,2024-06-30,15146000.0,-3056000.0,-0.09,edgar,2024-08-14,2026-10-03,2026-10-03,0
SCCD,2024-09-30,14785000.0,-5051000.0,-0.13,edgar,2024-11-14,2026-10-03,2026-10-03,0
SCCD,2024-12-31,10766000.0,-36133938.0,-0.79,edgar,2025-03-31,2026-10-03,2026-10-03,0
SCCD,2025-03-31,11442000.0,904000.0,0.0,edgar,2025-05-01,2026-10-03,2026-10-03,0
SCCD,2025-06-30,10775000.0,1887000.0,0.02,edgar,2025-08-05,2026-10-03,2026-10-03,0
SCCD,2025-09-30,12000000.0,997000.0,0.0,edgar,2025-11-05,2026-10-03,2026-10-03,0
SCCE,2022-12-31,15885533.0,6275970.0,0.13,edgar,2023-03-31,2026-10-03,2026-10-03,0
SCCE,2023-03-31,14707759.0,5120222.0,0.1,edgar,2023-05-15,2026-10-03,2026-10-03,0
SCCE,2023-06-30,16273000.0,5698000.0,0.11,edgar,2023-08-14,2026-10-03,2026-10-03,0
SCCE,2023-09-30,17775000.0,6190000.0,0.12,edgar,2023-11-13,2026-10-03,2026-10-03,0
SCCE,2023-12-31,15993241.0,-1109069.0,-0.06,edgar,2024-04-01,2026-10-03,2026-10-03,0
SCCE,2024-03-31,16803000.0,4670000.0,0.08,edgar,2024-05-10,2026-10-03,2026-10-03,0
SCCE,2024-06-30,15146000.0,-3056000.0,-0.09,edgar,2024-08-14,2026-10-03,2026-10-03,0
SCCE,2024-09-30,14785000.0,-5051000.0,-0.13,edgar,2024-11-14,2026-10-03,2026-10-03,0
SCCE,2024-12-31,10766000.0,-36133938.0,-0.79,edgar,2025-03-31,2026-10-03,2026-10-03,0
SCCE,2025-03-31,11442000.0,904000.0,0.0,edgar,2025-05-01,2026-10-03,2026-10-03,0
SCCE,2025-06-30,10775000.0,1887000.0,0.02,edgar,2025-08-05,2026-10-03,2026-10-03,0
SCCE,2025-09-30,12000000.0,997000.0,0.0,edgar,2025-11-05,2026-10-03,2026-10-03,0
SCCF,2022-12-31,15885533.0,6275970.0,0.13,edgar,2023-03-31,2026-10-03,2026-10-03,0
SCCF,2023-03-31,14707759.0,5120222.0,0.1,edgar,2023-05-15,2026-10-03,2026-10-03,0
SCCF,2023-06-30,16273000.0,5698000.0,0.11,edgar,2023-08-14,2026-10-03,2026-10-03,0
SCCF,2023-09-30,17775000.0,6190000.0,0.12,edgar,2023-11-13,2026-10-03,2026-10-03,0
SCCF,2023-12-31,15993241.0,-1109069.0,-0.06,edgar,2024-04-01,2026-10-03,2026-10-03,0
SCCF,2024-03-31,16803000.0,4670000.0,0.08,edgar,2024-05-10,2026-10-03,2026-10-03,0
SCCF,2024-06-30,15146000.0,-3056000.0,-0.09,edgar,2024-08-14,2026-10-03,2026-10-03,0
SCCF,2024-09-30,14785000.0,-5051000.0,-0.13,edgar,2024-11-14,2026-10-03,2026-10-03,0
SCCF,2024-12-31,10766000.0,-36133938.0,-0.79,edgar,2025-03-31,2026-10-03,2026-10-03,0
SCCF,2025-03-31,11442000.0,904000.0,0.0,edgar,2025-05-01,2026-10-03,2026-10-03,0
SCCF,2025-06-30,10775000.0,1887000.0,0.02,edgar,2025-08-05,2026-10-03,2026-10-03,0
SCCF,2025-09-30,12000000.0,997000.0,0.0,edgar,2025-11-05,2026-10-03,2026-10-03,0
SCCG,2022-12-31,15885533.0,6275970.0,0.13,edgar,2023-03-31,2026-10-03,2026-10-03,0
SCCG,2023-03-31,14707759.0,5120222.0,0.1,edgar,2023-05-15,2026-10-03,2026-10-03,0
SCCG,2023-06-30,16273000.0,5698000.0,0.11,edgar,2023-08-14,2026-10-03,2026-10-03,0
SCCG,2023-09-30,17775000.0,6190000.0,0.12,edgar,2023-11-13,2026-10-03,2026-10-03,0
SCCG,2023-12-31,15993241.0,-1109069.0,-0.06,edgar,2024-04-01,2026-10-03,2026-10-03,0
SCCG,2024-03-31,16803000.0,4670000.0,0.08,edgar,2024-05-10,2026-10-03,2026-10-03,0
SCCG,2024-06-30,15146000.0,-3056000.0,-0.09,edgar,2024-08-14,2026-10-03,2026-10-03,0
SCCG,2024-09-30,14785000.0,-5051000.0,-0.13,edgar,2024-11-14,2026-10-03,2026-10-03,0
SCCG,2024-12-31,10766000.0,-36133938.0,-0.79,edgar,2025-03-31,2026-10-03,2026-10-03,0
SCCG,2025-03-31,11442000.0,904000.0,0.0,edgar,2025-05-01,2026-10-03,2026-10-03,0
SCCG,2025-06-30,10775000.0,1887000.0,0.02,edgar,2025-08-05,2026-10-03,2026-10-03,0
SCCG,2025-09-30,12000000.0,997000.0,0.0,edgar,2025-11-05,2026-10-03,2026-10-03,0
SCL,2023-09-30,562226000.0,12571000.0,0.55,edgar,2023-11-02,2026-10-03,2026-10-03,0
SCL,2023-12-31,532131000.0,-1193000.0,-0.050000000000000044,edgar,2024-02-29,2026-10-03,2026-10-03,0
SCL,2024-03-31,551418000.0,13893000.0,0.61,edgar,2024-05-08,2026-10-03,2026-10-03,0
SCL,2024-06-30,556405000.0,9521000.0,0.42,edgar,2024-08-08,2026-10-03,2026-10-03,0
SCL,2024-09-30,546842000.0,23606000.0,1.03,edgar,2024-11-06,2026-10-03,2026-10-03,0
SCL,2024-12-31,525609000.0,3350000.0,0.14000000000000012,edgar,2025-02-27,2026-10-03,2026-10-03,0
SCL,2025-03-31,593255000.0,19711000.0,0.86,edgar,2025-05-07,2026-10-03,2026-10-03,0
SCL,2025-06-30,594689000.0,11341000.0,0.5,edgar,2025-08-06,2026-10-03,2026-10-03,0
SCL,2025-09-30,590284000.0,10839000.0,0.47,edgar,2025-11-05,2026-10-03,2026-10-03,0
SCL,2025-12-31,553886000.0,5004000.0,0.21999999999999975,edgar,2026-02-26,2026-10-03,2026-10-03,0
SCL,2026-03-31,604509000.0,-41406000.0,-1.81,edgar,2026-05-06,2026-10-03,2026-10-03,0
SCL,2026-06-30,684109000.0,22911000.0,1.0,edgar,2026-08-05,2026-10-03,2026-10-03,0
SCSC,2023-09-30,876305000.0,15432000.0,0.61,edgar,2023-11-09,2026-10-03,2026-10-03,0
SCSC,2023-12-31,884792000.0,32726000.0,1.29,edgar,2024-02-06,2026-10-03,2026-10-03,0
SCSC,2024-03-31,752599000.0,12806000.0,0.5,edgar,2024-05-07,2026-10-03,2026-10-03,0
SCSC,2024-06-30,746113000.0,16096000.0,0.6600000000000001,edgar,2024-08-27,2026-10-03,2026-10-03,0
SCSC,2024-09-30,775580000.0,16974000.0,0.69,edgar,2024-11-07,2026-10-03,2026-10-03,0
SCSC,2024-12-31,747497000.0,17053000.0,0.7,edgar,2025-01-30,2026-10-03,2026-10-03,0
SCSC,2025-03-31,704847000.0,17431000.0,0.74,edgar,2025-05-08,2026-10-03,2026-10-03,0
SCSC,2025-06-30,812886000.0,20090000.0,0.8700000000000001,edgar,2025-08-21,2026-10-03,2026-10-03,0
SCSC,2025-09-30,739650000.0,19878000.0,0.89,edgar,2025-11-06,2026-10-03,2026-10-03,0
SCSC,2025-12-31,766512000.0,16493000.0,0.75,edgar,2026-02-05,2026-10-03,2026-10-03,0
SCSC,2026-03-31,766790000.0,16885000.0,0.78,edgar,2026-05-07,2026-10-03,2026-10-03,0
SCSC,2026-06-30,953110000.0,25617000.0,1.2200000000000002,edgar,2026-08-20,2026-10-03,2026-10-03,0
SDGR,2023-09-30,42569000.0,-62024000.0,-0.86,edgar,2023-11-01,2026-10-03,2026-10-03,0
SDGR,2023-12-31,74126000.0,-30670000.0,-0.4099999999999999,edgar,2024-02-28,2026-10-03,2026-10-03,0
SDGR,2024-03-31,36598000.0,-54724000.0,-0.76,edgar,2024-05-01,2026-10-03,2026-10-03,0
SDGR,2024-06-30,47334000.0,-54047000.0,-0.74,edgar,2024-07-31,2026-10-03,2026-10-03,0
SDGR,2024-09-30,35290000.0,-38136000.0,-0.52,edgar,2024-11-12,2026-10-03,2026-10-03,0
SDGR,2024-12-31,88317000.0,-40216000.0,-0.5499999999999998,edgar,2025-02-26,2026-10-03,2026-10-03,0
SDGR,2025-03-31,59551000.0,-59808000.0,-0.82,edgar,2025-05-07,2026-10-03,2026-10-03,0
SDGR,2025-06-30,54759000.0,-43173000.0,-0.59,edgar,2025-08-06,2026-10-03,2026-10-03,0
SDGR,2025-09-30,54324000.0,-32795000.0,-0.45,edgar,2025-11-05,2026-10-03,2026-10-03,0
SDGR,2025-12-31,87235000.0,32511000.0,0.44999999999999996,edgar,2026-02-25,2026-10-03,2026-10-03,0
SDGR,2026-03-31,58587000.0,-60026000.0,-0.81,edgar,2026-05-05,2026-10-03,2026-10-03,0
SDGR,2026-06-30,58889000.0,5975000.0,0.08,edgar,2026-08-05,2026-10-03,2026-10-03,0
SDRL,2022-06-30,182000000.0,-36000000.0,-0.72,edgar,2022-09-01,2026-10-03,2026-10-03,0
SDRL,2023-06-30,329000000.0,94000000.0,1.16,edgar,2023-08-15,2026-10-03,2026-10-03,0
SDRL,2024-03-31,275000000.0,60000000.0,0.81,edgar,2025-05-12,2026-10-03,2026-10-03,0
SDRL,2024-06-30,267000000.0,253000000.0,3.49,edgar,2024-08-05,2026-10-03,2026-10-03,0
SDRL,2024-09-30,263000000.0,32000000.0,0.49,edgar,2025-11-06,2026-10-03,2026-10-03,0
SDRL,2024-12-31,204000000.0,101000000.0,1.58,edgar,2025-02-27,2026-10-03,2026-10-03,0
SDRL,2025-03-31,248000000.0,-14000000.0,-0.23,edgar,2025-05-12,2026-10-03,2026-10-03,0
SDRL,2025-06-30,288000000.0,-42000000.0,-0.68,edgar,2025-08-07,2026-10-03,2026-10-03,0
SDRL,2025-09-30,280000000.0,-11000000.0,-0.17,edgar,2025-11-06,2026-10-03,2026-10-03,0
SDRL,2025-12-31,273000000.0,-10000000.0,,edgar,2026-02-26,2026-10-03,2026-10-03,0
SDRL,2026-03-31,277000000.0,-7000000.0,-0.11,edgar,2026-05-11,2026-10-03,2026-10-03,0
SDRL,2026-06-30,355000000.0,29000000.0,0.47,edgar,2026-08-10,2026-10-03,2026-10-03,0
SEG,2023-06-30,37541000.0,-28146000.0,,edgar,2024-08-22,2026-10-03,2026-10-03,0
SEG,2023-09-30,40486000.0,-736154000.0,-133.31,edgar,2024-11-07,2026-10-03,2026-10-03,0
SEG,2024-03-31,14511000.0,-44078000.0,-7.98,edgar,2025-05-12,2026-10-03,2026-10-03,0
SEG,2024-06-30,33670000.0,-34997000.0,-6.34,edgar,2024-08-22,2026-10-03,2026-10-03,0
SEG,2024-09-30,39430000.0,-32511000.0,-5.89,edgar,2024-11-07,2026-10-03,2026-10-03,0
SEG,2024-12-31,22612000.0,-41626000.0,3.3900000000000006,edgar,2025-03-10,2026-10-03,2026-10-03,0
SEG,2025-03-31,16069000.0,-31888000.0,-2.51,edgar,2025-05-12,2026-10-03,2026-10-03,0
SEG,2025-06-30,39801000.0,-14774000.0,-1.16,edgar,2025-08-11,2026-10-03,2026-10-03,0
SEG,2025-09-30,45050000.0,-33214000.0,-2.61,edgar,2025-11-10,2026-10-03,2026-10-03,0
SEG,2025-12-31,29488000.0,-36866000.0,-2.9000000000000004,edgar,2026-03-04,2026-10-03,2026-10-03,0
SEG,2026-03-31,12737000.0,-44103000.0,-3.47,edgar,2026-05-06,2026-10-03,2026-10-03,0
SEG,2026-06-30,34290000.0,-10458000.0,-0.82,edgar,2026-08-05,2026-10-03,2026-10-03,0
SEI,2023-09-30,69676000.0,4934000.0,,edgar,2023-10-31,2026-10-03,2026-10-03,0
SEI,2023-12-31,63347000.0,4301000.0,,edgar,2024-02-27,2026-10-03,2026-10-03,0
SEI,2024-03-31,67890000.0,4317000.0,,edgar,2024-04-26,2026-10-03,2026-10-03,0
SEI,2024-06-30,73886000.0,6208000.0,,edgar,2024-08-09,2026-10-03,2026-10-03,0
SEI,2024-09-30,75018000.0,-968000.0,,edgar,2024-11-07,2026-10-03,2026-10-03,0
SEI,2024-12-31,96297000.0,6251000.0,,edgar,2025-03-05,2026-10-03,2026-10-03,0
SEI,2025-03-31,87226000.0,5320000.0,,edgar,2026-05-01,2026-10-03,2026-10-03,0
SEI,2025-06-30,87435000.0,11955000.0,,edgar,2026-08-06,2026-10-03,2026-10-03,0
SEI,2025-09-30,166843000.0,14550000.0,,edgar,2025-11-06,2026-10-03,2026-10-03,0
SEI,2025-12-31,179702000.0,-1656000.0,,edgar,2026-02-27,2026-10-03,2026-10-03,0
SEI,2026-03-31,90875000.0,21438000.0,,edgar,2026-05-01,2026-10-03,2026-10-03,0
SEI,2026-06-30,113682000.0,20486000.0,,edgar,2026-08-06,2026-10-03,2026-10-03,0
SEIC,2023-09-30,476759000.0,115661000.0,0.87,edgar,2023-10-27,2026-10-03,2026-10-03,0
SEIC,2023-12-31,484858000.0,120731000.0,0.9100000000000001,edgar,2024-02-20,2026-10-03,2026-10-03,0
SEIC,2024-03-31,511579000.0,131400000.0,0.99,edgar,2024-04-29,2026-10-03,2026-10-03,0
SEIC,2024-06-30,518986000.0,139120000.0,1.05,edgar,2024-07-26,2026-10-03,2026-10-03,0
SEIC,2024-09-30,537396000.0,154900000.0,1.19,edgar,2024-10-25,2026-10-03,2026-10-03,0
SEIC,2024-12-31,557190000.0,155771000.0,1.1800000000000002,edgar,2025-02-20,2026-10-03,2026-10-03,0
SEIC,2025-03-31,551344000.0,151517000.0,1.17,edgar,2025-04-28,2026-10-03,2026-10-03,0
SEIC,2025-06-30,559601000.0,227083000.0,1.78,edgar,2025-07-28,2026-10-03,2026-10-03,0
SEIC,2025-09-30,578511000.0,164204000.0,1.3,edgar,2025-10-27,2026-10-03,2026-10-03,0
SEIC,2025-12-31,607925000.0,172501000.0,1.38,edgar,2026-02-23,2026-10-03,2026-10-03,0
SEIC,2026-03-31,622183000.0,174487000.0,1.4,edgar,2026-04-27,2026-10-03,2026-10-03,0
SEIC,2026-06-30,641617000.0,195658000.0,1.59,edgar,2026-07-27,2026-10-03,2026-10-03,0
SENEB,2023-07-01,298664000.0,23111000.0,3.01,edgar,2023-08-09,2026-10-03,2026-10-03,0
SENEB,2023-09-30,407475000.0,24779000.0,3.29,edgar,2023-11-09,2026-10-03,2026-10-03,0
SENEB,2023-12-31,444481000.0,17675000.0,2.45,edgar,2024-02-08,2026-10-03,2026-10-03,0
SENEB,2024-06-29,304727000.0,12661000.0,1.8,edgar,2024-08-08,2026-10-03,2026-10-03,0
SENEB,2024-09-28,425465000.0,13303000.0,1.9,edgar,2024-11-06,2026-10-03,2026-10-03,0
SENEB,2024-12-28,502856000.0,14659000.0,2.1,edgar,2025-02-06,2026-10-03,2026-10-03,0
SENEB,2025-03-31,345839000.0,601000.0,0.10000000000000053,edgar,2025-06-12,2026-10-03,2026-10-03,0
SENEB,2025-06-28,297458000.0,14885000.0,2.14,edgar,2025-08-07,2026-10-03,2026-10-03,0
SENEB,2025-09-27,460022000.0,29739000.0,4.29,edgar,2025-11-05,2026-10-03,2026-10-03,0
SENEB,2025-12-27,508348000.0,44768000.0,6.48,edgar,2026-02-05,2026-10-03,2026-10-03,0
SENEB,2026-06-27,405174000.0,19507000.0,2.85,edgar,2026-08-06,2026-10-03,2026-10-03,0
SENS,2023-09-30,6097000.0,-24103000.0,-0.04,edgar,2023-11-09,2026-10-03,2026-10-03,0
SENS,2023-12-31,8030000.0,-17198000.0,-0.03,edgar,2024-03-01,2026-10-03,2026-10-03,0
SENS,2024-03-31,5047000.0,-18877000.0,-0.03,edgar,2024-05-13,2026-10-03,2026-10-03,0
SENS,2024-06-30,4865000.0,-20287000.0,-0.03,edgar,2024-08-08,2026-10-03,2026-10-03,0
SENS,2024-09-30,4263000.0,-23976000.0,-0.77,edgar,2024-11-07,2026-10-03,2026-10-03,0
SENS,2024-12-31,8297000.0,-15460000.0,-1.67,edgar,2025-03-03,2026-10-03,2026-10-03,0
SENS,2025-03-31,6257000.0,-14259000.0,-0.4,edgar,2025-05-08,2026-10-03,2026-10-03,0
SENS,2025-06-30,6649000.0,-14501000.0,-0.36,edgar,2025-08-06,2026-10-03,2026-10-03,0
SENS,2025-09-30,8095000.0,-19530000.0,-0.43,edgar,2025-11-05,2026-10-03,2026-10-03,0
SENS,2025-12-31,14256000.0,-20810000.0,-0.47,edgar,2026-03-02,2026-10-03,2026-10-03,0
SENS,2026-03-31,11711000.0,-32333000.0,-0.71,edgar,2026-05-07,2026-10-03,2026-10-03,0
SENS,2026-06-30,14483000.0,-36705000.0,-0.63,edgar,2026-08-06,2026-10-03,2026-10-03,0
SEPN,2023-09-30,33000.0,-10945000.0,-5.45,edgar,2024-11-20,2026-10-03,2026-10-03,0
SEPN,2024-03-31,317000.0,-14097000.0,-6.35,edgar,2025-05-15,2026-10-03,2026-10-03,0
SEPN,2024-06-30,370000.0,-16510000.0,-7.03,edgar,2025-08-11,2026-10-03,2026-10-03,0
SEPN,2024-09-30,176000.0,-20523000.0,-8.4,edgar,2024-11-20,2026-10-03,2026-10-03,0
SEPN,2024-12-31,212000.0,-20668000.0,14.520000000000001,edgar,2025-03-27,2026-10-03,2026-10-03,0
SEPN,2025-03-31,219000.0,-21476000.0,-0.49,edgar,2025-05-15,2026-10-03,2026-10-03,0
SEPN,2025-06-30,119000.0,-24838000.0,-0.56,edgar,2025-08-11,2026-10-03,2026-10-03,0
SEPN,2025-09-30,21495000.0,8173000.0,0.18,edgar,2025-11-10,2026-10-03,2026-10-03,0
SEPN,2025-12-31,24118000.0,-10738000.0,-0.22999999999999998,edgar,2026-03-09,2026-10-03,2026-10-03,0
SEPN,2026-03-31,26523000.0,-8637000.0,-0.19,edgar,2026-05-11,2026-10-03,2026-10-03,0
SEPN,2026-06-30,26746000.0,-13034000.0,-0.29,edgar,2026-08-10,2026-10-03,2026-10-03,0
SGHT,2023-09-30,20009000.0,-13035000.0,-0.27,edgar,2023-11-07,2026-10-03,2026-10-03,0
SGHT,2023-12-31,18752000.0,-10691000.0,-0.21999999999999997,edgar,2024-03-13,2026-10-03,2026-10-03,0
SGHT,2024-03-31,19265000.0,-16266000.0,-0.33,edgar,2024-05-06,2026-10-03,2026-10-03,0
SGHT,2024-06-30,21370000.0,-12329000.0,-0.25,edgar,2024-08-02,2026-10-03,2026-10-03,0
SGHT,2024-09-30,20157000.0,-11066000.0,-0.22,edgar,2024-11-07,2026-10-03,2026-10-03,0
SGHT,2024-12-31,19074000.0,-11846000.0,-0.22999999999999998,edgar,2025-03-07,2026-10-03,2026-10-03,0
SGHT,2025-03-31,17508000.0,-14154000.0,-0.28,edgar,2025-05-08,2026-10-03,2026-10-03,0
SGHT,2025-06-30,19564000.0,-11941000.0,-0.23,edgar,2025-08-07,2026-10-03,2026-10-03,0
SGHT,2025-09-30,19906000.0,-8169000.0,-0.16,edgar,2025-11-06,2026-10-03,2026-10-03,0
SGHT,2025-12-31,20385000.0,-4162000.0,-0.06999999999999995,edgar,2026-03-04,2026-10-03,2026-10-03,0
SGHT,2026-03-31,19698000.0,-12980000.0,-0.24,edgar,2026-05-06,2026-10-03,2026-10-03,0
SGHT,2026-06-30,23388000.0,-4446000.0,-0.08,edgar,2026-08-05,2026-10-03,2026-10-03,0
SGMT,2023-09-30,2000000.0,-6353000.0,-0.35,edgar,2023-11-13,2026-10-03,2026-10-03,0
SHBI,2023-09-30,6349000.0,-9737000.0,-0.29,edgar,2023-11-14,2026-10-03,2026-10-03,0
SHBI,2023-12-31,4538000.0,10490000.0,0.18999999999999995,edgar,2024-03-15,2026-10-03,2026-10-03,0
SHBI,2024-03-31,4709000.0,8184000.0,0.25,edgar,2024-05-09,2026-10-03,2026-10-03,0
SHBI,2024-06-30,5252000.0,11234000.0,0.34,edgar,2024-08-09,2026-10-03,2026-10-03,0
SHBI,2024-09-30,4740000.0,11189000.0,0.34,edgar,2024-11-07,2026-10-03,2026-10-03,0
SHBI,2024-12-31,6209000.0,13282000.0,0.39,edgar,2025-03-10,2026-10-03,2026-10-03,0
SHBI,2025-03-31,4771000.0,13764000.0,0.41,edgar,2025-05-08,2026-10-03,2026-10-03,0
SHBI,2025-06-30,5796000.0,15507000.0,0.46,edgar,2025-08-07,2026-10-03,2026-10-03,0
SHBI,2025-09-30,5132000.0,14348000.0,0.43,edgar,2025-11-04,2026-10-03,2026-10-03,0
SHBI,2025-12-31,5154000.0,15887000.0,0.48,edgar,2026-03-02,2026-10-03,2026-10-03,0
SHBI,2026-03-31,5389000.0,17088000.0,0.51,edgar,2026-05-04,2026-10-03,2026-10-03,0
SHBI,2026-06-30,6000000.0,18865000.0,0.56,edgar,2026-08-03,2026-10-03,2026-10-03,0
SHC,2023-09-30,263177000.0,-13660000.0,-0.05,edgar,2023-11-01,2026-10-03,2026-10-03,0
SHC,2023-12-31,310239000.0,38681000.0,0.13999999999999999,edgar,2024-02-27,2026-10-03,2026-10-03,0
SHC,2024-03-31,248176000.0,6323000.0,0.02,edgar,2024-05-02,2026-10-03,2026-10-03,0
SHC,2024-06-30,276594000.0,8754000.0,0.03,edgar,2024-08-05,2026-10-03,2026-10-03,0
SHC,2024-09-30,285468000.0,16998000.0,0.06,edgar,2024-11-05,2026-10-03,2026-10-03,0
SHC,2024-12-31,290203000.0,12323000.0,0.05,edgar,2025-02-27,2026-10-03,2026-10-03,0
SHC,2025-03-31,254523000.0,-13260000.0,-0.05,edgar,2025-05-01,2026-10-03,2026-10-03,0
SHC,2025-06-30,294341000.0,7962000.0,0.03,edgar,2025-08-08,2026-10-03,2026-10-03,0
SHC,2025-09-30,311312000.0,48400000.0,0.17,edgar,2025-11-04,2026-10-03,2026-10-03,0
SHC,2025-12-31,303441000.0,34847000.0,0.12,edgar,2026-02-24,2026-10-03,2026-10-03,0
SHC,2026-03-31,280045000.0,26589000.0,0.09,edgar,2026-05-05,2026-10-03,2026-10-03,0
SHC,2026-06-30,321375000.0,53643000.0,0.19,edgar,2026-08-06,2026-10-03,2026-10-03,0
SHOP,2024-03-31,1861000000.0,-273000000.0,-0.21,edgar,2025-05-08,2026-10-03,2026-10-03,0
SHOP,2024-06-30,2045000000.0,171000000.0,0.13,edgar,2025-08-06,2026-10-03,2026-10-03,0
SHOP,2024-09-30,2162000000.0,828000000.0,0.64,edgar,2025-11-04,2026-10-03,2026-10-03,0
SHOP,2024-12-31,2812000000.0,1293000000.0,0.99,edgar,2025-02-11,2026-10-03,2026-10-03,0
SHOP,2025-03-31,2360000000.0,-682000000.0,-0.53,edgar,2025-05-08,2026-10-03,2026-10-03,0
SHOP,2025-06-30,2680000000.0,906000000.0,0.69,edgar,2025-08-06,2026-10-03,2026-10-03,0
SHOP,2025-09-30,2844000000.0,264000000.0,0.2,edgar,2025-11-04,2026-10-03,2026-10-03,0
SHOP,2025-12-31,3672000000.0,743000000.0,0.5800000000000001,edgar,2026-02-11,2026-10-03,2026-10-03,0
SHOP,2026-03-31,3170000000.0,-581000000.0,-0.45,edgar,2026-05-05,2026-10-03,2026-10-03,0
SHOP,2026-06-30,3583000000.0,1502000000.0,1.16,edgar,2026-08-05,2026-10-03,2026-10-03,0
SI,2024-06-30,8260000.0,-4172000.0,-72.74,edgar,2025-09-09,2026-10-03,2026-10-03,0
SI,2024-09-30,7454000.0,-4055000.0,-68.31,edgar,2025-11-12,2026-10-03,2026-10-03,0
SI,2025-03-31,10132000.0,-4662000.0,-52.13,edgar,2026-05-13,2026-10-03,2026-10-03,0
SI,2025-06-30,11013000.0,-19196000.0,-165.53,edgar,2025-09-09,2026-10-03,2026-10-03,0
SI,2025-09-30,11756000.0,-8729000.0,-0.64,edgar,2025-11-12,2026-10-03,2026-10-03,0
SI,2025-12-31,14416000.0,-7772000.0,213.65,edgar,2026-03-10,2026-10-03,2026-10-03,0
SI,2026-03-31,16708000.0,-8379000.0,-0.41,edgar,2026-05-13,2026-10-03,2026-10-03,0
SI,2026-06-30,17175000.0,-10153000.0,-0.49,edgar,2026-08-06,2026-10-03,2026-10-03,0
SIG,2023-10-28,1391900000.0,11700000.0,0.07,edgar,2023-12-05,2026-10-03,2026-10-03,0
SIG,2024-02-03,2497600000.0,626200000.0,11.77,edgar,2024-03-21,2026-10-03,2026-10-03,0
SIG,2024-05-04,1510800000.0,52100000.0,-0.9,edgar,2024-06-13,2026-10-03,2026-10-03,0
SIG,2024-08-03,1491000000.0,-98500000.0,-2.28,edgar,2024-09-12,2026-10-03,2026-10-03,0
SIG,2024-11-02,1349400000.0,7000000.0,0.12,edgar,2024-12-05,2026-10-03,2026-10-03,0
SIG,2025-02-01,2352600000.0,100600000.0,2.2499999999999996,edgar,2025-03-19,2026-10-03,2026-10-03,0
SIG,2025-05-03,1541600000.0,33500000.0,0.78,edgar,2025-06-03,2026-10-03,2026-10-03,0
SIG,2025-08-02,1535100000.0,-9100000.0,-0.22,edgar,2025-09-05,2026-10-03,2026-10-03,0
SIG,2025-11-01,1391800000.0,20000000.0,0.49,edgar,2025-12-05,2026-10-03,2026-10-03,0
SIG,2026-01-31,2345100000.0,250000000.0,6.03,edgar,2026-03-19,2026-10-03,2026-10-03,0
SIG,2026-05-02,1553600000.0,31700000.0,0.78,edgar,2026-06-02,2026-10-03,2026-10-03,0
SIG,2026-08-01,1528100000.0,52100000.0,1.33,edgar,2026-09-09,2026-10-03,2026-10-03,0
SILC,2013-06-30,15715000.0,3289000.0,0.453,edgar,2014-08-15,2026-10-03,2026-10-03,0
SILC,2014-06-30,17918000.0,3327000.0,0.453,edgar,2014-08-15,2026-10-03,2026-10-03,0
SILC,2015-06-30,17121000.0,2055000.0,0.278,edgar,2015-08-05,2026-10-03,2026-10-03,0
SILC,2016-06-30,26001000.0,3533000.0,0.477,edgar,2016-08-08,2026-10-03,2026-10-03,0
SILC,2017-06-30,30266000.0,4193000.0,0.554,edgar,2018-08-09,2026-10-03,2026-10-03,0
SILC,2018-06-30,27603000.0,2436000.0,0.319,edgar,2018-08-09,2026-10-03,2026-10-03,0
SILC,2019-06-30,25402000.0,2278000.0,0.298,edgar,2019-08-28,2026-10-03,2026-10-03,0
SJM,2023-10-31,1938600000.0,194900000.0,1.9,edgar,2023-12-05,2026-10-03,2026-10-03,0
SJM,2024-01-31,2229200000.0,120400000.0,1.13,edgar,2024-02-27,2026-10-03,2026-10-03,0
SJM,2024-04-30,2205700000.0,245100000.0,2.3099999999999996,edgar,2024-06-18,2026-10-03,2026-10-03,0
SJM,2024-07-31,2125100000.0,185000000.0,1.74,edgar,2024-08-28,2026-10-03,2026-10-03,0
SJM,2024-10-31,2271200000.0,-24500000.0,-0.23,edgar,2024-11-26,2026-10-03,2026-10-03,0
SJM,2025-01-31,2186000000.0,-662300000.0,-6.22,edgar,2025-02-27,2026-10-03,2026-10-03,0
SJM,2025-04-30,2143800000.0,-729000000.0,-6.86,edgar,2025-06-18,2026-10-03,2026-10-03,0
SJM,2025-07-31,2113300000.0,-43900000.0,-0.41,edgar,2025-08-27,2026-10-03,2026-10-03,0
SJM,2025-10-31,2330100000.0,241300000.0,2.26,edgar,2025-11-25,2026-10-03,2026-10-03,0
SJM,2026-01-31,2339400000.0,-724200000.0,-6.79,edgar,2026-02-26,2026-10-03,2026-10-03,0
SJM,2026-04-30,2268100000.0,388100000.0,3.6400000000000006,edgar,2026-06-09,2026-10-03,2026-10-03,0
SJM,2026-07-31,2219300000.0,324300000.0,3.03,edgar,2026-08-26,2026-10-03,2026-10-03,0
SKYH,2023-09-30,2502000.0,-189000.0,-0.01,edgar,2023-11-09,2026-10-03,2026-10-03,0
SKYH,2023-12-31,2238000.0,-10570000.0,-0.53,edgar,2024-03-27,2026-10-03,2026-10-03,0
SKYH,2024-03-31,2404000.0,-18940000.0,-0.78,edgar,2024-05-14,2026-10-03,2026-10-03,0
SKYH,2024-06-30,3618000.0,5761000.0,0.06,edgar,2024-08-13,2026-10-03,2026-10-03,0
SKYH,2024-09-30,4097000.0,-18554000.0,-0.74,edgar,2024-11-12,2026-10-03,2026-10-03,0
SKYH,2024-12-31,4642000.0,-13498000.0,-0.30000000000000004,edgar,2025-03-27,2026-10-03,2026-10-03,0
SKYH,2025-03-31,5593000.0,-6376000.0,-0.19,edgar,2025-05-13,2026-10-03,2026-10-03,0
SKYH,2025-06-30,6588000.0,17453000.0,0.18,edgar,2025-08-12,2026-10-03,2026-10-03,0
SKYH,2025-09-30,7302000.0,-1878000.0,-0.06,edgar,2025-11-12,2026-10-03,2026-10-03,0
SKYH,2025-12-31,8057000.0,9619000.0,0.16,edgar,2026-03-19,2026-10-03,2026-10-03,0
SKYH,2026-03-31,8725000.0,-5578000.0,-0.16,edgar,2026-05-14,2026-10-03,2026-10-03,0
SKYH,2026-06-30,9855000.0,-1237000.0,-0.04,edgar,2026-08-12,2026-10-03,2026-10-03,0
SLAB,2023-09-30,203760000.0,,0.32,edgar,2023-11-01,2026-10-03,2026-10-03,0
SLAB,2023-12-30,86845000.0,,-2.1500000000000004,edgar,2024-02-20,2026-10-03,2026-10-03,0
SLAB,2024-03-30,106375000.0,,-1.77,edgar,2024-04-24,2026-10-03,2026-10-03,0
SLAB,2024-06-29,145367000.0,-82157000.0,-2.56,edgar,2024-07-24,2026-10-03,2026-10-03,0
SLAB,2024-09-28,166395000.0,-28504000.0,-0.88,edgar,2024-11-04,2026-10-03,2026-10-03,0
SLAB,2024-12-28,166249000.0,,-0.7199999999999998,edgar,2025-02-04,2026-10-03,2026-10-03,0
SLAB,2025-04-05,177714000.0,-30470000.0,-0.94,edgar,2025-05-13,2026-10-03,2026-10-03,0
SLAB,2025-07-05,192845000.0,-21817000.0,-0.67,edgar,2025-08-05,2026-10-03,2026-10-03,0
SLAB,2025-10-04,205999000.0,-9936000.0,-0.3,edgar,2025-11-04,2026-10-03,2026-10-03,0
SLAB,2026-01-03,208206000.0,-2684000.0,-0.07000000000000006,edgar,2026-02-10,2026-10-03,2026-10-03,0
SLAB,2026-04-04,213500000.0,-15897000.0,-0.48,edgar,2026-05-05,2026-10-03,2026-10-03,0
SLAB,2026-07-04,228189000.0,-10592000.0,-0.32,edgar,2026-08-11,2026-10-03,2026-10-03,0
SLB,2023-09-30,8310000000.0,1123000000.0,0.78,edgar,2023-10-25,2026-10-03,2026-10-03,0
SLB,2023-12-31,8990000000.0,1113000000.0,0.7600000000000002,edgar,2024-01-24,2026-10-03,2026-10-03,0
SLB,2024-03-31,8707000000.0,1068000000.0,0.74,edgar,2024-04-24,2026-10-03,2026-10-03,0
SLB,2024-06-30,9139000000.0,1112000000.0,0.77,edgar,2024-07-24,2026-10-03,2026-10-03,0
SLB,2024-09-30,9159000000.0,1186000000.0,0.83,edgar,2024-10-23,2026-10-03,2026-10-03,0
SLB,2024-12-31,9284000000.0,1095000000.0,0.77,edgar,2025-01-22,2026-10-03,2026-10-03,0
SLB,2025-03-31,8490000000.0,797000000.0,0.58,edgar,2025-04-25,2026-10-03,2026-10-03,0
SLB,2025-06-30,8546000000.0,1014000000.0,0.74,edgar,2025-07-24,2026-10-03,2026-10-03,0
SLB,2025-09-30,8928000000.0,739000000.0,0.5,edgar,2025-10-22,2026-10-03,2026-10-03,0
SLB,2025-12-31,9744000000.0,824000000.0,0.5300000000000002,edgar,2026-01-23,2026-10-03,2026-10-03,0
SLB,2026-03-31,8721000000.0,752000000.0,0.5,edgar,2026-04-29,2026-10-03,2026-10-03,0
SLB,2026-06-30,8972000000.0,786000000.0,0.52,edgar,2026-07-29,2026-10-03,2026-10-03,0
SLDB,2018-03-31,0.0,-15877000.0,-0.54,edgar,2018-05-10,2026-10-03,2026-10-03,0
SLDB,2018-06-30,0.0,-17980000.0,-0.52,edgar,2018-08-10,2026-10-03,2026-10-03,0
SLDB,2018-09-30,0.0,-19020000.0,-0.55,edgar,2018-11-13,2026-10-03,2026-10-03,0
SLDB,2018-12-31,0.0,-21921000.0,-0.63,edgar,2019-03-13,2026-10-03,2026-10-03,0
SLDB,2019-03-31,0.0,-29582000.0,-0.85,edgar,2019-05-13,2026-10-03,2026-10-03,0
SLDB,2019-06-30,0.0,-26525000.0,-0.76,edgar,2019-08-14,2026-10-03,2026-10-03,0
SLDB,2019-09-30,0.0,-29255000.0,-0.67,edgar,2019-11-12,2026-10-03,2026-10-03,0
SLDB,2019-12-31,0.0,-31861000.0,-0.67,edgar,2020-03-12,2026-10-03,2026-10-03,0
SLDB,2020-03-31,0.0,-26694000.0,-0.56,edgar,2020-05-07,2026-10-03,2026-10-03,0
SLDB,2020-06-30,0.0,-18987000.0,-0.39,edgar,2020-08-06,2026-10-03,2026-10-03,0
SLDB,2020-09-30,0.0,-21246000.0,-0.44,edgar,2020-11-05,2026-10-03,2026-10-03,0
SLDB,2020-12-31,0.0,-21363000.0,-0.30999999999999983,edgar,2021-03-15,2026-10-03,2026-10-03,0
SLDE,2024-06-30,209131000.0,53742000.0,0.45,edgar,2025-08-12,2026-10-03,2026-10-03,0
SLDE,2024-09-30,200104000.0,17577000.0,0.15,edgar,2025-11-06,2026-10-03,2026-10-03,0
SLDE,2025-03-31,281593000.0,92503000.0,0.75,edgar,2026-04-30,2026-10-03,2026-10-03,0
SLDE,2025-06-30,261607000.0,70072000.0,0.56,edgar,2025-08-12,2026-10-03,2026-10-03,0
SLDE,2025-09-30,265693000.0,110997000.0,0.79,edgar,2025-11-06,2026-10-03,2026-10-03,0
SLDE,2025-12-31,347008000.0,170386000.0,1.2599999999999998,edgar,2026-03-02,2026-10-03,2026-10-03,0
SLDE,2026-03-31,389283000.0,139527000.0,1.02,edgar,2026-04-30,2026-10-03,2026-10-03,0
SLDE,2026-06-30,386817000.0,134850000.0,1.06,edgar,2026-07-30,2026-10-03,2026-10-03,0
SLG,2023-06-30,246036000.0,-356457000.0,-5.63,edgar,2023-08-03,2026-10-03,2026-10-03,0
SLG,2023-09-30,210186000.0,-20229000.0,-0.38,edgar,2023-11-06,2026-10-03,2026-10-03,0
SLG,2023-12-31,211724000.0,-186658000.0,-2.4799999999999995,edgar,2024-02-23,2026-10-03,2026-10-03,0
SLG,2024-03-31,187882000.0,16879000.0,0.2,edgar,2024-05-06,2026-10-03,2026-10-03,0
SLG,2024-06-30,222820000.0,1577000.0,-0.04,edgar,2024-07-31,2026-10-03,2026-10-03,0
SLG,2024-09-30,229691000.0,-9541000.0,-0.21,edgar,2024-10-31,2026-10-03,2026-10-03,0
SLG,2024-12-31,245879000.0,21307000.0,0.12999999999999998,edgar,2025-02-18,2026-10-03,2026-10-03,0
SLG,2025-03-31,239846000.0,-17337000.0,-0.3,edgar,2025-05-01,2026-10-03,2026-10-03,0
SLG,2025-06-30,241916000.0,-7355000.0,-0.16,edgar,2025-08-08,2026-10-03,2026-10-03,0
SLG,2025-09-30,244817000.0,28612000.0,0.34,edgar,2025-11-03,2026-10-03,2026-10-03,0
SLG,2025-12-31,276467000.0,-100841000.0,-1.4900000000000002,edgar,2026-02-17,2026-10-03,2026-10-03,0
SLG,2026-03-31,253080000.0,-80653000.0,-1.2,edgar,2026-05-01,2026-10-03,2026-10-03,0
SLN,2024-03-31,15699000.0,-2312000.0,-0.02,edgar,2025-05-08,2026-10-03,2026-10-03,0
SLN,2024-06-30,756000.0,-19755000.0,-0.14,edgar,2025-08-07,2026-10-03,2026-10-03,0
SLN,2024-09-30,1498000.0,-35544000.0,-0.25,edgar,2025-11-06,2026-10-03,2026-10-03,0
SLN,2024-12-31,25305000.0,12301000.0,0.08000000000000002,edgar,2025-02-27,2026-10-03,2026-10-03,0
SLN,2025-03-31,142000.0,-28530000.0,-0.2,edgar,2025-05-08,2026-10-03,2026-10-03,0
SLN,2025-06-30,224000.0,-27354000.0,-0.19,edgar,2025-08-07,2026-10-03,2026-10-03,0
SLN,2025-09-30,159000.0,-20958000.0,-0.15,edgar,2025-11-06,2026-10-03,2026-10-03,0
SLN,2025-12-31,34000.0,-11768000.0,-0.08999999999999997,edgar,2026-03-05,2026-10-03,2026-10-03,0
SLN,2026-03-31,422000.0,-14957000.0,-0.11,edgar,2026-05-07,2026-10-03,2026-10-03,0
SLN,2026-06-30,0.0,-12268000.0,-0.09,edgar,2026-08-10,2026-10-03,2026-10-03,0
SLNHP,2023-06-30,2068000.0,-8775000.0,-9.54,edgar,2023-08-14,2026-10-03,2026-10-03,0
SLNHP,2023-09-30,5797000.0,-6662000.0,-5.96,edgar,2023-11-14,2026-10-03,2026-10-03,0
SLNHP,2023-12-31,10119000.0,-6702000.0,-1.9899999999999984,edgar,2024-04-01,2026-10-03,2026-10-03,0
SLNHP,2024-03-31,12549000.0,-5254000.0,-2.62,edgar,2024-05-15,2026-10-03,2026-10-03,0
SLNHP,2024-06-30,9675000.0,-10873000.0,-3.62,edgar,2025-08-14,2026-10-03,2026-10-03,0
SLNHP,2024-09-30,7525000.0,-7190000.0,-1.56,edgar,2025-11-14,2026-10-03,2026-10-03,0
SLNHP,2024-12-31,8272000.0,-40017000.0,-7.139999999999999,edgar,2025-03-31,2026-10-03,2026-10-03,0
SLNHP,2025-03-31,5936000.0,-7556000.0,-1.21,edgar,2026-05-15,2026-10-03,2026-10-03,0
SLNHP,2025-06-30,6158000.0,-7382000.0,-0.93,edgar,2026-08-13,2026-10-03,2026-10-03,0
SLNHP,2025-09-30,8415000.0,-23956000.0,-1.14,edgar,2025-11-14,2026-10-03,2026-10-03,0
SLNHP,2026-03-31,9394000.0,-17466000.0,-0.24,edgar,2026-05-15,2026-10-03,2026-10-03,0
SLNHP,2026-06-30,15060000.0,-20709000.0,-0.18,edgar,2026-08-13,2026-10-03,2026-10-03,0
SLP,2023-08-31,15629000.0,534000.0,0.02999999999999997,edgar,2023-10-27,2026-10-03,2026-10-03,0
SLP,2023-11-30,14500000.0,1945000.0,0.1,edgar,2025-01-08,2026-10-03,2026-10-03,0
SLP,2024-02-29,18305000.0,4029000.0,0.2,edgar,2025-04-04,2026-10-03,2026-10-03,0
SLP,2024-05-31,18544000.0,3137000.0,0.15,edgar,2024-07-08,2026-10-03,2026-10-03,0
SLP,2024-08-31,18664000.0,843000.0,0.03999999999999998,edgar,2024-10-30,2026-10-03,2026-10-03,0
SLP,2024-11-30,18924000.0,206000.0,0.01,edgar,2025-01-08,2026-10-03,2026-10-03,0
SLP,2025-02-28,22432000.0,3074000.0,0.15,edgar,2025-04-04,2026-10-03,2026-10-03,0
SLP,2025-05-31,20363000.0,-67317000.0,-3.35,edgar,2025-07-15,2026-10-03,2026-10-03,0
SLP,2025-08-31,17460000.0,-681000.0,-0.03000000000000025,edgar,2025-12-01,2026-10-03,2026-10-03,0
SLP,2025-11-30,18421000.0,676000.0,0.03,edgar,2026-01-09,2026-10-03,2026-10-03,0
SLP,2026-02-28,24291000.0,4535000.0,0.22,edgar,2026-04-10,2026-10-03,2026-10-03,0
SLP,2026-05-31,21886000.0,3575000.0,0.18,edgar,2026-07-09,2026-10-03,2026-10-03,0
SLS,2021-03-31,5700000.0,-2403000.0,-0.16,edgar,2021-05-13,2026-10-03,2026-10-03,0
SLS,2021-06-30,1900000.0,-4613000.0,-0.3,edgar,2021-08-12,2026-10-03,2026-10-03,0
SLS,2021-09-30,0.0,-7085000.0,-0.45,edgar,2021-11-12,2026-10-03,2026-10-03,0
SLS,2021-12-31,0.0,-6598000.0,-0.43000000000000005,edgar,2022-03-31,2026-10-03,2026-10-03,0
SLS,2022-03-31,1000000.0,-16744000.0,-1.05,edgar,2022-05-12,2026-10-03,2026-10-03,0
SLS,2022-06-30,0.0,-8414000.0,-0.41,edgar,2022-08-11,2026-10-03,2026-10-03,0
SLS,2022-09-30,0.0,-7022000.0,-0.34,edgar,2022-11-14,2026-10-03,2026-10-03,0
SLS,2022-12-31,0.0,-9121000.0,-0.32999999999999985,edgar,2023-03-16,2026-10-03,2026-10-03,0
SLS,2023-03-31,0.0,-11097000.0,-0.47,edgar,2023-05-11,2026-10-03,2026-10-03,0
SLS,2023-06-30,0.0,-8840000.0,-0.31,edgar,2023-08-10,2026-10-03,2026-10-03,0
SLS,2023-09-30,0.0,-9267000.0,-0.33,edgar,2023-11-09,2026-10-03,2026-10-03,0
SLS,2023-12-31,0.0,-8136000.0,-0.2300000000000002,edgar,2024-03-28,2026-10-03,2026-10-03,0
SM,2023-09-30,640901000.0,222343000.0,1.88,edgar,2023-11-03,2026-10-03,2026-10-03,0
SM,2023-12-31,608840000.0,247231000.0,2.1100000000000003,edgar,2024-02-22,2026-10-03,2026-10-03,0
SM,2024-03-31,559870000.0,131199000.0,1.13,edgar,2024-05-03,2026-10-03,2026-10-03,0
SM,2024-06-30,634555000.0,210293000.0,1.82,edgar,2024-08-08,2026-10-03,2026-10-03,0
SM,2024-09-30,643613000.0,240523000.0,2.09,edgar,2024-11-01,2026-10-03,2026-10-03,0
SM,2024-12-31,851962000.0,187985000.0,1.63,edgar,2025-02-20,2026-10-03,2026-10-03,0
SM,2025-03-31,845000000.0,182000000.0,1.59,edgar,2025-05-02,2026-10-03,2026-10-03,0
SM,2025-06-30,793000000.0,202000000.0,1.76,edgar,2025-08-01,2026-10-03,2026-10-03,0
SM,2025-09-30,811591000.0,155088000.0,1.35,edgar,2025-11-03,2026-10-03,2026-10-03,0
SM,2025-12-31,704409000.0,108912000.0,0.9399999999999995,edgar,2026-02-26,2026-10-03,2026-10-03,0
SM,2026-03-31,1479000000.0,-335000000.0,-1.68,edgar,2026-05-07,2026-10-03,2026-10-03,0
SM,2026-06-30,2500000000.0,1071000000.0,4.46,edgar,2026-08-06,2026-10-03,2026-10-03,0
SMC,2023-09-30,121193000.0,251000.0,-0.27,edgar,2024-11-12,2026-10-03,2026-10-03,0
SMC,2024-03-31,118871000.0,129157000.0,11.47,edgar,2025-05-12,2026-10-03,2026-10-03,0
SMC,2024-06-30,101315000.0,-30957000.0,-2.91,edgar,2025-08-11,2026-10-03,2026-10-03,0
SMC,2024-09-30,102415000.0,-204941000.0,-19.25,edgar,2024-11-12,2026-10-03,2026-10-03,0
SMC,2024-12-31,107018000.0,-6434000.0,-2.09,edgar,2025-03-11,2026-10-03,2026-10-03,0
SMC,2025-03-31,132697000.0,-1887000.0,-0.16,edgar,2025-05-12,2026-10-03,2026-10-03,0
SMC,2025-06-30,140217000.0,-8028000.0,-0.66,edgar,2025-08-11,2026-10-03,2026-10-03,0
SMC,2025-09-30,146883000.0,-1578000.0,-0.13,edgar,2025-11-10,2026-10-03,2026-10-03,0
SMC,2025-12-31,142294000.0,14446000.0,-0.66,edgar,2026-03-16,2026-10-03,2026-10-03,0
SMC,2026-03-31,139142000.0,-5295000.0,-0.43,edgar,2026-05-11,2026-10-03,2026-10-03,0
SMC,2026-06-30,155013000.0,1607000.0,0.11,edgar,2026-08-10,2026-10-03,2026-10-03,0
SMTC,2023-07-30,238372000.0,-382002000.0,-5.97,edgar,2023-09-13,2026-10-03,2026-10-03,0
SMTC,2023-10-29,200899000.0,-38250000.0,-0.6,edgar,2023-12-06,2026-10-03,2026-10-03,0
SMTC,2024-01-28,192948000.0,-642363000.0,-10.000000000000002,edgar,2024-03-28,2026-10-03,2026-10-03,0
SMTC,2024-04-28,206105000.0,-23159000.0,-0.36,edgar,2024-06-05,2026-10-03,2026-10-03,0
SMTC,2024-07-28,215355000.0,-170295000.0,-2.61,edgar,2024-08-28,2026-10-03,2026-10-03,0
SMTC,2024-10-27,236825000.0,-7586000.0,-0.1,edgar,2024-12-03,2026-10-03,2026-10-03,0
SMTC,2025-01-26,251002000.0,39144000.0,0.81,edgar,2025-03-25,2026-10-03,2026-10-03,0
SMTC,2025-04-27,251060000.0,19345000.0,0.22,edgar,2025-05-29,2026-10-03,2026-10-03,0
SMTC,2025-07-27,257589000.0,-27064000.0,-0.31,edgar,2025-08-26,2026-10-03,2026-10-03,0
SMTC,2025-10-26,266971000.0,-2862000.0,-0.03,edgar,2025-11-25,2026-10-03,2026-10-03,0
SMTC,2026-01-25,274355000.0,-29795000.0,-0.34,edgar,2026-03-23,2026-10-03,2026-10-03,0
SMTC,2026-04-26,291018000.0,26563000.0,0.27,edgar,2026-05-27,2026-10-03,2026-10-03,0
SN,2025-03-31,1222638000.0,117835000.0,0.83,edgar,2026-05-06,2026-10-03,2026-10-03,0
SN,2025-06-30,1444876000.0,139598000.0,0.98,edgar,2026-08-05,2026-10-03,2026-10-03,0
SN,2026-03-31,1412806000.0,121462000.0,0.85,edgar,2026-05-06,2026-10-03,2026-10-03,0
SN,2026-06-30,1765476000.0,129816000.0,0.92,edgar,2026-08-05,2026-10-03,2026-10-03,0
SNDK,2023-12-29,1665000000.0,-301000000.0,,edgar,2025-03-07,2026-10-03,2026-10-03,0
SNDK,2024-03-29,1705000000.0,27000000.0,0.19,edgar,2025-05-12,2026-10-03,2026-10-03,0
SNDK,2024-09-27,1883000000.0,211000000.0,1.46,edgar,2025-11-07,2026-10-03,2026-10-03,0
SNDK,2024-12-27,1876000000.0,104000000.0,0.72,edgar,2025-03-07,2026-10-03,2026-10-03,0
SNDK,2025-03-28,1695000000.0,-1933000000.0,-13.33,edgar,2025-05-12,2026-10-03,2026-10-03,0
SNDK,2025-06-27,1901000000.0,-23000000.0,-0.16999999999999993,edgar,2025-08-21,2026-10-03,2026-10-03,0
SNDK,2025-10-03,2308000000.0,112000000.0,0.75,edgar,2025-11-07,2026-10-03,2026-10-03,0
SNDK,2026-01-02,3025000000.0,803000000.0,5.15,edgar,2026-01-30,2026-10-03,2026-10-03,0
SNDK,2026-04-03,5950000000.0,3615000000.0,23.03,edgar,2026-05-01,2026-10-03,2026-10-03,0
SNDK,2026-07-03,8965000000.0,6903000000.0,44.830000000000005,edgar,2026-08-17,2026-10-03,2026-10-03,0
SNOW,2023-10-31,734173000.0,-214251000.0,-0.65,edgar,2023-12-01,2026-10-03,2026-10-03,0
SNOW,2024-01-31,774699000.0,-171245000.0,-0.5099999999999998,edgar,2024-03-26,2026-10-03,2026-10-03,0
SNOW,2024-04-30,828709000.0,-316988000.0,-0.95,edgar,2024-05-31,2026-10-03,2026-10-03,0
SNOW,2024-07-31,868823000.0,-316899000.0,-0.95,edgar,2024-08-29,2026-10-03,2026-10-03,0
SNOW,2024-10-31,942094000.0,-324279000.0,-0.98,edgar,2024-11-27,2026-10-03,2026-10-03,0
SNOW,2025-01-31,986770000.0,-331046000.0,-0.98,edgar,2025-03-21,2026-10-03,2026-10-03,0
SNOW,2025-04-30,1042074000.0,-430092000.0,-1.29,edgar,2025-05-30,2026-10-03,2026-10-03,0
SNOW,2025-07-31,1144969000.0,-298017000.0,-0.89,edgar,2025-09-05,2026-10-03,2026-10-03,0
SNOW,2025-10-31,1212909000.0,-293957000.0,-0.87,edgar,2025-12-05,2026-10-03,2026-10-03,0
SNOW,2026-01-31,1283994000.0,-306969000.0,-0.9000000000000004,edgar,2026-03-20,2026-10-03,2026-10-03,0
SNOW,2026-04-30,1390951000.0,-295571000.0,-0.86,edgar,2026-05-29,2026-10-03,2026-10-03,0
SNOW,2026-07-31,1546793000.0,-191720000.0,-0.55,edgar,2026-09-04,2026-10-03,2026-10-03,0
SNPS,2023-10-31,1339540000.0,349190000.0,2.24,edgar,2023-12-12,2026-10-03,2026-10-03,0
SNPS,2024-01-31,1510989000.0,449112000.0,2.89,edgar,2024-02-23,2026-10-03,2026-10-03,0
SNPS,2024-04-30,1454712000.0,292107000.0,1.88,edgar,2024-05-24,2026-10-03,2026-10-03,0
SNPS,2024-07-31,1525749000.0,408055000.0,2.61,edgar,2024-08-23,2026-10-03,2026-10-03,0
SNPS,2024-10-31,1635986000.0,1114106000.0,7.13,edgar,2024-12-19,2026-10-03,2026-10-03,0
SNPS,2025-01-31,1455315000.0,295683000.0,1.89,edgar,2025-02-26,2026-10-03,2026-10-03,0
SNPS,2025-04-30,1604266000.0,345332000.0,2.21,edgar,2025-05-28,2026-10-03,2026-10-03,0
SNPS,2025-07-31,1739737000.0,242509000.0,1.5,edgar,2025-09-09,2026-10-03,2026-10-03,0
SNPS,2025-10-31,2254860000.0,448696000.0,2.4399999999999995,edgar,2025-12-22,2026-10-03,2026-10-03,0
SNPS,2026-01-31,2408798000.0,64958000.0,0.34,edgar,2026-02-25,2026-10-03,2026-10-03,0
SNPS,2026-04-30,2275985000.0,17105000.0,0.09,edgar,2026-05-27,2026-10-03,2026-10-03,0
SNPS,2026-07-31,2476822000.0,545800000.0,2.84,edgar,2026-08-26,2026-10-03,2026-10-03,0
SNX,2023-11-30,14407306000.0,187542000.0,2.05,edgar,2024-01-26,2026-10-03,2026-10-03,0
SNX,2024-02-29,13975253000.0,172128000.0,1.93,edgar,2024-04-04,2026-10-03,2026-10-03,0
SNX,2024-05-31,13947908000.0,143605000.0,1.66,edgar,2024-07-03,2026-10-03,2026-10-03,0
SNX,2024-08-31,14684712000.0,178556000.0,2.08,edgar,2024-10-03,2026-10-03,2026-10-03,0
SNX,2024-11-30,15844563000.0,194802000.0,2.2800000000000002,edgar,2025-01-24,2026-10-03,2026-10-03,0
SNX,2025-02-28,14531707000.0,167537000.0,1.98,edgar,2025-04-02,2026-10-03,2026-10-03,0
SNX,2025-05-31,14946315000.0,184921000.0,2.21,edgar,2025-07-02,2026-10-03,2026-10-03,0
SNX,2025-08-31,15650924000.0,226795000.0,2.74,edgar,2025-10-01,2026-10-03,2026-10-03,0
SNX,2025-11-30,17379140000.0,248407000.0,3.0199999999999996,edgar,2026-01-27,2026-10-03,2026-10-03,0
SNX,2026-02-28,17161198000.0,326915000.0,4.04,edgar,2026-04-02,2026-10-03,2026-10-03,0
SNX,2026-05-31,19574813000.0,334088000.0,4.15,edgar,2026-07-02,2026-10-03,2026-10-03,0
SNX,2026-08-31,21558406000.0,416240000.0,5.18,edgar,2026-10-01,2026-10-03,2026-10-03,0
SPHR,2023-09-30,117278000.0,66425000.0,1.89,edgar,2023-11-08,2026-10-03,2026-10-03,0
SPHR,2023-12-31,313395000.0,-173248000.0,-4.91,edgar,2024-02-05,2026-10-03,2026-10-03,0
SPHR,2024-03-31,320607000.0,-47240000.0,-1.33,edgar,2024-05-10,2026-10-03,2026-10-03,0
SPHR,2024-06-30,272581000.0,-46586000.0,-1.31,edgar,2025-08-11,2026-10-03,2026-10-03,0
SPHR,2024-09-30,227145000.0,-105283000.0,-2.95,edgar,2024-11-12,2026-10-03,2026-10-03,0
SPHR,2024-12-31,308290000.0,-125950000.0,,edgar,2025-03-03,2026-10-03,2026-10-03,0
SPHR,2025-03-31,280070000.0,-81954000.0,-2.27,edgar,2025-05-08,2026-10-03,2026-10-03,0
SPHR,2025-06-30,282238000.0,151816000.0,3.39,edgar,2025-08-11,2026-10-03,2026-10-03,0
SPHR,2025-09-30,262072000.0,-101196000.0,-2.8,edgar,2025-11-04,2026-10-03,2026-10-03,0
SPHR,2025-12-31,393843000.0,64739000.0,2.42,edgar,2026-02-12,2026-10-03,2026-10-03,0
SPHR,2026-03-31,385973000.0,4460000.0,-0.04,edgar,2026-05-05,2026-10-03,2026-10-03,0
SPHR,2026-06-30,313203000.0,-38327000.0,-1.07,edgar,2026-07-30,2026-10-03,2026-10-03,0
SPNT,2023-09-30,702600000.0,61500000.0,0.32,edgar,2023-11-08,2026-10-03,2026-10-03,0
SPNT,2023-12-31,645800000.0,97700000.0,0.48,edgar,2024-02-29,2026-10-03,2026-10-03,0
SPNT,2024-03-31,685500000.0,94800000.0,0.49,edgar,2024-05-01,2026-10-03,2026-10-03,0
SPNT,2024-06-30,743300000.0,113900000.0,0.57,edgar,2024-08-01,2026-10-03,2026-10-03,0
SPNT,2024-09-30,562200000.0,8500000.0,0.03,edgar,2024-10-31,2026-10-03,2026-10-03,0
SPNT,2024-12-31,612800000.0,-17200000.0,-0.04999999999999982,edgar,2025-02-21,2026-10-03,2026-10-03,0
SPNT,2025-03-31,727300000.0,61600000.0,0.49,edgar,2025-05-05,2026-10-03,2026-10-03,0
SPNT,2025-06-30,748200000.0,63200000.0,0.5,edgar,2025-08-04,2026-10-03,2026-10-03,0
SPNT,2025-09-30,755900000.0,90800000.0,0.73,edgar,2025-10-30,2026-10-03,2026-10-03,0
SPNT,2025-12-31,973700000.0,244400000.0,1.9200000000000002,edgar,2026-02-24,2026-10-03,2026-10-03,0
SPNT,2026-03-31,774600000.0,102200000.0,0.82,edgar,2026-05-07,2026-10-03,2026-10-03,0
SPNT,2026-06-30,744100000.0,68600000.0,0.58,edgar,2026-07-29,2026-10-03,2026-10-03,0
SRZN,2023-09-30,0.0,-10445000.0,-5.14,edgar,2024-11-06,2026-10-03,2026-10-03,0
SRZN,2024-03-31,0.0,-8830000.0,-4.24,edgar,2025-05-09,2026-10-03,2026-10-03,0
SRZN,2024-06-30,0.0,-25261000.0,-7.99,edgar,2025-08-08,2026-10-03,2026-10-03,0
SRZN,2024-09-30,10000000.0,-1434000.0,-0.44,edgar,2025-11-07,2026-10-03,2026-10-03,0
SRZN,2024-12-31,655000.0,-28039000.0,-9.000000000000002,edgar,2025-03-31,2026-10-03,2026-10-03,0
SRZN,2025-03-31,983000.0,-26970000.0,-7.43,edgar,2026-05-06,2026-10-03,2026-10-03,0
SRZN,2025-06-30,983000.0,39746000.0,2.55,edgar,2026-08-06,2026-10-03,2026-10-03,0
SRZN,2025-09-30,983000.0,-71643000.0,-8.36,edgar,2025-11-07,2026-10-03,2026-10-03,0
SRZN,2025-12-31,528000.0,-183159000.0,-19.13,edgar,2026-03-23,2026-10-03,2026-10-03,0
SRZN,2026-03-31,5000000.0,-127505000.0,-11.65,edgar,2026-05-06,2026-10-03,2026-10-03,0
SRZN,2026-06-30,5000000.0,50177000.0,-0.41,edgar,2026-08-06,2026-10-03,2026-10-03,0
STGW,2023-09-30,617573000.0,653000.0,,edgar,2023-11-02,2026-10-03,2026-10-03,0
STGW,2023-12-31,654895000.0,1286000.0,,edgar,2024-03-11,2026-10-03,2026-10-03,0
STGW,2024-03-31,670059000.0,-1282000.0,,edgar,2024-05-02,2026-10-03,2026-10-03,0
STGW,2024-06-30,671168000.0,-2965000.0,,edgar,2024-08-01,2026-10-03,2026-10-03,0
STGW,2024-09-30,711281000.0,3271000.0,,edgar,2024-11-07,2026-10-03,2026-10-03,0
STGW,2024-12-31,788708000.0,26020000.0,,edgar,2025-03-11,2026-10-03,2026-10-03,0
STGW,2025-03-31,651740000.0,-2917000.0,,edgar,2025-05-08,2026-10-03,2026-10-03,0
STGW,2025-06-30,706818000.0,-5261000.0,,edgar,2025-07-31,2026-10-03,2026-10-03,0
STGW,2025-09-30,742998000.0,24619000.0,,edgar,2025-11-06,2026-10-03,2026-10-03,0
STGW,2025-12-31,807444000.0,14185000.0,,edgar,2026-03-13,2026-10-03,2026-10-03,0
STGW,2026-03-31,704143000.0,-12973000.0,,edgar,2026-05-01,2026-10-03,2026-10-03,0
STGW,2026-06-30,786307000.0,-8116000.0,,edgar,2026-07-31,2026-10-03,2026-10-03,0
STLN,2023-09-30,82035000.0,-17419000.0,-0.19,edgar,2023-11-08,2026-10-03,2026-10-03,0
STLN,2023-12-31,85788000.0,-18754000.0,-0.21000000000000008,edgar,2024-03-28,2026-10-03,2026-10-03,0
STLN,2024-03-31,94666000.0,-19889000.0,-0.22,edgar,2024-05-14,2026-10-03,2026-10-03,0
STLN,2024-06-30,98578000.0,-15479000.0,-0.17,edgar,2024-08-13,2026-10-03,2026-10-03,0
STLN,2024-09-30,99901000.0,-16113000.0,-0.18,edgar,2024-11-13,2026-10-03,2026-10-03,0
STLN,2024-12-31,100267000.0,64714481000.0,-0.1399999999999999,edgar,2025-03-26,2026-10-03,2026-10-03,0
STLN,2025-03-31,104406000.0,-19585000.0,-0.21,edgar,2025-05-14,2026-10-03,2026-10-03,0
STLN,2025-06-30,119802000.0,-17009000.0,-0.15,edgar,2025-08-13,2026-10-03,2026-10-03,0
STLN,2025-09-30,136564000.0,-16504000.0,-0.14,edgar,2025-11-13,2026-10-03,2026-10-03,0
STLN,2025-12-31,141957000.0,60659098000.0,-0.040000000000000036,edgar,2026-03-12,2026-10-03,2026-10-03,0
STLN,2026-03-31,147441000.0,-2492000.0,-0.02,edgar,2026-05-07,2026-10-03,2026-10-03,0
STLN,2026-06-30,161282000.0,-9789000.0,-0.08,edgar,2026-08-06,2026-10-03,2026-10-03,0
STT,2023-09-30,2691000000.0,422000000.0,1.25,edgar,2023-10-27,2026-10-03,2026-10-03,0
STT,2023-12-31,3043000000.0,209630434.0,0.6400000000000006,edgar,2024-02-15,2026-10-03,2026-10-03,0
STT,2024-03-31,3138000000.0,463000000.0,1.37,edgar,2024-05-02,2026-10-03,2026-10-03,0
STT,2024-06-30,3191000000.0,711000000.0,2.15,edgar,2024-08-01,2026-10-03,2026-10-03,0
STT,2024-09-30,3259000000.0,730000000.0,2.26,edgar,2024-10-31,2026-10-03,2026-10-03,0
STT,2024-12-31,3412000000.0,782875520.0,2.4300000000000015,edgar,2025-02-13,2026-10-03,2026-10-03,0
STT,2025-03-31,3284000000.0,644000000.0,2.04,edgar,2025-05-01,2026-10-03,2026-10-03,0
STT,2025-06-30,3448000000.0,693000000.0,2.17,edgar,2025-07-31,2026-10-03,2026-10-03,0
STT,2025-09-30,3545000000.0,861000000.0,2.78,edgar,2025-10-30,2026-10-03,2026-10-03,0
STT,2025-12-31,3667000000.0,747159408.0,2.41,edgar,2026-02-19,2026-10-03,2026-10-03,0
STT,2026-03-31,3796000000.0,764000000.0,2.49,edgar,2026-04-29,2026-10-03,2026-10-03,0
STT,2026-06-30,4048000000.0,1084000000.0,3.65,edgar,2026-07-30,2026-10-03,2026-10-03,0
STTK,2023-09-30,686000.0,-27541000.0,-0.65,edgar,2023-11-09,2026-10-03,2026-10-03,0
STTK,2023-12-31,714000.0,-17687000.0,-0.4099999999999997,edgar,2024-02-29,2026-10-03,2026-10-03,0
STTK,2024-03-31,1115000.0,-18504000.0,-0.37,edgar,2024-05-02,2026-10-03,2026-10-03,0
STTK,2024-06-30,1609000.0,-21552000.0,-0.42,edgar,2024-08-01,2026-10-03,2026-10-03,0
STTK,2024-09-30,2997000.0,-16675000.0,-0.33,edgar,2024-11-14,2026-10-03,2026-10-03,0
STTK,2024-12-31,0.0,-18679000.0,-0.3699999999999999,edgar,2025-03-27,2026-10-03,2026-10-03,0
STTK,2025-03-31,0.0,-13702000.0,-0.27,edgar,2025-05-01,2026-10-03,2026-10-03,0
STTK,2025-06-30,0.0,-12458000.0,-0.24,edgar,2025-08-14,2026-10-03,2026-10-03,0
STTK,2025-09-30,1000000.0,-10056000.0,-0.14,edgar,2025-11-06,2026-10-03,2026-10-03,0
STTK,2025-12-31,0.0,-12593000.0,-0.04999999999999993,edgar,2026-03-05,2026-10-03,2026-10-03,0
STTK,2026-03-31,0.0,-14767000.0,-0.13,edgar,2026-05-07,2026-10-03,2026-10-03,0
STTK,2026-06-30,0.0,-15152000.0,-0.12,edgar,2026-08-11,2026-10-03,2026-10-03,0
STX,2023-09-29,1454000000.0,-184000000.0,-0.88,edgar,2023-10-27,2026-10-03,2026-10-03,0
STX,2023-12-29,1555000000.0,-19000000.0,-0.09,edgar,2024-01-26,2026-10-03,2026-10-03,0
STX,2024-03-29,1655000000.0,25000000.0,0.12,edgar,2024-04-26,2026-10-03,2026-10-03,0
STX,2024-06-28,1887000000.0,513000000.0,2.43,edgar,2024-08-02,2026-10-03,2026-10-03,0
STX,2024-09-27,2168000000.0,305000000.0,1.41,edgar,2024-10-25,2026-10-03,2026-10-03,0
STX,2024-12-27,2325000000.0,336000000.0,1.55,edgar,2025-01-24,2026-10-03,2026-10-03,0
STX,2025-03-28,2160000000.0,340000000.0,1.57,edgar,2025-05-02,2026-10-03,2026-10-03,0
STX,2025-06-27,2444000000.0,488000000.0,2.2399999999999993,edgar,2025-08-01,2026-10-03,2026-10-03,0
STX,2025-10-03,2629000000.0,549000000.0,2.43,edgar,2025-10-31,2026-10-03,2026-10-03,0
STX,2026-01-02,2825000000.0,593000000.0,2.6,edgar,2026-01-30,2026-10-03,2026-10-03,0
STX,2026-04-03,3112000000.0,748000000.0,3.27,edgar,2026-04-29,2026-10-03,2026-10-03,0
STX,2026-07-03,3629000000.0,1294000000.0,5.6,edgar,2026-08-04,2026-10-03,2026-10-03,0
SUN,2023-09-30,6320000000.0,272000000.0,,edgar,2023-11-02,2026-10-03,2026-10-03,0
SUN,2023-12-31,5641000000.0,-106000000.0,,edgar,2024-02-16,2026-10-03,2026-10-03,0
SUN,2024-03-31,5499000000.0,230000000.0,,edgar,2024-05-09,2026-10-03,2026-10-03,0
SUN,2024-06-30,6174000000.0,493000000.0,,edgar,2024-08-08,2026-10-03,2026-10-03,0
SUN,2024-09-30,5751000000.0,2000000.0,,edgar,2024-11-07,2026-10-03,2026-10-03,0
SUN,2024-12-31,5269000000.0,141000000.0,,edgar,2025-02-14,2026-10-03,2026-10-03,0
SUN,2025-03-31,5179000000.0,207000000.0,,edgar,2025-05-08,2026-10-03,2026-10-03,0
SUN,2025-06-30,5390000000.0,86000000.0,,edgar,2025-08-07,2026-10-03,2026-10-03,0
SUN,2025-09-30,6032000000.0,133000000.0,,edgar,2025-11-06,2026-10-03,2026-10-03,0
SUN,2025-12-31,8600000000.0,101000000.0,,edgar,2026-02-19,2026-10-03,2026-10-03,0
SUN,2026-03-31,10690000000.0,644000000.0,,edgar,2026-05-07,2026-10-03,2026-10-03,0
SUN,2026-06-30,14259000000.0,283000000.0,,edgar,2026-08-06,2026-10-03,2026-10-03,0
SUNC,2025-03-31,5179000000.0,0.0,,edgar,2026-05-07,2026-10-03,2026-10-03,0
SUNC,2025-06-30,5390000000.0,0.0,,edgar,2026-08-06,2026-10-03,2026-10-03,0
SUNC,2026-03-31,10690000000.0,110000000.0,2.13,edgar,2026-05-07,2026-10-03,2026-10-03,0
SUNC,2026-06-30,14259000000.0,39000000.0,0.76,edgar,2026-08-06,2026-10-03,2026-10-03,0
SVIA,2026-03-31,1000.0,-107759000.0,-1.3,edgar,2026-05-14,2026-10-03,2026-10-03,0
SVIA,2026-06-30,37000.0,-65047000.0,-0.73,edgar,2026-08-13,2026-10-03,2026-10-03,0
SVV,2023-09-30,392698000.0,-15612000.0,-0.1,edgar,2023-11-13,2026-10-03,2026-10-03,0
SVV,2023-12-30,382765000.0,43872000.0,0.27,edgar,2024-03-08,2026-10-03,2026-10-03,0
SVV,2024-03-30,354172000.0,-467000.0,0.0,edgar,2024-05-10,2026-10-03,2026-10-03,0
SVV,2024-06-29,386663000.0,9712000.0,0.06,edgar,2024-08-09,2026-10-03,2026-10-03,0
SVV,2024-09-28,394797000.0,21681000.0,0.13,edgar,2024-11-08,2026-10-03,2026-10-03,0
SVV,2024-12-28,401985000.0,-1896000.0,-0.01999999999999999,edgar,2025-02-21,2026-10-03,2026-10-03,0
SVV,2025-03-29,370145000.0,-4723000.0,-0.03,edgar,2025-05-02,2026-10-03,2026-10-03,0
SVV,2025-06-28,417208000.0,18917000.0,0.12,edgar,2025-07-31,2026-10-03,2026-10-03,0
SVV,2025-09-27,426935000.0,-14003000.0,-0.09,edgar,2025-10-30,2026-10-03,2026-10-03,0
SVV,2026-01-03,464666000.0,22448000.0,0.14,edgar,2026-02-20,2026-10-03,2026-10-03,0
SVV,2026-04-04,403195000.0,-5263000.0,-0.03,edgar,2026-05-06,2026-10-03,2026-10-03,0
SVV,2026-07-04,448219000.0,21631000.0,0.14,edgar,2026-08-06,2026-10-03,2026-10-03,0
SWKS,2023-09-29,1218800000.0,244800000.0,1.5200000000000005,edgar,2023-11-17,2026-10-03,2026-10-03,0
SWKS,2023-12-29,1201500000.0,231300000.0,1.44,edgar,2024-01-31,2026-10-03,2026-10-03,0
SWKS,2024-03-29,1046000000.0,183300000.0,1.14,edgar,2024-05-01,2026-10-03,2026-10-03,0
SWKS,2024-06-28,905500000.0,120900000.0,0.75,edgar,2024-07-31,2026-10-03,2026-10-03,0
SWKS,2024-09-27,1025000000.0,60500000.0,0.3599999999999999,edgar,2024-11-15,2026-10-03,2026-10-03,0
SWKS,2024-12-27,1068500000.0,162000000.0,1.0,edgar,2025-02-05,2026-10-03,2026-10-03,0
SWKS,2025-03-28,953200000.0,68700000.0,0.43,edgar,2025-05-07,2026-10-03,2026-10-03,0
SWKS,2025-06-27,965000000.0,105000000.0,0.7,edgar,2025-08-05,2026-10-03,2026-10-03,0
SWKS,2025-10-03,1100200000.0,141400000.0,0.9500000000000002,edgar,2025-11-07,2026-10-03,2026-10-03,0
SWKS,2026-01-02,1035400000.0,79200000.0,0.53,edgar,2026-02-05,2026-10-03,2026-10-03,0
SWKS,2026-04-03,943700000.0,35600000.0,0.24,edgar,2026-05-05,2026-10-03,2026-10-03,0
SWKS,2026-07-03,934800000.0,33900000.0,0.22,edgar,2026-07-28,2026-10-03,2026-10-03,0
SYNA,2023-09-30,237700000.0,-55600000.0,-1.43,edgar,2023-11-09,2026-10-03,2026-10-03,0
SYNA,2023-12-30,237000000.0,-9000000.0,-0.23,edgar,2024-02-08,2026-10-03,2026-10-03,0
SYNA,2024-03-30,237300000.0,-18100000.0,-0.46,edgar,2024-05-09,2026-10-03,2026-10-03,0
SYNA,2024-06-29,247400000.0,208300000.0,5.28,edgar,2024-08-23,2026-10-03,2026-10-03,0
SYNA,2024-09-28,257700000.0,-23100000.0,-0.58,edgar,2024-11-07,2026-10-03,2026-10-03,0
SYNA,2024-12-28,267200000.0,1800000.0,0.05,edgar,2025-02-06,2026-10-03,2026-10-03,0
SYNA,2025-03-29,266600000.0,-21800000.0,-0.56,edgar,2025-05-08,2026-10-03,2026-10-03,0
SYNA,2025-06-28,282800000.0,-4700000.0,-0.1299999999999999,edgar,2025-08-21,2026-10-03,2026-10-03,0
SYNA,2025-09-27,292500000.0,-20600000.0,-0.53,edgar,2025-11-06,2026-10-03,2026-10-03,0
SYNA,2025-12-27,302500000.0,-14800000.0,-0.38,edgar,2026-02-05,2026-10-03,2026-10-03,0
SYNA,2026-03-28,294200000.0,-8000000.0,-0.21,edgar,2026-05-07,2026-10-03,2026-10-03,0
SYNA,2026-06-27,308000000.0,-447400000.0,-11.5,edgar,2026-08-10,2026-10-03,2026-10-03,0
SYRE,2022-03-31,1362000.0,-24436000.0,-0.37,edgar,2022-05-05,2026-10-03,2026-10-03,0
SYRE,2022-06-30,625000.0,-22323000.0,-0.27,edgar,2022-08-04,2026-10-03,2026-10-03,0
SYRE,2022-09-30,174000.0,-18234000.0,-4.84,edgar,2022-11-03,2026-10-03,2026-10-03,0
SYRE,2022-12-31,168000.0,-18822000.0,-19.38,edgar,2023-03-02,2026-10-03,2026-10-03,0
SYRE,2023-03-31,198000.0,-18422000.0,-4.89,edgar,2023-05-11,2026-10-03,2026-10-03,0
SYRE,2023-06-30,688000.0,-217081000.0,40.14,edgar,2023-08-11,2026-10-03,2026-10-03,0
SYRE,2023-09-30,0.0,-40107000.0,0.86,edgar,2023-11-09,2026-10-03,2026-10-03,0
SYRE,2023-12-31,0.0,-63180000.0,-22.35,edgar,2024-02-29,2026-10-03,2026-10-03,0
SYRE,2024-03-31,0.0,-43857000.0,0.72,edgar,2024-05-09,2026-10-03,2026-10-03,0
SYRE,2024-06-30,0.0,-38837000.0,0.59,edgar,2024-08-07,2026-10-03,2026-10-03,0
SYRE,2024-09-30,0.0,-69028000.0,1.06,edgar,2024-11-07,2026-10-03,2026-10-03,0
SYRE,2024-12-31,0.0,-56296000.0,,edgar,2025-02-27,2026-10-03,2026-10-03,0
T,2023-09-30,30350000000.0,3495000000.0,0.48,edgar,2023-10-31,2026-10-03,2026-10-03,0
T,2023-12-31,32022000000.0,2188000000.0,0.31000000000000005,edgar,2024-02-23,2026-10-03,2026-10-03,0
T,2024-03-31,30028000000.0,3445000000.0,0.47,edgar,2024-05-02,2026-10-03,2026-10-03,0
T,2024-06-30,29797000000.0,3597000000.0,0.49,edgar,2024-07-25,2026-10-03,2026-10-03,0
T,2024-09-30,30213000000.0,-174000000.0,-0.03,edgar,2024-10-29,2026-10-03,2026-10-03,0
T,2024-12-31,32298000000.0,4080000000.0,0.56,edgar,2025-02-12,2026-10-03,2026-10-03,0
T,2025-03-31,30626000000.0,4351000000.0,0.61,edgar,2025-04-29,2026-10-03,2026-10-03,0
T,2025-06-30,30847000000.0,4500000000.0,0.62,edgar,2025-07-24,2026-10-03,2026-10-03,0
T,2025-09-30,30709000000.0,9314000000.0,1.29,edgar,2025-10-31,2026-10-03,2026-10-03,0
T,2025-12-31,33466000000.0,3788000000.0,0.52,edgar,2026-02-09,2026-10-03,2026-10-03,0
T,2026-03-31,31506000000.0,3829000000.0,0.54,edgar,2026-04-27,2026-10-03,2026-10-03,0
T,2026-06-30,31558000000.0,4627000000.0,0.66,edgar,2026-07-22,2026-10-03,2026-10-03,0
TALO,2023-09-30,383135000.0,-2103000.0,-0.02,edgar,2023-11-07,2026-10-03,2026-10-03,0
TALO,2023-12-31,384959000.0,85566000.0,0.6200000000000001,edgar,2024-02-29,2026-10-03,2026-10-03,0
TALO,2024-03-31,429932000.0,-112439000.0,-0.71,edgar,2024-05-07,2026-10-03,2026-10-03,0
TALO,2024-06-30,549165000.0,12381000.0,0.07,edgar,2024-08-08,2026-10-03,2026-10-03,0
TALO,2024-09-30,509286000.0,88173000.0,0.49,edgar,2024-11-12,2026-10-03,2026-10-03,0
TALO,2024-12-31,485185000.0,-64515000.0,-0.29000000000000004,edgar,2025-02-27,2026-10-03,2026-10-03,0
TALO,2025-03-31,513059000.0,-9868000.0,-0.05,edgar,2025-05-06,2026-10-03,2026-10-03,0
TALO,2025-06-30,424721000.0,-185937000.0,-1.05,edgar,2025-08-07,2026-10-03,2026-10-03,0
TALO,2025-09-30,450053000.0,-95905000.0,-0.55,edgar,2025-11-06,2026-10-03,2026-10-03,0
TALO,2025-12-31,392237000.0,-202590000.0,-1.1699999999999997,edgar,2026-02-25,2026-10-03,2026-10-03,0
TALO,2026-03-31,472310000.0,-256165000.0,-1.52,edgar,2026-05-06,2026-10-03,2026-10-03,0
TALO,2026-06-30,664813000.0,149667000.0,0.88,edgar,2026-08-05,2026-10-03,2026-10-03,0
TARS,2023-09-30,1871000.0,-39148000.0,-1.28,edgar,2023-11-09,2026-10-03,2026-10-03,0
TARS,2023-12-31,13076000.0,-42009000.0,-1.29,edgar,2024-02-27,2026-10-03,2026-10-03,0
TARS,2024-03-31,27614000.0,-35731000.0,-1.01,edgar,2024-05-08,2026-10-03,2026-10-03,0
TARS,2024-06-30,40813000.0,-33290000.0,-0.88,edgar,2024-08-08,2026-10-03,2026-10-03,0
TARS,2024-09-30,48118000.0,-23420000.0,-0.61,edgar,2024-11-13,2026-10-03,2026-10-03,0
TARS,2024-12-31,66408000.0,-23559000.0,-0.5699999999999998,edgar,2025-02-25,2026-10-03,2026-10-03,0
TARS,2025-03-31,78335000.0,-25120000.0,-0.64,edgar,2025-05-01,2026-10-03,2026-10-03,0
TARS,2025-06-30,102660000.0,-20340000.0,-0.48,edgar,2025-08-06,2026-10-03,2026-10-03,0
TARS,2025-09-30,118697000.0,-12585000.0,-0.3,edgar,2025-11-04,2026-10-03,2026-10-03,0
TARS,2025-12-31,151668000.0,-7955000.0,-0.17000000000000015,edgar,2026-02-23,2026-10-03,2026-10-03,0
TARS,2026-03-31,162054000.0,-6967000.0,-0.16,edgar,2026-05-06,2026-10-03,2026-10-03,0
TARS,2026-06-30,173912000.0,-18551000.0,-0.43,edgar,2026-08-06,2026-10-03,2026-10-03,0
TBN,2023-09-30,0.0,-3189698.0,-0.376,edgar,2024-11-12,2026-10-03,2026-10-03,0
TBN,2023-12-31,0.0,-6026331.0,-0.69,edgar,2025-02-12,2026-10-03,2026-10-03,0
TBN,2024-03-31,0.0,-3282555.0,-0.321,edgar,2025-05-14,2026-10-03,2026-10-03,0
TBN,2024-06-30,0.0,-9419887.0,-0.9319999999999999,edgar,2025-09-25,2026-10-03,2026-10-03,0
TBN,2024-09-30,0.0,-5895000.0,-0.417,edgar,2024-11-12,2026-10-03,2026-10-03,0
TBN,2024-12-31,0.0,-14167000.0,-0.987,edgar,2025-02-12,2026-10-03,2026-10-03,0
TBN,2025-03-31,0.0,-6657000.0,-0.458,edgar,2025-05-14,2026-10-03,2026-10-03,0
TBN,2025-06-30,0.0,-10183000.0,-0.6549999999999998,edgar,2025-09-25,2026-10-03,2026-10-03,0
TBN,2025-09-30,0.0,-8182000.0,-0.467,edgar,2025-11-13,2026-10-03,2026-10-03,0
TBN,2025-12-31,0.0,-6613000.0,-0.33,edgar,2026-02-11,2026-10-03,2026-10-03,0
TBN,2026-03-31,0.0,-9407000.0,-0.42,edgar,2026-05-13,2026-10-03,2026-10-03,0
TBN,2026-06-30,0.0,-1871000.0,0.05600000000000005,edgar,2026-09-25,2026-10-03,2026-10-03,0
TECH,2023-09-30,276935000.0,50993000.0,0.31,edgar,2023-11-07,2026-10-03,2026-10-03,0
TECH,2023-12-31,272598000.0,27465000.0,0.17,edgar,2024-02-07,2026-10-03,2026-10-03,0
TECH,2024-03-31,303428000.0,49059000.0,0.31,edgar,2024-05-06,2026-10-03,2026-10-03,0
TECH,2024-06-30,306099000.0,40588000.0,0.26,edgar,2024-08-22,2026-10-03,2026-10-03,0
TECH,2024-09-30,289458000.0,33600000.0,0.21,edgar,2024-11-05,2026-10-03,2026-10-03,0
TECH,2024-12-31,297031000.0,34890000.0,0.22,edgar,2025-02-06,2026-10-03,2026-10-03,0
TECH,2025-03-31,316181000.0,22588000.0,0.14,edgar,2025-05-08,2026-10-03,2026-10-03,0
TECH,2025-06-30,316965000.0,-17678000.0,-0.11000000000000004,edgar,2025-08-22,2026-10-03,2026-10-03,0
TECH,2025-09-30,286555000.0,38185000.0,0.24,edgar,2025-11-05,2026-10-03,2026-10-03,0
TECH,2025-12-31,295877000.0,38009000.0,0.24,edgar,2026-02-04,2026-10-03,2026-10-03,0
TECH,2026-03-31,311415000.0,51047000.0,0.32,edgar,2026-05-06,2026-10-03,2026-10-03,0
TECH,2026-06-30,321192000.0,54621000.0,0.3599999999999999,edgar,2026-08-24,2026-10-03,2026-10-03,0
TEM,2023-06-30,132417000.0,-55832000.0,-1.07,edgar,2024-08-06,2026-10-03,2026-10-03,0
TEM,2023-09-30,136057000.0,-53426000.0,-1.03,edgar,2024-11-04,2026-10-03,2026-10-03,0
TEM,2024-03-31,145820000.0,-64743000.0,-1.47,edgar,2025-05-06,2026-10-03,2026-10-03,0
TEM,2024-06-30,165969000.0,-552212000.0,-6.86,edgar,2024-08-06,2026-10-03,2026-10-03,0
TEM,2024-09-30,180929000.0,-75840000.0,-0.46,edgar,2024-11-04,2026-10-03,2026-10-03,0
TEM,2024-12-31,200680000.0,-13005000.0,2.5600000000000005,edgar,2025-02-24,2026-10-03,2026-10-03,0
TEM,2025-03-31,255737000.0,-68037000.0,-0.4,edgar,2025-05-06,2026-10-03,2026-10-03,0
TEM,2025-06-30,314635000.0,-42843000.0,-0.25,edgar,2025-08-08,2026-10-03,2026-10-03,0
TEM,2025-09-30,334206000.0,-79982000.0,-0.46,edgar,2025-11-04,2026-10-03,2026-10-03,0
TEM,2025-12-31,367211000.0,-54138000.0,-0.2999999999999998,edgar,2026-02-24,2026-10-03,2026-10-03,0
TEM,2026-03-31,348116000.0,-125919000.0,-0.71,edgar,2026-05-05,2026-10-03,2026-10-03,0
TEM,2026-06-30,382486000.0,5642000.0,0.03,edgar,2026-07-30,2026-10-03,2026-10-03,0
TEN,2015-06-30,154020000.0,41286000.0,0.45,edgar,2015-09-09,2026-10-03,2026-10-03,0
TEN,2016-06-30,119851000.0,16414000.0,0.15,edgar,2016-11-02,2026-10-03,2026-10-03,0
TEN,2017-06-30,132180000.0,3575000.0,-0.03,edgar,2017-10-02,2026-10-03,2026-10-03,0
TEN,2018-06-30,123927000.0,-9553000.0,-0.19,edgar,2018-10-05,2026-10-03,2026-10-03,0
TEN,2019-06-30,144020000.0,305000.0,-0.72,edgar,2019-09-20,2026-10-03,2026-10-03,0
TEN,2020-06-30,190770000.0,31479000.0,1.07,edgar,2020-10-09,2026-10-03,2026-10-03,0
TEN,2021-06-30,136415000.0,-19664000.0,-1.49,edgar,2021-10-26,2026-10-03,2026-10-03,0
TEN,2022-06-30,216699000.0,46225000.0,1.31,edgar,2022-09-30,2026-10-03,2026-10-03,0
TEN,2023-06-30,221454000.0,60641000.0,1.65,edgar,2023-09-21,2026-10-03,2026-10-03,0
TEN,2024-06-30,214055000.0,76386000.0,2.36,edgar,2024-10-08,2026-10-03,2026-10-03,0
TEN,2025-06-30,193309000.0,26833000.0,0.67,edgar,2025-09-30,2026-10-03,2026-10-03,0
TEN,2026-06-30,298405000.0,139300000.0,4.4,edgar,2026-09-17,2026-10-03,2026-10-03,0
TENB,2023-09-30,201529000.0,-15565000.0,-0.13,edgar,2023-11-09,2026-10-03,2026-10-03,0
TENB,2023-12-31,213306000.0,-21648000.0,-0.19000000000000006,edgar,2024-02-28,2026-10-03,2026-10-03,0
TENB,2024-03-31,215961000.0,-14386000.0,-0.12,edgar,2024-05-07,2026-10-03,2026-10-03,0
TENB,2024-06-30,221241000.0,-14572000.0,-0.12,edgar,2024-08-06,2026-10-03,2026-10-03,0
TENB,2024-09-30,227088000.0,-9211000.0,-0.08,edgar,2024-11-05,2026-10-03,2026-10-03,0
TENB,2024-12-31,235731000.0,1868000.0,0.010000000000000009,edgar,2025-02-24,2026-10-03,2026-10-03,0
TENB,2025-03-31,239137000.0,-22935000.0,-0.19,edgar,2025-05-06,2026-10-03,2026-10-03,0
TENB,2025-06-30,247295000.0,-14706000.0,-0.12,edgar,2025-08-08,2026-10-03,2026-10-03,0
TENB,2025-09-30,252440000.0,2260000.0,0.02,edgar,2025-11-04,2026-10-03,2026-10-03,0
TENB,2025-12-31,260533000.0,-737000.0,-0.010000000000000009,edgar,2026-02-27,2026-10-03,2026-10-03,0
TENB,2026-03-31,262058000.0,1414000.0,0.01,edgar,2026-05-05,2026-10-03,2026-10-03,0
TENB,2026-06-30,268508000.0,3805000.0,0.03,edgar,2026-08-04,2026-10-03,2026-10-03,0
TER,2023-10-01,703732000.0,128116000.0,0.78,edgar,2023-11-03,2026-10-03,2026-10-03,0
TER,2023-12-31,670600000.0,117055000.0,0.7200000000000002,edgar,2024-02-22,2026-10-03,2026-10-03,0
TER,2024-03-31,599819000.0,64197000.0,0.4,edgar,2024-05-03,2026-10-03,2026-10-03,0
TER,2024-06-30,729879000.0,186273000.0,1.14,edgar,2024-08-02,2026-10-03,2026-10-03,0
TER,2024-09-29,737298000.0,145649000.0,0.89,edgar,2024-11-01,2026-10-03,2026-10-03,0
TER,2024-12-31,752884000.0,146253000.0,0.8900000000000001,edgar,2025-02-20,2026-10-03,2026-10-03,0
TER,2025-03-30,685680000.0,98896000.0,0.61,edgar,2025-05-02,2026-10-03,2026-10-03,0
TER,2025-06-29,651797000.0,78372000.0,0.49,edgar,2025-08-01,2026-10-03,2026-10-03,0
TER,2025-09-28,769210000.0,119558000.0,0.75,edgar,2025-10-30,2026-10-03,2026-10-03,0
TER,2025-12-31,1083337000.0,257221000.0,1.62,edgar,2026-02-19,2026-10-03,2026-10-03,0
TER,2026-03-29,1282494000.0,398908000.0,2.53,edgar,2026-05-01,2026-10-03,2026-10-03,0
TER,2026-06-28,1328990000.0,374533000.0,2.38,edgar,2026-07-31,2026-10-03,2026-10-03,0
TGT,2023-10-28,25398000000.0,971000000.0,2.1,edgar,2023-11-22,2026-10-03,2026-10-03,0
TGT,2024-02-03,31919000000.0,1382000000.0,2.9899999999999993,edgar,2024-03-13,2026-10-03,2026-10-03,0
TGT,2024-05-04,24531000000.0,942000000.0,2.03,edgar,2024-05-31,2026-10-03,2026-10-03,0
TGT,2024-08-03,25452000000.0,1192000000.0,2.57,edgar,2024-08-30,2026-10-03,2026-10-03,0
TGT,2024-11-02,25668000000.0,854000000.0,1.85,edgar,2024-11-27,2026-10-03,2026-10-03,0
TGT,2025-02-01,30915000000.0,1103000000.0,2.41,edgar,2025-03-12,2026-10-03,2026-10-03,0
TGT,2025-05-03,23846000000.0,1036000000.0,2.27,edgar,2025-05-30,2026-10-03,2026-10-03,0
TGT,2025-08-02,25211000000.0,935000000.0,2.05,edgar,2025-08-29,2026-10-03,2026-10-03,0
TGT,2025-11-01,25270000000.0,689000000.0,1.51,edgar,2025-11-26,2026-10-03,2026-10-03,0
TGT,2026-01-31,30453000000.0,1046000000.0,2.3000000000000007,edgar,2026-03-11,2026-10-03,2026-10-03,0
TGT,2026-05-02,25443000000.0,781000000.0,1.71,edgar,2026-05-29,2026-10-03,2026-10-03,0
TGT,2026-08-01,26539000000.0,1877000000.0,4.11,edgar,2026-08-28,2026-10-03,2026-10-03,0
TH,2023-09-30,93538000.0,45579000.0,0.43,edgar,2023-11-08,2026-10-03,2026-10-03,0
TH,2023-12-31,84730000.0,37843000.0,0.31000000000000005,edgar,2024-03-13,2026-10-03,2026-10-03,0
TH,2024-03-31,72398000.0,20383000.0,0.2,edgar,2024-05-08,2026-10-03,2026-10-03,0
TH,2024-06-30,67491000.0,18386000.0,0.18,edgar,2024-08-07,2026-10-03,2026-10-03,0
TH,2024-09-30,65796000.0,19994000.0,0.2,edgar,2024-11-12,2026-10-03,2026-10-03,0
TH,2024-12-31,60227000.0,12644000.0,0.11999999999999988,edgar,2025-03-26,2026-10-03,2026-10-03,0
TH,2025-03-31,54902000.0,-6461000.0,-0.07,edgar,2025-05-19,2026-10-03,2026-10-03,0
TH,2025-06-30,54890000.0,-14931000.0,-0.15,edgar,2025-08-07,2026-10-03,2026-10-03,0
TH,2025-09-30,91571000.0,-795000.0,-0.01,edgar,2025-11-06,2026-10-03,2026-10-03,0
TH,2025-12-31,73465000.0,-14889000.0,-0.13999999999999999,edgar,2026-03-11,2026-10-03,2026-10-03,0
TH,2026-03-31,56205000.0,-12919000.0,-0.13,edgar,2026-05-11,2026-10-03,2026-10-03,0
TH,2026-06-30,54698000.0,-9035000.0,-0.09,edgar,2026-08-10,2026-10-03,2026-10-03,0
THC,2023-09-30,5066000000.0,266000000.0,0.94,edgar,2023-10-30,2026-10-03,2026-10-03,0
THC,2023-12-31,5395000000.0,456000000.0,2.3,edgar,2024-02-16,2026-10-03,2026-10-03,0
THC,2024-03-31,5368000000.0,2334000000.0,21.38,edgar,2024-04-30,2026-10-03,2026-10-03,0
THC,2024-06-30,5108000000.0,477000000.0,2.64,edgar,2024-07-30,2026-10-03,2026-10-03,0
THC,2024-09-30,5126000000.0,681000000.0,4.89,edgar,2024-10-29,2026-10-03,2026-10-03,0
THC,2024-12-31,5073000000.0,572000000.0,3.7900000000000027,edgar,2025-02-18,2026-10-03,2026-10-03,0
THC,2025-03-31,5223000000.0,622000000.0,4.27,edgar,2025-04-29,2026-10-03,2026-10-03,0
THC,2025-06-30,5271000000.0,522000000.0,3.14,edgar,2025-07-30,2026-10-03,2026-10-03,0
THC,2025-09-30,5289000000.0,579000000.0,3.86,edgar,2025-10-28,2026-10-03,2026-10-03,0
THC,2025-12-31,5527000000.0,644000000.0,4.220000000000001,edgar,2026-02-17,2026-10-03,2026-10-03,0
THC,2026-03-31,5368000000.0,906000000.0,8.01,edgar,2026-04-30,2026-10-03,2026-10-03,0
THC,2026-06-30,5628000000.0,1045000000.0,9.84,edgar,2026-07-29,2026-10-03,2026-10-03,0
THG,2023-09-30,1516600000.0,8600000.0,0.24,edgar,2023-11-02,2026-10-03,2026-10-03,0
THG,2023-12-31,1528800000.0,107900000.0,3.02,edgar,2024-02-22,2026-10-03,2026-10-03,0
THG,2024-03-31,1551100000.0,115500000.0,3.18,edgar,2024-05-02,2026-10-03,2026-10-03,0
THG,2024-06-30,1536700000.0,40500000.0,1.12,edgar,2024-08-01,2026-10-03,2026-10-03,0
THG,2024-09-30,1565300000.0,102100000.0,2.8,edgar,2024-10-31,2026-10-03,2026-10-03,0
THG,2024-12-31,1584300000.0,167900000.0,4.6,edgar,2025-02-24,2026-10-03,2026-10-03,0
THG,2025-03-31,1603200000.0,128200000.0,3.5,edgar,2025-05-01,2026-10-03,2026-10-03,0
THG,2025-06-30,1654400000.0,157100000.0,4.3,edgar,2025-07-31,2026-10-03,2026-10-03,0
THG,2025-09-30,1665000000.0,178700000.0,4.9,edgar,2025-10-30,2026-10-03,2026-10-03,0
THG,2025-12-31,1671800000.0,198500000.0,5.460000000000001,edgar,2026-02-20,2026-10-03,2026-10-03,0
THG,2026-03-31,1701400000.0,186800000.0,5.2,edgar,2026-04-30,2026-10-03,2026-10-03,0
THG,2026-06-30,1726200000.0,191600000.0,5.38,edgar,2026-07-29,2026-10-03,2026-10-03,0
TITN,2023-10-31,694115000.0,30193000.0,1.32,edgar,2024-12-05,2026-10-03,2026-10-03,0
TITN,2024-01-31,852131000.0,23962000.0,1.04,edgar,2025-04-07,2026-10-03,2026-10-03,0
TITN,2024-04-30,628703000.0,9441000.0,0.41,edgar,2024-06-07,2026-10-03,2026-10-03,0
TITN,2024-07-31,633674000.0,-4304000.0,-0.19,edgar,2024-09-05,2026-10-03,2026-10-03,0
TITN,2024-10-31,679824000.0,1713000.0,0.07,edgar,2024-12-05,2026-10-03,2026-10-03,0
TITN,2025-01-31,759921000.0,-43761000.0,-1.92,edgar,2025-04-07,2026-10-03,2026-10-03,0
TITN,2025-04-30,594336000.0,-13204000.0,-0.58,edgar,2025-06-05,2026-10-03,2026-10-03,0
TITN,2025-07-31,546426000.0,-6000000.0,-0.26,edgar,2025-09-04,2026-10-03,2026-10-03,0
TITN,2025-10-31,644510000.0,1198000.0,0.05,edgar,2025-12-04,2026-10-03,2026-10-03,0
TITN,2026-01-31,641835000.0,-36168000.0,-1.5899999999999999,edgar,2026-03-31,2026-10-03,2026-10-03,0
TITN,2026-04-30,522381000.0,-12616000.0,-0.55,edgar,2026-06-09,2026-10-03,2026-10-03,0
TITN,2026-07-31,496384000.0,-9150000.0,-0.4,edgar,2026-09-03,2026-10-03,2026-10-03,0
TKNO,2023-09-30,8169000.0,-10153000.0,-0.34,edgar,2023-11-13,2026-10-03,2026-10-03,0
TKNO,2023-12-31,7867000.0,-10656000.0,-0.2599999999999999,edgar,2024-03-27,2026-10-03,2026-10-03,0
TKNO,2024-03-31,9290000.0,-8097000.0,-0.2,edgar,2024-05-13,2026-10-03,2026-10-03,0
TKNO,2024-06-30,9614000.0,-5364000.0,-0.13,edgar,2024-08-13,2026-10-03,2026-10-03,0
TKNO,2024-09-30,9576000.0,-7565000.0,-0.15,edgar,2024-11-08,2026-10-03,2026-10-03,0
TKNO,2024-12-31,9265000.0,-5719000.0,-0.08999999999999997,edgar,2025-03-07,2026-10-03,2026-10-03,0
TKNO,2025-03-31,9795000.0,-4645000.0,-0.09,edgar,2025-05-09,2026-10-03,2026-10-03,0
TKNO,2025-06-30,10287000.0,-3570000.0,-0.07,edgar,2025-08-08,2026-10-03,2026-10-03,0
TKNO,2025-09-30,10454000.0,-4286000.0,-0.08,edgar,2025-11-07,2026-10-03,2026-10-03,0
TKNO,2025-12-31,9984000.0,-4758000.0,-0.08000000000000002,edgar,2026-03-02,2026-10-03,2026-10-03,0
TKNO,2026-03-31,11077000.0,-4555000.0,-0.08,edgar,2026-05-07,2026-10-03,2026-10-03,0
TKNO,2026-06-30,12185000.0,-3170000.0,-0.06,edgar,2026-08-06,2026-10-03,2026-10-03,0
TMO,2023-09-30,10574000000.0,1695000000.0,4.42,edgar,2023-11-03,2026-10-03,2026-10-03,0
TMO,2023-12-31,10886000000.0,1606000000.0,4.199999999999999,edgar,2024-02-22,2026-10-03,2026-10-03,0
TMO,2024-03-30,10345000000.0,1331000000.0,3.46,edgar,2024-05-03,2026-10-03,2026-10-03,0
TMO,2024-06-29,10541000000.0,1548000000.0,4.04,edgar,2024-08-02,2026-10-03,2026-10-03,0
TMO,2024-09-28,10598000000.0,1630000000.0,4.25,edgar,2024-11-01,2026-10-03,2026-10-03,0
TMO,2024-12-31,11395000000.0,1825000000.0,4.780000000000001,edgar,2025-02-20,2026-10-03,2026-10-03,0
TMO,2025-03-29,10364000000.0,1507000000.0,3.98,edgar,2025-05-02,2026-10-03,2026-10-03,0
TMO,2025-06-28,10855000000.0,1617000000.0,4.28,edgar,2025-08-01,2026-10-03,2026-10-03,0
TMO,2025-09-27,11122000000.0,1616000000.0,4.27,edgar,2025-10-31,2026-10-03,2026-10-03,0
TMO,2025-12-31,12215000000.0,1981000000.0,5.209999999999999,edgar,2026-02-26,2026-10-03,2026-10-03,0
TMO,2026-03-28,11005000000.0,1651000000.0,4.43,edgar,2026-05-01,2026-10-03,2026-10-03,0
TMO,2026-06-27,11994000000.0,1736000000.0,4.68,edgar,2026-07-31,2026-10-03,2026-10-03,0
TMP,2022-06-30,18048000.0,20869000.0,1.45,edgar,2022-08-08,2026-10-03,2026-10-03,0
TMP,2022-09-30,20142000.0,21340000.0,1.48,edgar,2022-11-07,2026-10-03,2026-10-03,0
TMP,2022-12-31,16910000.0,19548000.0,1.3599999999999994,edgar,2023-03-01,2026-10-03,2026-10-03,0
TMP,2023-03-31,18797000.0,19381000.0,1.35,edgar,2023-05-10,2026-10-03,2026-10-03,0
TMP,2023-06-30,18402000.0,8475000.0,0.59,edgar,2023-08-09,2026-10-03,2026-10-03,0
TMP,2023-09-30,20667000.0,-33354000.0,-2.35,edgar,2023-11-08,2026-10-03,2026-10-03,0
TMP,2023-12-31,17161000.0,15003000.0,1.07,edgar,2024-02-29,2026-10-03,2026-10-03,0
TMP,2024-03-31,20251000.0,16872000.0,1.18,edgar,2024-05-08,2026-10-03,2026-10-03,0
TMP,2024-06-30,19285000.0,15682000.0,1.1,edgar,2024-08-08,2026-10-03,2026-10-03,0
TMP,2024-09-30,21307000.0,18638000.0,1.3,edgar,2024-11-06,2026-10-03,2026-10-03,0
TMP,2024-12-31,18487000.0,19658000.0,1.3899999999999997,edgar,2025-02-28,2026-10-03,2026-10-03,0
TMP,2025-03-31,21506000.0,19679000.0,1.37,edgar,2025-05-06,2026-10-03,2026-10-03,0
TNK,2016-06-30,146146000.0,22486000.0,0.14,edgar,2016-08-25,2026-10-03,2026-10-03,0
TNK,2016-09-30,109554000.0,-5457000.0,-0.03,edgar,2016-11-28,2026-10-03,2026-10-03,0
TNK,2017-06-30,108789000.0,-37477000.0,-0.21,edgar,2018-10-10,2026-10-03,2026-10-03,0
TNK,2017-09-30,91238000.0,-22380000.0,-0.12,edgar,2018-11-30,2026-10-03,2026-10-03,0
TNK,2018-06-30,171659000.0,-27413000.0,-0.1,edgar,2018-10-10,2026-10-03,2026-10-03,0
TNK,2018-09-30,175915000.0,-17484000.0,-0.07,edgar,2018-11-30,2026-10-03,2026-10-03,0
TNK,2019-06-30,207007000.0,-14307000.0,-0.43,edgar,2019-08-15,2026-10-03,2026-10-03,0
TNK,2019-09-30,187444000.0,-19850000.0,-0.59,edgar,2019-11-22,2026-10-03,2026-10-03,0
TNK,2020-06-30,246492000.0,98198000.0,2.89,edgar,2020-09-01,2026-10-03,2026-10-03,0
TNK,2020-09-30,170240000.0,-44434000.0,-1.32,edgar,2020-11-24,2026-10-03,2026-10-03,0
TNK,2021-06-30,123420000.0,-129144000.0,-3.83,edgar,2021-08-13,2026-10-03,2026-10-03,0
TNK,2021-09-30,115890000.0,-52055000.0,-1.54,edgar,2021-11-10,2026-10-03,2026-10-03,0
TOP,2025-06-30,1333393.0,85992.0,0.01,edgar,2026-08-17,2026-10-03,2026-10-03,0
TOP,2026-06-30,1076700.0,-113433.0,-0.02,edgar,2026-08-17,2026-10-03,2026-10-03,0
TRGP,2023-09-30,3359100000.0,220000000.0,0.97,edgar,2023-11-02,2026-10-03,2026-10-03,0
TRGP,2023-12-31,3640500000.0,299600000.0,1.2200000000000002,edgar,2024-02-15,2026-10-03,2026-10-03,0
TRGP,2024-03-31,3988100000.0,275200000.0,1.22,edgar,2024-05-02,2026-10-03,2026-10-03,0
TRGP,2024-06-30,3047700000.0,298500000.0,1.33,edgar,2024-08-01,2026-10-03,2026-10-03,0
TRGP,2024-09-30,3851800000.0,387400000.0,1.75,edgar,2024-11-05,2026-10-03,2026-10-03,0
TRGP,2024-12-31,4405300000.0,350900000.0,1.4400000000000004,edgar,2025-02-20,2026-10-03,2026-10-03,0
TRGP,2025-03-31,4561500000.0,270500000.0,0.91,edgar,2025-05-01,2026-10-03,2026-10-03,0
TRGP,2025-06-30,4260100000.0,629100000.0,2.87,edgar,2025-08-07,2026-10-03,2026-10-03,0
TRGP,2025-09-30,4151200000.0,478400000.0,2.2,edgar,2025-11-05,2026-10-03,2026-10-03,0
TRGP,2025-12-31,4055500000.0,545000000.0,2.51,edgar,2026-02-19,2026-10-03,2026-10-03,0
TRGP,2026-03-31,4094700000.0,479600000.0,2.21,edgar,2026-05-07,2026-10-03,2026-10-03,0
TRGP,2026-06-30,4440100000.0,764600000.0,3.54,edgar,2026-08-06,2026-10-03,2026-10-03,0
TRLV,2023-09-30,275210000.0,-25843000.0,-0.12,edgar,2023-11-09,2026-10-03,2026-10-03,0
TRLV,2023-12-31,286974000.0,-26943000.0,-0.17999999999999972,edgar,2024-02-29,2026-10-03,2026-10-03,0
TRLV,2024-03-31,297619000.0,-24518000.0,-0.16,edgar,2024-05-09,2026-10-03,2026-10-03,0
TRLV,2024-06-30,303442000.0,-11984000.0,-0.04,edgar,2024-08-06,2026-10-03,2026-10-03,0
TRLV,2024-09-30,284284000.0,-61597000.0,-0.32,edgar,2024-11-05,2026-10-03,2026-10-03,0
TRLV,2024-12-31,301145000.0,-57006000.0,-0.27,edgar,2025-02-27,2026-10-03,2026-10-03,0
TRLV,2025-03-31,297760000.0,-33759000.0,-0.16,edgar,2025-05-07,2026-10-03,2026-10-03,0
TRLV,2025-06-30,302086000.0,-16111000.0,,edgar,2025-08-06,2026-10-03,2026-10-03,0
TRLV,2025-09-30,288187000.0,-28784000.0,,edgar,2025-11-05,2026-10-03,2026-10-03,0
TRLV,2025-12-31,293147000.0,-43594000.0,,edgar,2026-02-26,2026-10-03,2026-10-03,0
TRLV,2026-03-31,286754000.0,2283000.0,,edgar,2026-05-07,2026-10-03,2026-10-03,0
TRLV,2026-06-30,270952000.0,-406062000.0,,edgar,2026-08-07,2026-10-03,2026-10-03,0
TRNS,2023-09-23,62804000.0,460000.0,0.06,edgar,2023-11-01,2026-10-03,2026-10-03,0
TRNS,2023-12-23,65166000.0,3348000.0,0.38,edgar,2024-01-31,2026-10-03,2026-10-03,0
TRNS,2024-03-30,70913000.0,6890000.0,0.8099999999999998,edgar,2024-05-28,2026-10-03,2026-10-03,0
TRNS,2024-06-29,66707000.0,4408000.0,0.48,edgar,2024-08-07,2026-10-03,2026-10-03,0
TRNS,2024-09-28,67826000.0,3286000.0,0.35,edgar,2024-11-06,2026-10-03,2026-10-03,0
TRNS,2024-12-28,66754000.0,2357000.0,0.25,edgar,2025-02-05,2026-10-03,2026-10-03,0
TRNS,2025-03-29,77134000.0,4464000.0,0.49,edgar,2025-05-27,2026-10-03,2026-10-03,0
TRNS,2025-06-28,76424000.0,3261000.0,0.35,edgar,2025-08-06,2026-10-03,2026-10-03,0
TRNS,2025-09-30,82272000.0,1269000.0,0.14,edgar,2025-11-05,2026-10-03,2026-10-03,0
TRNS,2025-12-27,83856000.0,-1101000.0,-0.12,edgar,2026-02-03,2026-10-03,2026-10-03,0
TRNS,2026-06-27,92945000.0,1331000.0,0.14,edgar,2026-08-04,2026-10-03,2026-10-03,0
TRON,2023-09-30,1128062.0,-1486749.0,-0.19,edgar,2023-11-13,2026-10-03,2026-10-03,0
TRON,2023-12-31,1203628.0,-757130.0,-0.11000000000000001,edgar,2024-04-01,2026-10-03,2026-10-03,0
TRON,2024-03-31,1006357.0,-1710004.0,-0.17,edgar,2024-05-10,2026-10-03,2026-10-03,0
TRON,2024-06-30,1507927.0,-520971.0,-0.05,edgar,2024-08-12,2026-10-03,2026-10-03,0
TRON,2024-09-30,876392.0,-1128872.0,-0.11,edgar,2024-11-13,2026-10-03,2026-10-03,0
TRON,2024-12-31,920706.0,-979498.0,-0.03999999999999998,edgar,2025-03-31,2026-10-03,2026-10-03,0
TRON,2025-03-31,1089634.0,-646586.0,-0.04,edgar,2025-05-09,2026-10-03,2026-10-03,0
TRON,2025-06-30,1342929.0,1467855.0,0.01,edgar,2025-08-08,2026-10-03,2026-10-03,0
TRON,2025-09-30,1104293.0,12174266.0,0.04,edgar,2025-11-10,2026-10-03,2026-10-03,0
TRON,2025-12-31,1203695.0,-29806802.0,-0.17,edgar,2026-03-25,2026-10-03,2026-10-03,0
TRON,2026-03-31,1184675.0,21628441.0,0.05,edgar,2026-05-08,2026-10-03,2026-10-03,0
TRON,2026-06-30,1568626.0,2867856.0,0.01,edgar,2026-08-11,2026-10-03,2026-10-03,0
TSEM,2013-06-30,125236000.0,-22887000.0,-0.59,edgar,2013-08-21,2026-10-03,2026-10-03,0
TSEM,2014-06-30,234072000.0,-15746000.0,-0.31,edgar,2014-08-12,2026-10-03,2026-10-03,0
TSEM,2015-06-30,235561000.0,7787000.0,0.09,edgar,2015-08-06,2026-10-03,2026-10-03,0
TSEM,2016-06-30,305003000.0,38486000.0,0.4,edgar,2016-08-09,2026-10-03,2026-10-03,0
TSEM,2017-06-30,345059000.0,50017000.0,0.49,edgar,2018-07-31,2026-10-03,2026-10-03,0
TSEM,2018-06-30,335138000.0,37742000.0,0.37,edgar,2018-07-31,2026-10-03,2026-10-03,0
TSEM,2019-06-30,306064000.0,20936000.0,0.2,edgar,2019-07-30,2026-10-03,2026-10-03,0
TSEM,2020-06-30,310090000.0,19052000.0,0.18,edgar,2020-08-05,2026-10-03,2026-10-03,0
TSEM,2021-06-30,362138000.0,30866000.0,0.28,edgar,2021-08-09,2026-10-03,2026-10-03,0
TSEM,2022-06-30,426168000.0,58077000.0,0.53,edgar,2022-08-08,2026-10-03,2026-10-03,0
TSEM,2023-06-30,357191000.0,51190000.0,0.46,edgar,2023-07-27,2026-10-03,2026-10-03,0
TSEM,2024-06-30,351181000.0,53445000.0,0.48,edgar,2024-07-29,2026-10-03,2026-10-03,0
TVTX,2023-09-30,37095000.0,150735000.0,1.97,edgar,2023-11-07,2026-10-03,2026-10-03,0
TVTX,2023-12-31,45059000.0,-90173000.0,-1.18,edgar,2024-02-20,2026-10-03,2026-10-03,0
TVTX,2024-03-31,41374000.0,-136061000.0,-1.76,edgar,2024-05-06,2026-10-03,2026-10-03,0
TVTX,2024-06-30,54116000.0,-70409000.0,-0.91,edgar,2024-08-01,2026-10-03,2026-10-03,0
TVTX,2024-09-30,62898000.0,-54811000.0,-0.7,edgar,2024-10-31,2026-10-03,2026-10-03,0
TVTX,2024-12-31,74787000.0,-60264000.0,-0.71,edgar,2025-02-21,2026-10-03,2026-10-03,0
TVTX,2025-03-31,81732000.0,-41226000.0,-0.47,edgar,2025-05-01,2026-10-03,2026-10-03,0
TVTX,2025-06-30,114449000.0,-12755000.0,-0.14,edgar,2025-08-06,2026-10-03,2026-10-03,0
TVTX,2025-09-30,164859000.0,25706000.0,0.28,edgar,2025-10-30,2026-10-03,2026-10-03,0
TVTX,2025-12-31,129688000.0,2729000.0,0.03999999999999998,edgar,2026-02-19,2026-10-03,2026-10-03,0
TVTX,2026-03-31,127199000.0,-37102000.0,-0.4,edgar,2026-05-04,2026-10-03,2026-10-03,0
TVTX,2026-06-30,169584000.0,-34797000.0,-0.37,edgar,2026-08-04,2026-10-03,2026-10-03,0
TWIN,2023-09-30,63554000.0,-1173000.0,-0.09,edgar,2023-11-08,2026-10-03,2026-10-03,0
TWIN,2023-12-29,72994000.0,930000.0,0.07,edgar,2024-02-07,2026-10-03,2026-10-03,0
TWIN,2024-03-29,74161000.0,3822000.0,0.27,edgar,2024-05-08,2026-10-03,2026-10-03,0
TWIN,2024-09-27,72897000.0,-2765000.0,-0.2,edgar,2025-11-05,2026-10-03,2026-10-03,0
TWIN,2024-12-27,89921000.0,919000.0,0.07,edgar,2026-02-04,2026-10-03,2026-10-03,0
TWIN,2025-03-28,81242000.0,-1472000.0,-0.11,edgar,2026-05-06,2026-10-03,2026-10-03,0
TWIN,2025-06-30,96678000.0,2621000.0,0.19,edgar,2025-09-05,2026-10-03,2026-10-03,0
TWIN,2025-09-26,79996000.0,-518000.0,-0.04,edgar,2025-11-05,2026-10-03,2026-10-03,0
TWIN,2025-12-26,90180000.0,14909000.0,1.04,edgar,2026-02-04,2026-10-03,2026-10-03,0
TWIN,2026-03-27,96694000.0,3325000.0,0.23,edgar,2026-05-06,2026-10-03,2026-10-03,0
TWIN,2026-06-30,114400000.0,9360000.0,0.64,edgar,2026-09-04,2026-10-03,2026-10-03,0
TWLO,2023-09-30,1033670000.0,-141707000.0,-0.78,edgar,2023-11-09,2026-10-03,2026-10-03,0
TWLO,2023-12-31,1075950000.0,-364967000.0,-2.01,edgar,2024-02-27,2026-10-03,2026-10-03,0
TWLO,2024-03-31,1047050000.0,-55349000.0,-0.31,edgar,2024-05-08,2026-10-03,2026-10-03,0
TWLO,2024-06-30,1082502000.0,-31858000.0,-0.19,edgar,2024-08-01,2026-10-03,2026-10-03,0
TWLO,2024-09-30,1133649000.0,-9726000.0,-0.06,edgar,2024-10-31,2026-10-03,2026-10-03,0
TWLO,2024-12-31,1194835000.0,-12067000.0,-0.09999999999999998,edgar,2025-02-26,2026-10-03,2026-10-03,0
TWLO,2025-03-31,1172463000.0,20017000.0,0.12,edgar,2025-05-02,2026-10-03,2026-10-03,0
TWLO,2025-06-30,1228425000.0,22423000.0,0.14,edgar,2025-08-08,2026-10-03,2026-10-03,0
TWLO,2025-09-30,1300402000.0,37248000.0,0.23,edgar,2025-10-31,2026-10-03,2026-10-03,0
TWLO,2025-12-31,1365930000.0,-45688000.0,-0.28,edgar,2026-02-24,2026-10-03,2026-10-03,0
TWLO,2026-03-31,1406907000.0,90139000.0,0.57,edgar,2026-05-01,2026-10-03,2026-10-03,0
TWLO,2026-06-30,1499089000.0,1067209000.0,6.68,edgar,2026-08-07,2026-10-03,2026-10-03,0
TWST,2023-09-30,66946000.0,-46243000.0,-0.81,edgar,2023-11-21,2026-10-03,2026-10-03,0
TWST,2023-12-31,71498000.0,-43008000.0,-0.75,edgar,2024-02-02,2026-10-03,2026-10-03,0
TWST,2024-03-31,75302000.0,-45492000.0,-0.79,edgar,2024-05-02,2026-10-03,2026-10-03,0
TWST,2024-06-30,81464000.0,-85571000.0,-1.47,edgar,2024-08-02,2026-10-03,2026-10-03,0
TWST,2024-09-30,84710000.0,-34655000.0,-0.5900000000000003,edgar,2024-11-18,2026-10-03,2026-10-03,0
TWST,2024-12-31,88713000.0,-31594000.0,-0.53,edgar,2025-02-03,2026-10-03,2026-10-03,0
TWST,2025-03-31,92793000.0,-39328000.0,-0.66,edgar,2025-05-05,2026-10-03,2026-10-03,0
TWST,2025-06-30,96057000.0,20390000.0,0.33,edgar,2025-08-04,2026-10-03,2026-10-03,0
TWST,2025-09-30,99009000.0,-27138000.0,-0.43999999999999995,edgar,2025-11-17,2026-10-03,2026-10-03,0
TWST,2025-12-31,103698000.0,-30507000.0,-0.5,edgar,2026-02-02,2026-10-03,2026-10-03,0
TWST,2026-03-31,110715000.0,-44021000.0,-0.71,edgar,2026-05-04,2026-10-03,2026-10-03,0
TWST,2026-06-30,118376000.0,-35051000.0,-0.56,edgar,2026-08-03,2026-10-03,2026-10-03,0
TXG,2023-09-30,153644000.0,-92986000.0,-0.79,edgar,2023-11-03,2026-10-03,2026-10-03,0
TXG,2023-12-31,183979000.0,-48953000.0,-0.42000000000000015,edgar,2024-02-15,2026-10-03,2026-10-03,0
TXG,2024-03-31,141006000.0,-59949000.0,-0.5,edgar,2024-04-30,2026-10-03,2026-10-03,0
TXG,2024-06-30,153104000.0,-37897000.0,-0.32,edgar,2024-08-08,2026-10-03,2026-10-03,0
TXG,2024-09-30,151654000.0,-35753000.0,-0.3,edgar,2024-10-29,2026-10-03,2026-10-03,0
TXG,2024-12-31,165021000.0,-49001000.0,-0.3999999999999999,edgar,2025-02-13,2026-10-03,2026-10-03,0
TXG,2025-03-31,154883000.0,-34358000.0,-0.28,edgar,2025-05-09,2026-10-03,2026-10-03,0
TXG,2025-06-30,172908000.0,34538000.0,0.28,edgar,2025-08-08,2026-10-03,2026-10-03,0
TXG,2025-09-30,149002000.0,-27472000.0,-0.22,edgar,2025-11-07,2026-10-03,2026-10-03,0
TXG,2025-12-31,166030000.0,-16208000.0,-0.12999999999999998,edgar,2026-02-13,2026-10-03,2026-10-03,0
TXG,2026-03-31,150843000.0,-13470000.0,-0.1,edgar,2026-05-08,2026-10-03,2026-10-03,0
TXG,2026-06-30,151036000.0,-17931000.0,-0.14,edgar,2026-08-07,2026-10-03,2026-10-03,0
TXO,2023-09-30,74893000.0,8479000.0,0.27,edgar,2023-11-07,2026-10-03,2026-10-03,0
TXO,2023-12-31,72010000.0,-193729000.0,-6.49,edgar,2024-03-05,2026-10-03,2026-10-03,0
TXO,2024-03-31,68493000.0,10267000.0,0.33,edgar,2024-05-07,2026-10-03,2026-10-03,0
TXO,2024-06-30,56980000.0,2808000.0,0.09,edgar,2024-08-06,2026-10-03,2026-10-03,0
TXO,2024-09-30,69274000.0,203000.0,0.01,edgar,2024-11-05,2026-10-03,2026-10-03,0
TXO,2024-12-31,90629000.0,10218000.0,0.22000000000000003,edgar,2025-03-04,2026-10-03,2026-10-03,0
TXO,2025-03-31,93812000.0,2416000.0,0.06,edgar,2025-05-01,2026-10-03,2026-10-03,0
TXO,2025-06-30,75044000.0,-135000.0,0.0,edgar,2025-08-05,2026-10-03,2026-10-03,0
TXO,2025-09-30,90556000.0,4352000.0,0.08,edgar,2025-11-04,2026-10-03,2026-10-03,0
TXO,2025-12-31,103735000.0,-28252000.0,-0.5700000000000001,edgar,2026-02-26,2026-10-03,2026-10-03,0
TXO,2026-03-31,119556000.0,-74336000.0,-1.35,edgar,2026-05-04,2026-10-03,2026-10-03,0
TXO,2026-06-30,134428000.0,60771000.0,1.07,edgar,2026-08-04,2026-10-03,2026-10-03,0
U,2023-09-30,544210000.0,-124071000.0,-0.32,edgar,2023-11-09,2026-10-03,2026-10-03,0
U,2023-12-31,609268000.0,-252749000.0,-0.6600000000000001,edgar,2024-02-29,2026-10-03,2026-10-03,0
U,2024-03-31,460380000.0,-291074000.0,-0.75,edgar,2024-05-09,2026-10-03,2026-10-03,0
U,2024-06-30,449259000.0,-125574000.0,-0.32,edgar,2024-08-08,2026-10-03,2026-10-03,0
U,2024-09-30,446517000.0,-124739000.0,-0.31,edgar,2024-11-07,2026-10-03,2026-10-03,0
U,2024-12-31,457099000.0,-122727000.0,-0.30000000000000004,edgar,2025-02-21,2026-10-03,2026-10-03,0
U,2025-03-31,435000000.0,-77642000.0,-0.19,edgar,2025-05-07,2026-10-03,2026-10-03,0
U,2025-06-30,440944000.0,-108798000.0,-0.26,edgar,2025-08-06,2026-10-03,2026-10-03,0
U,2025-09-30,470615000.0,-126362000.0,-0.3,edgar,2025-11-05,2026-10-03,2026-10-03,0
U,2025-12-31,503089000.0,-89963000.0,-0.20999999999999996,edgar,2026-02-11,2026-10-03,2026-10-03,0
U,2026-03-31,508238000.0,-347610000.0,-0.8,edgar,2026-05-07,2026-10-03,2026-10-03,0
U,2026-06-30,546468000.0,-23606000.0,-0.05,edgar,2026-08-06,2026-10-03,2026-10-03,0
UAN,2023-09-30,130592000.0,731000.0,0.07,edgar,2023-10-31,2026-10-03,2026-10-03,0
UAN,2023-12-31,141619000.0,9975000.0,0.9399999999999977,edgar,2024-02-21,2026-10-03,2026-10-03,0
UAN,2024-03-31,127665000.0,12579000.0,1.19,edgar,2024-04-30,2026-10-03,2026-10-03,0
UAN,2024-06-30,132901000.0,26219000.0,2.48,edgar,2024-07-30,2026-10-03,2026-10-03,0
UAN,2024-09-30,125203000.0,3807000.0,0.36,edgar,2024-10-29,2026-10-03,2026-10-03,0
UAN,2024-12-31,139555000.0,18295000.0,1.7299999999999995,edgar,2025-02-19,2026-10-03,2026-10-03,0
UAN,2025-03-31,142866000.0,27088000.0,2.56,edgar,2025-04-29,2026-10-03,2026-10-03,0
UAN,2025-06-30,168559000.0,38768000.0,3.67,edgar,2025-07-31,2026-10-03,2026-10-03,0
UAN,2025-09-30,163549000.0,43072000.0,4.08,edgar,2025-10-30,2026-10-03,2026-10-03,0
UAN,2025-12-31,131064000.0,-10266000.0,-0.9800000000000004,edgar,2026-02-18,2026-10-03,2026-10-03,0
UAN,2026-03-31,180048000.0,49913000.0,4.72,edgar,2026-04-29,2026-10-03,2026-10-03,0
UAN,2026-06-30,202194000.0,77504000.0,7.33,edgar,2026-07-29,2026-10-03,2026-10-03,0
UFCS,2023-09-30,273955000.0,6380000.0,0.25,edgar,2023-11-02,2026-10-03,2026-10-03,0
UFCS,2023-12-31,287319000.0,19619000.0,0.77,edgar,2024-02-29,2026-10-03,2026-10-03,0
UFCS,2024-03-31,295999000.0,13502000.0,0.52,edgar,2024-05-08,2026-10-03,2026-10-03,0
UFCS,2024-06-30,301169000.0,-2735000.0,-0.11,edgar,2024-08-07,2026-10-03,2026-10-03,0
UFCS,2024-09-30,322964000.0,19748000.0,0.76,edgar,2024-11-06,2026-10-03,2026-10-03,0
UFCS,2024-12-31,333175000.0,927000.0,1.2200000000000002,edgar,2025-02-26,2026-10-03,2026-10-03,0
UFCS,2025-03-31,331115000.0,17700000.0,0.67,edgar,2025-05-07,2026-10-03,2026-10-03,0
UFCS,2025-06-30,335473000.0,22947000.0,0.87,edgar,2025-08-06,2026-10-03,2026-10-03,0
UFCS,2025-09-30,354018000.0,39190000.0,1.49,edgar,2025-11-05,2026-10-03,2026-10-03,0
UFCS,2025-12-31,365806000.0,38354000.0,1.4500000000000002,edgar,2026-02-26,2026-10-03,2026-10-03,0
UFCS,2026-03-31,369442000.0,30052000.0,1.15,edgar,2026-05-06,2026-10-03,2026-10-03,0
UFCS,2026-06-30,383726000.0,33365000.0,1.29,edgar,2026-08-04,2026-10-03,2026-10-03,0
UMAC,2023-09-30,0.0,-353674.0,-0.11,edgar,2024-11-14,2026-10-03,2026-10-03,0
UMAC,2023-12-31,0.0,-416586.0,-0.30999999999999994,edgar,2024-03-22,2026-10-03,2026-10-03,0
UMAC,2024-03-31,618915.0,-1106002.0,-0.18,edgar,2024-05-15,2026-10-03,2026-10-03,0
UMAC,2024-06-30,1411124.0,-1612238.0,-0.16,edgar,2024-08-14,2026-10-03,2026-10-03,0
UMAC,2024-09-30,1531264.0,-2144250.0,-0.3,edgar,2024-11-14,2026-10-03,2026-10-03,0
UMAC,2024-12-31,2004016.0,-27117978.0,-3.1999999999999997,edgar,2025-03-27,2026-10-03,2026-10-03,0
UMAC,2025-03-31,2042300.0,-3266279.0,-0.21,edgar,2025-05-08,2026-10-03,2026-10-03,0
UMAC,2025-06-30,2123970.0,-6964739.0,-0.32,edgar,2025-08-14,2026-10-03,2026-10-03,0
UMAC,2025-09-30,2134588.0,1603465.0,0.05,edgar,2025-11-06,2026-10-03,2026-10-03,0
UMAC,2025-12-31,4898359.0,-10566064.0,-0.26,edgar,2026-03-12,2026-10-03,2026-10-03,0
UMAC,2026-03-31,8095836.0,10282994.0,0.21,edgar,2026-05-14,2026-10-03,2026-10-03,0
UMAC,2026-06-30,16722467.0,-7783553.0,-0.16,edgar,2026-08-06,2026-10-03,2026-10-03,0
UNF,2023-08-26,571890000.0,27631000.0,1.4800000000000004,edgar,2023-10-26,2026-10-03,2026-10-03,0
UNF,2023-11-25,593525000.0,42325000.0,2.26,edgar,2024-01-04,2026-10-03,2026-10-03,0
UNF,2024-02-24,590711000.0,20457000.0,1.09,edgar,2024-04-04,2026-10-03,2026-10-03,0
UNF,2024-05-25,603328000.0,38057000.0,2.03,edgar,2024-07-03,2026-10-03,2026-10-03,0
UNF,2024-08-31,639867000.0,44635000.0,2.3899999999999997,edgar,2024-11-14,2026-10-03,2026-10-03,0
UNF,2024-11-30,604908000.0,43105000.0,2.31,edgar,2025-01-10,2026-10-03,2026-10-03,0
UNF,2025-03-01,602219000.0,24459000.0,1.31,edgar,2025-04-10,2026-10-03,2026-10-03,0
UNF,2025-05-31,610778000.0,39680000.0,2.13,edgar,2025-07-09,2026-10-03,2026-10-03,0
UNF,2025-08-30,614447000.0,41027000.0,2.2300000000000004,edgar,2025-10-29,2026-10-03,2026-10-03,0
UNF,2025-11-29,621318000.0,34363000.0,1.89,edgar,2026-01-07,2026-10-03,2026-10-03,0
UNF,2026-02-28,622505000.0,20484000.0,1.13,edgar,2026-04-07,2026-10-03,2026-10-03,0
UNF,2026-05-30,634402000.0,19916000.0,1.09,edgar,2026-07-08,2026-10-03,2026-10-03,0
UNFI,2023-10-28,7552000000.0,-39000000.0,-0.67,edgar,2023-12-06,2026-10-03,2026-10-03,0
UNFI,2024-01-27,7775000000.0,-15000000.0,-0.25,edgar,2024-03-06,2026-10-03,2026-10-03,0
UNFI,2024-04-27,7498000000.0,-21000000.0,-0.34,edgar,2024-06-05,2026-10-03,2026-10-03,0
UNFI,2024-08-03,8155000000.0,-37000000.0,-0.6299999999999999,edgar,2024-10-01,2026-10-03,2026-10-03,0
UNFI,2024-11-02,7871000000.0,-21000000.0,-0.35,edgar,2024-12-10,2026-10-03,2026-10-03,0
UNFI,2025-02-01,8158000000.0,-3000000.0,-0.05,edgar,2025-03-11,2026-10-03,2026-10-03,0
UNFI,2025-05-03,8059000000.0,-7000000.0,-0.12,edgar,2025-06-10,2026-10-03,2026-10-03,0
UNFI,2025-08-02,7696000000.0,-87000000.0,-1.43,edgar,2025-10-01,2026-10-03,2026-10-03,0
UNFI,2025-11-01,7840000000.0,-4000000.0,-0.06,edgar,2025-12-02,2026-10-03,2026-10-03,0
UNFI,2026-01-31,7947000000.0,20000000.0,0.31,edgar,2026-03-10,2026-10-03,2026-10-03,0
UNFI,2026-05-02,7723000000.0,33000000.0,0.52,edgar,2026-06-09,2026-10-03,2026-10-03,0
UNFI,2026-08-01,7642000000.0,35000000.0,0.5700000000000001,edgar,2026-09-14,2026-10-03,2026-10-03,0
UNM,2023-09-30,3092500000.0,202000000.0,1.02,edgar,2023-11-01,2026-10-03,2026-10-03,0
UNM,2023-12-31,3145100000.0,330600000.0,1.7000000000000002,edgar,2024-02-20,2026-10-03,2026-10-03,0
UNM,2024-03-31,3200300000.0,395200000.0,2.04,edgar,2024-05-01,2026-10-03,2026-10-03,0
UNM,2024-06-30,3233400000.0,389500000.0,2.05,edgar,2024-07-31,2026-10-03,2026-10-03,0
UNM,2024-09-30,3217000000.0,645700000.0,3.46,edgar,2024-10-30,2026-10-03,2026-10-03,0
UNM,2024-12-31,3236600000.0,348700000.0,1.910000000000001,edgar,2025-02-27,2026-10-03,2026-10-03,0
UNM,2025-03-31,3091600000.0,189100000.0,1.06,edgar,2025-04-30,2026-10-03,2026-10-03,0
UNM,2025-06-30,3361400000.0,335600000.0,1.92,edgar,2025-07-30,2026-10-03,2026-10-03,0
UNM,2025-09-30,3378400000.0,39700000.0,0.23,edgar,2025-11-04,2026-10-03,2026-10-03,0
UNM,2025-12-31,3244100000.0,174100000.0,1.0599999999999996,edgar,2026-02-17,2026-10-03,2026-10-03,0
UNM,2026-03-31,3355200000.0,232000000.0,1.41,edgar,2026-04-29,2026-10-03,2026-10-03,0
UNM,2026-06-30,3370000000.0,256900000.0,1.61,edgar,2026-07-29,2026-10-03,2026-10-03,0
URBN,2023-10-31,1281174000.0,83014000.0,0.88,edgar,2023-12-11,2026-10-03,2026-10-03,0
URBN,2024-01-31,1486194000.0,47751000.0,0.5099999999999998,edgar,2024-04-01,2026-10-03,2026-10-03,0
URBN,2024-04-30,1200732000.0,61765000.0,0.65,edgar,2024-06-10,2026-10-03,2026-10-03,0
URBN,2024-07-31,1351959000.0,117485000.0,1.24,edgar,2024-09-09,2026-10-03,2026-10-03,0
URBN,2024-10-31,1361855000.0,102911000.0,1.1,edgar,2024-12-10,2026-10-03,2026-10-03,0
URBN,2025-01-31,1636120000.0,120301000.0,1.2699999999999996,edgar,2025-04-01,2026-10-03,2026-10-03,0
URBN,2025-04-30,1329501000.0,108347000.0,1.16,edgar,2025-06-09,2026-10-03,2026-10-03,0
URBN,2025-07-31,1504755000.0,143865000.0,1.58,edgar,2025-09-09,2026-10-03,2026-10-03,0
URBN,2025-10-31,1529350000.0,116440000.0,1.28,edgar,2025-12-10,2026-10-03,2026-10-03,0
URBN,2026-01-31,1801770000.0,96267000.0,1.04,edgar,2026-04-01,2026-10-03,2026-10-03,0
URBN,2026-04-30,1481345000.0,115705000.0,1.3,edgar,2026-06-09,2026-10-03,2026-10-03,0
URBN,2026-07-31,1661915000.0,240651000.0,2.78,edgar,2026-09-09,2026-10-03,2026-10-03,0
URGN,2023-09-30,20852000.0,-21879000.0,-0.68,edgar,2023-11-14,2026-10-03,2026-10-03,0
URGN,2023-12-31,23530000.0,-26016000.0,-0.72,edgar,2025-03-10,2026-10-03,2026-10-03,0
URGN,2024-03-31,18781000.0,-32286000.0,-0.87,edgar,2024-05-13,2026-10-03,2026-10-03,0
URGN,2024-06-30,21848000.0,-33403000.0,-0.82,edgar,2024-08-13,2026-10-03,2026-10-03,0
URGN,2024-09-30,25204000.0,-23673000.0,-0.51,edgar,2024-11-06,2026-10-03,2026-10-03,0
URGN,2024-12-31,24565000.0,-37512000.0,-0.8,edgar,2025-03-10,2026-10-03,2026-10-03,0
URGN,2025-03-31,20254000.0,-43843000.0,-0.92,edgar,2025-05-12,2026-10-03,2026-10-03,0
URGN,2025-06-30,24215000.0,-49940000.0,-1.05,edgar,2025-08-07,2026-10-03,2026-10-03,0
URGN,2025-09-30,27482000.0,-33347000.0,-0.69,edgar,2025-11-06,2026-10-03,2026-10-03,0
URGN,2025-12-31,37837000.0,-26364000.0,-0.5299999999999998,edgar,2026-03-02,2026-10-03,2026-10-03,0
URGN,2026-03-31,50959000.0,-23574000.0,-0.47,edgar,2026-05-06,2026-10-03,2026-10-03,0
URGN,2026-06-30,72456000.0,-14351000.0,-0.28,edgar,2026-08-05,2026-10-03,2026-10-03,0
URI,2023-06-30,852000000.0,591000000.0,8.58,edgar,2023-07-26,2026-10-03,2026-10-03,0
URI,2023-09-30,842000000.0,703000000.0,10.29,edgar,2023-10-25,2026-10-03,2026-10-03,0
URI,2023-12-31,899000000.0,679000000.0,10.01,edgar,2024-01-24,2026-10-03,2026-10-03,0
URI,2024-03-31,825000000.0,542000000.0,8.04,edgar,2024-04-24,2026-10-03,2026-10-03,0
URI,2024-06-30,870000000.0,636000000.0,9.54,edgar,2024-07-24,2026-10-03,2026-10-03,0
URI,2024-09-30,874000000.0,708000000.0,10.7,edgar,2024-10-23,2026-10-03,2026-10-03,0
URI,2024-12-31,1019000000.0,689000000.0,10.47,edgar,2025-01-29,2026-10-03,2026-10-03,0
URI,2025-03-31,893000000.0,518000000.0,7.91,edgar,2025-04-23,2026-10-03,2026-10-03,0
URI,2025-06-30,872000000.0,622000000.0,9.59,edgar,2025-07-23,2026-10-03,2026-10-03,0
URI,2025-09-30,938000000.0,701000000.0,10.91,edgar,2025-10-22,2026-10-03,2026-10-03,0
URI,2025-12-31,992000000.0,653000000.0,10.27,edgar,2026-01-28,2026-10-03,2026-10-03,0
URI,2026-03-31,929000000.0,531000000.0,8.43,edgar,2026-04-22,2026-10-03,2026-10-03,0
UROY,2025-07-31,24245000.0,1025000.0,0.01,edgar,2026-09-14,2026-10-03,2026-10-03,0
UROY,2026-07-31,50967000.0,16247000.0,0.1,edgar,2026-09-14,2026-10-03,2026-10-03,0
USAC,2023-09-30,217085000.0,20902000.0,,edgar,2023-10-31,2026-10-03,2026-10-03,0
USAC,2023-12-31,225049000.0,12841000.0,,edgar,2024-02-13,2026-10-03,2026-10-03,0
USAC,2024-03-31,229276000.0,23573000.0,,edgar,2024-05-07,2026-10-03,2026-10-03,0
USAC,2024-06-30,235313000.0,31238000.0,,edgar,2024-08-06,2026-10-03,2026-10-03,0
USAC,2024-09-30,239968000.0,19327000.0,,edgar,2024-11-05,2026-10-03,2026-10-03,0
USAC,2024-12-31,245892000.0,25437000.0,,edgar,2025-02-11,2026-10-03,2026-10-03,0
USAC,2025-03-31,245234000.0,20512000.0,,edgar,2025-05-06,2026-10-03,2026-10-03,0
USAC,2025-06-30,250125000.0,28559000.0,,edgar,2025-08-06,2026-10-03,2026-10-03,0
USAC,2025-09-30,250256000.0,34488000.0,,edgar,2025-11-05,2026-10-03,2026-10-03,0
USAC,2025-12-31,252484000.0,27760000.0,,edgar,2026-02-17,2026-10-03,2026-10-03,0
USAC,2026-03-31,331275000.0,38342000.0,,edgar,2026-05-07,2026-10-03,2026-10-03,0
USAC,2026-06-30,342146000.0,45652000.0,,edgar,2026-08-06,2026-10-03,2026-10-03,0
USPH,2023-09-30,150007000.0,9254000.0,0.51,edgar,2023-11-08,2026-10-03,2026-10-03,0
USPH,2023-12-31,154801000.0,656000.0,-0.44999999999999996,edgar,2024-02-29,2026-10-03,2026-10-03,0
USPH,2024-03-31,155675000.0,8046000.0,0.46,edgar,2024-05-08,2026-10-03,2026-10-03,0
USPH,2024-06-30,167190000.0,7506000.0,0.47,edgar,2024-08-14,2026-10-03,2026-10-03,0
USPH,2024-09-30,168033000.0,6628000.0,0.39,edgar,2024-11-08,2026-10-03,2026-10-03,0
USPH,2024-12-31,180447000.0,9244000.0,0.52,edgar,2025-03-03,2026-10-03,2026-10-03,0
USPH,2025-03-31,183788000.0,9899000.0,0.8,edgar,2025-05-09,2026-10-03,2026-10-03,0
USPH,2025-06-30,197344000.0,12393000.0,0.58,edgar,2025-08-08,2026-10-03,2026-10-03,0
USPH,2025-09-30,197132000.0,13138000.0,0.48,edgar,2025-11-07,2026-10-03,2026-10-03,0
USPH,2025-12-31,202726000.0,4153000.0,-0.43999999999999995,edgar,2026-02-27,2026-10-03,2026-10-03,0
USPH,2026-03-31,198286000.0,5038000.0,-0.12,edgar,2026-05-08,2026-10-03,2026-10-03,0
USPH,2026-06-30,214059000.0,9898000.0,0.25,edgar,2026-08-07,2026-10-03,2026-10-03,0
UTHR,2023-09-30,609400000.0,267600000.0,5.38,edgar,2023-11-01,2026-10-03,2026-10-03,0
UTHR,2023-12-31,614700000.0,217100000.0,4.329999999999998,edgar,2024-02-21,2026-10-03,2026-10-03,0
UTHR,2024-03-31,677700000.0,306600000.0,6.17,edgar,2024-05-01,2026-10-03,2026-10-03,0
UTHR,2024-06-30,714900000.0,278100000.0,5.85,edgar,2024-07-31,2026-10-03,2026-10-03,0
UTHR,2024-09-30,748900000.0,309100000.0,6.39,edgar,2024-10-30,2026-10-03,2026-10-03,0
UTHR,2024-12-31,735900000.0,301300000.0,6.23,edgar,2025-02-26,2026-10-03,2026-10-03,0
UTHR,2025-03-31,794400000.0,322200000.0,6.63,edgar,2025-04-30,2026-10-03,2026-10-03,0
UTHR,2025-06-30,798600000.0,309500000.0,6.41,edgar,2025-07-30,2026-10-03,2026-10-03,0
UTHR,2025-09-30,799500000.0,338700000.0,7.16,edgar,2025-10-29,2026-10-03,2026-10-03,0
UTHR,2025-12-31,790200000.0,364300000.0,7.66,edgar,2026-02-25,2026-10-03,2026-10-03,0
UTHR,2026-03-31,781500000.0,274900000.0,5.82,edgar,2026-05-06,2026-10-03,2026-10-03,0
UTHR,2026-06-30,783300000.0,333000000.0,7.27,edgar,2026-08-05,2026-10-03,2026-10-03,0
UTZ,2023-10-01,371852000.0,15993000.0,0.19,edgar,2023-11-09,2026-10-03,2026-10-03,0
UTZ,2023-12-31,352062000.0,-27642000.0,-0.33999999999999997,edgar,2024-02-29,2026-10-03,2026-10-03,0
UTZ,2024-03-31,346523000.0,-3990000.0,-0.05,edgar,2024-05-02,2026-10-03,2026-10-03,0
UTZ,2024-06-30,356200000.0,19800000.0,0.23,edgar,2024-08-01,2026-10-03,2026-10-03,0
UTZ,2024-09-29,365500000.0,-2200000.0,-0.03,edgar,2024-10-31,2026-10-03,2026-10-03,0
UTZ,2024-12-29,340977000.0,2290000.0,0.03999999999999998,edgar,2025-02-20,2026-10-03,2026-10-03,0
UTZ,2025-03-30,352100000.0,7500000.0,0.09,edgar,2025-05-01,2026-10-03,2026-10-03,0
UTZ,2025-06-29,366700000.0,10500000.0,0.12,edgar,2025-07-31,2026-10-03,2026-10-03,0
UTZ,2025-09-28,377800000.0,-14700000.0,-0.17,edgar,2025-10-30,2026-10-03,2026-10-03,0
UTZ,2025-12-28,342200000.0,-2500000.0,-0.029999999999999978,edgar,2026-02-12,2026-10-03,2026-10-03,0
UTZ,2026-03-29,361300000.0,-1700000.0,-0.02,edgar,2026-05-06,2026-10-03,2026-10-03,0
UTZ,2026-06-28,371800000.0,-10100000.0,-0.11,edgar,2026-08-05,2026-10-03,2026-10-03,0
UVSP,2021-12-31,0.0,17412000.0,0.5799999999999996,edgar,2022-02-25,2026-10-03,2026-10-03,0
UVSP,2022-03-31,0.0,20317000.0,0.68,edgar,2022-05-03,2026-10-03,2026-10-03,0
UVSP,2024-03-31,77062000.0,20305000.0,0.69,edgar,2025-04-29,2026-10-03,2026-10-03,0
UVSP,2024-06-30,72007000.0,18107000.0,0.62,edgar,2025-07-29,2026-10-03,2026-10-03,0
UVSP,2024-09-30,73354000.0,18578000.0,0.63,edgar,2025-10-24,2026-10-03,2026-10-03,0
UVSP,2024-12-31,76802000.0,18941000.0,0.6400000000000001,edgar,2025-02-24,2026-10-03,2026-10-03,0
UVSP,2025-03-31,79196000.0,22395000.0,0.77,edgar,2025-04-29,2026-10-03,2026-10-03,0
UVSP,2025-06-30,81042000.0,19978000.0,0.69,edgar,2025-07-29,2026-10-03,2026-10-03,0
UVSP,2025-09-30,83247000.0,25639000.0,0.89,edgar,2025-10-24,2026-10-03,2026-10-03,0
UVSP,2025-12-31,84571000.0,22745000.0,0.7799999999999998,edgar,2026-02-23,2026-10-03,2026-10-03,0
UVSP,2026-03-31,87453000.0,27092000.0,0.96,edgar,2026-04-28,2026-10-03,2026-10-03,0
UVSP,2026-06-30,84354000.0,22953000.0,0.82,edgar,2026-07-28,2026-10-03,2026-10-03,0
V,2023-06-30,8123000000.0,4156000000.0,,edgar,2023-07-26,2026-10-03,2026-10-03,0
V,2023-09-30,8609000000.0,4681000000.0,,edgar,2023-11-15,2026-10-03,2026-10-03,0
V,2023-12-31,8634000000.0,4890000000.0,,edgar,2024-01-26,2026-10-03,2026-10-03,0
V,2024-03-31,8775000000.0,4663000000.0,,edgar,2024-04-24,2026-10-03,2026-10-03,0
V,2024-06-30,8900000000.0,4872000000.0,,edgar,2024-07-24,2026-10-03,2026-10-03,0
V,2024-09-30,9617000000.0,5318000000.0,,edgar,2024-11-13,2026-10-03,2026-10-03,0
V,2024-12-31,9510000000.0,5119000000.0,,edgar,2025-01-31,2026-10-03,2026-10-03,0
V,2025-03-31,9594000000.0,4577000000.0,,edgar,2025-04-30,2026-10-03,2026-10-03,0
V,2025-06-30,10172000000.0,5272000000.0,,edgar,2025-07-30,2026-10-03,2026-10-03,0
V,2025-09-30,10724000000.0,5090000000.0,,edgar,2025-11-06,2026-10-03,2026-10-03,0
V,2025-12-31,10901000000.0,5853000000.0,,edgar,2026-01-30,2026-10-03,2026-10-03,0
V,2026-03-31,11230000000.0,6021000000.0,,edgar,2026-04-29,2026-10-03,2026-10-03,0
VAC,2023-09-30,1105000000.0,42000000.0,1.09,edgar,2023-11-03,2026-10-03,2026-10-03,0
VAC,2023-12-31,1111000000.0,35000000.0,0.96,edgar,2024-02-27,2026-10-03,2026-10-03,0
VAC,2024-03-31,1112000000.0,47000000.0,1.22,edgar,2024-05-07,2026-10-03,2026-10-03,0
VAC,2024-06-30,1055000000.0,37000000.0,0.98,edgar,2024-08-02,2026-10-03,2026-10-03,0
VAC,2024-09-30,1218000000.0,84000000.0,2.12,edgar,2024-11-07,2026-10-03,2026-10-03,0
VAC,2024-12-31,1240000000.0,50000000.0,1.29,edgar,2025-02-28,2026-10-03,2026-10-03,0
VAC,2025-03-31,1112000000.0,56000000.0,1.46,edgar,2025-05-08,2026-10-03,2026-10-03,0
VAC,2025-06-30,1156000000.0,69000000.0,1.77,edgar,2025-08-06,2026-10-03,2026-10-03,0
VAC,2025-09-30,1173000000.0,-2000000.0,-0.07,edgar,2025-11-06,2026-10-03,2026-10-03,0
VAC,2025-12-31,1231000000.0,-431000000.0,-12.0,edgar,2026-03-02,2026-10-03,2026-10-03,0
VAC,2026-03-31,1165000000.0,22000000.0,0.64,edgar,2026-05-05,2026-10-03,2026-10-03,0
VAC,2026-06-30,1228000000.0,77000000.0,2.12,edgar,2026-08-06,2026-10-03,2026-10-03,0
VAL,2023-09-30,455100000.0,12900000.0,0.17,edgar,2023-11-07,2026-10-03,2026-10-03,0
VAL,2023-12-31,483800000.0,151600000.0,11.12,edgar,2024-02-22,2026-10-03,2026-10-03,0
VAL,2024-03-31,2600000.0,25500000.0,0.35,edgar,2024-05-02,2026-10-03,2026-10-03,0
VAL,2024-06-30,610100000.0,149600000.0,2.03,edgar,2024-08-01,2026-10-03,2026-10-03,0
VAL,2024-09-30,643100000.0,64600000.0,0.88,edgar,2024-10-31,2026-10-03,2026-10-03,0
VAL,2024-12-31,584400000.0,627100000.0,1.8600000000000003,edgar,2025-02-20,2026-10-03,2026-10-03,0
VAL,2025-03-31,400000.0,-37900000.0,-0.53,edgar,2025-05-01,2026-10-03,2026-10-03,0
VAL,2025-06-30,615200000.0,115100000.0,1.61,edgar,2025-07-31,2026-10-03,2026-10-03,0
VAL,2025-09-30,595700000.0,188100000.0,2.65,edgar,2025-10-30,2026-10-03,2026-10-03,0
VAL,2025-12-31,537400000.0,713800000.0,10.129999999999999,edgar,2026-02-20,2026-10-03,2026-10-03,0
VAL,2026-03-31,7500000.0,-16400000.0,-0.24,edgar,2026-05-05,2026-10-03,2026-10-03,0
VAL,2026-06-30,539200000.0,50400000.0,0.72,edgar,2026-08-06,2026-10-03,2026-10-03,0
VALU,2023-10-31,9610000.0,3488000.0,0.37,edgar,2023-12-15,2026-10-03,2026-10-03,0
VALU,2024-01-31,9131000.0,5885000.0,0.62,edgar,2024-03-15,2026-10-03,2026-10-03,0
VALU,2024-04-30,9003000.0,4784000.0,0.51,edgar,2024-07-26,2026-10-03,2026-10-03,0
VALU,2024-07-31,8884000.0,5887000.0,0.62,edgar,2024-09-13,2026-10-03,2026-10-03,0
VALU,2024-10-31,8841000.0,5685000.0,0.6,edgar,2024-12-13,2026-10-03,2026-10-03,0
VALU,2025-01-31,8967000.0,5163000.0,0.55,edgar,2025-03-14,2026-10-03,2026-10-03,0
VALU,2025-04-30,8387000.0,3951000.0,0.43000000000000016,edgar,2025-07-29,2026-10-03,2026-10-03,0
VALU,2025-07-31,8606000.0,6460000.0,0.69,edgar,2025-09-15,2026-10-03,2026-10-03,0
VALU,2025-10-31,8556000.0,5682000.0,0.6,edgar,2025-12-15,2026-10-03,2026-10-03,0
VALU,2026-01-31,8276000.0,5910000.0,0.63,edgar,2026-03-17,2026-10-03,2026-10-03,0
VALU,2026-04-30,8009000.0,3578000.0,0.3799999999999999,edgar,2026-07-29,2026-10-03,2026-10-03,0
VALU,2026-07-31,8051000.0,4655000.0,0.5,edgar,2026-09-14,2026-10-03,2026-10-03,0
VCTR,2023-09-30,209688000.0,52007000.0,0.77,edgar,2023-11-03,2026-10-03,2026-10-03,0
VCTR,2023-12-31,205794000.0,55206000.0,0.81,edgar,2024-02-29,2026-10-03,2026-10-03,0
VCTR,2024-03-31,215857000.0,55691000.0,0.84,edgar,2024-05-10,2026-10-03,2026-10-03,0
VCTR,2024-06-30,219621000.0,74251000.0,1.12,edgar,2024-08-09,2026-10-03,2026-10-03,0
VCTR,2024-09-30,225628000.0,81983000.0,1.24,edgar,2024-11-08,2026-10-03,2026-10-03,0
VCTR,2024-12-31,232371000.0,76939000.0,1.1799999999999997,edgar,2025-02-28,2026-10-03,2026-10-03,0
VCTR,2025-03-31,219602000.0,61975000.0,0.96,edgar,2025-05-09,2026-10-03,2026-10-03,0
VCTR,2025-06-30,351212000.0,58734000.0,0.68,edgar,2025-08-08,2026-10-03,2026-10-03,0
VCTR,2025-09-30,361195000.0,96541000.0,1.11,edgar,2025-11-07,2026-10-03,2026-10-03,0
VCTR,2025-12-31,374122000.0,112812000.0,1.33,edgar,2026-02-26,2026-10-03,2026-10-03,0
VCTR,2026-03-31,387989000.0,112140000.0,1.33,edgar,2026-05-07,2026-10-03,2026-10-03,0
VCTR,2026-06-30,435361000.0,139404000.0,1.68,edgar,2026-08-06,2026-10-03,2026-10-03,0
VECO,2023-09-30,177366000.0,24574000.0,0.42,edgar,2023-11-06,2026-10-03,2026-10-03,0
VECO,2023-12-31,173924000.0,21637000.0,0.45999999999999996,edgar,2024-02-16,2026-10-03,2026-10-03,0
VECO,2024-03-31,174484000.0,21854000.0,0.37,edgar,2024-05-07,2026-10-03,2026-10-03,0
VECO,2024-06-30,175879000.0,14944000.0,0.25,edgar,2024-08-06,2026-10-03,2026-10-03,0
VECO,2024-09-30,184807000.0,21951000.0,0.36,edgar,2024-11-06,2026-10-03,2026-10-03,0
VECO,2024-12-31,182131000.0,14965000.0,0.25,edgar,2025-02-14,2026-10-03,2026-10-03,0
VECO,2025-03-31,167292000.0,11947000.0,0.2,edgar,2025-05-07,2026-10-03,2026-10-03,0
VECO,2025-06-30,166104000.0,11733000.0,0.2,edgar,2025-08-06,2026-10-03,2026-10-03,0
VECO,2025-09-30,165881000.0,10596000.0,0.17,edgar,2025-11-05,2026-10-03,2026-10-03,0
VECO,2025-12-31,165017000.0,1114000.0,0.019999999999999907,edgar,2026-02-25,2026-10-03,2026-10-03,0
VECO,2026-03-31,158341000.0,-324000.0,-0.01,edgar,2026-05-05,2026-10-03,2026-10-03,0
VECO,2026-06-30,193481000.0,11857000.0,0.18,edgar,2026-08-05,2026-10-03,2026-10-03,0
VEEV,2023-10-31,616505000.0,135158000.0,0.83,edgar,2023-12-07,2026-10-03,2026-10-03,0
VEEV,2024-01-31,630618000.0,147398000.0,0.8999999999999999,edgar,2024-03-25,2026-10-03,2026-10-03,0
VEEV,2024-04-30,650345000.0,161664000.0,0.98,edgar,2024-06-04,2026-10-03,2026-10-03,0
VEEV,2024-07-31,676181000.0,171041000.0,1.04,edgar,2024-09-04,2026-10-03,2026-10-03,0
VEEV,2024-10-31,699207000.0,185808000.0,1.13,edgar,2024-12-09,2026-10-03,2026-10-03,0
VEEV,2025-01-31,720886000.0,195625000.0,1.1700000000000004,edgar,2025-03-24,2026-10-03,2026-10-03,0
VEEV,2025-04-30,759043000.0,228190000.0,1.37,edgar,2025-06-02,2026-10-03,2026-10-03,0
VEEV,2025-07-31,789081000.0,200309000.0,1.19,edgar,2025-08-29,2026-10-03,2026-10-03,0
VEEV,2025-10-31,811236000.0,236203000.0,1.4,edgar,2025-11-21,2026-10-03,2026-10-03,0
VEEV,2026-01-31,835951000.0,244204000.0,1.4800000000000004,edgar,2026-03-20,2026-10-03,2026-10-03,0
VEEV,2026-04-30,882948000.0,260936000.0,1.57,edgar,2026-06-05,2026-10-03,2026-10-03,0
VEEV,2026-07-31,927963000.0,273429000.0,1.66,edgar,2026-08-27,2026-10-03,2026-10-03,0
VG,2024-03-31,1414000000.0,698000000.0,0.25,edgar,2025-05-13,2026-10-03,2026-10-03,0
VG,2024-06-30,1108000000.0,352000000.0,0.12,edgar,2025-08-12,2026-10-03,2026-10-03,0
VG,2024-09-30,926000000.0,-294000000.0,-0.15,edgar,2025-11-10,2026-10-03,2026-10-03,0
VG,2024-12-31,1524000000.0,990000000.0,0.35,edgar,2026-03-02,2026-10-03,2026-10-03,0
VG,2025-03-31,2894000000.0,517000000.0,0.15,edgar,2025-05-13,2026-10-03,2026-10-03,0
VG,2025-06-30,3101000000.0,475000000.0,0.14,edgar,2025-08-12,2026-10-03,2026-10-03,0
VG,2025-09-30,3329000000.0,550000000.0,0.16,edgar,2025-11-10,2026-10-03,2026-10-03,0
VG,2025-12-31,4445000000.0,1191000000.0,0.41,edgar,2026-03-02,2026-10-03,2026-10-03,0
VG,2026-03-31,4599000000.0,625000000.0,0.19,edgar,2026-05-12,2026-10-03,2026-10-03,0
VG,2026-06-30,4578000000.0,1417000000.0,0.51,edgar,2026-08-11,2026-10-03,2026-10-03,0
VGZ,2023-09-30,0.0,-1454000.0,-0.01,edgar,2023-11-07,2026-10-03,2026-10-03,0
VGZ,2023-12-31,0.0,-1657000.0,-0.010000000000000002,edgar,2024-03-14,2026-10-03,2026-10-03,0
VGZ,2024-03-31,0.0,-1073000.0,-0.01,edgar,2024-05-02,2026-10-03,2026-10-03,0
VGZ,2024-06-30,0.0,15633000.0,0.12,edgar,2024-07-29,2026-10-03,2026-10-03,0
VGZ,2024-09-30,0.0,-1638000.0,-0.01,edgar,2024-10-23,2026-10-03,2026-10-03,0
VGZ,2024-12-31,0.0,-1673000.0,-0.009999999999999995,edgar,2025-02-28,2026-10-03,2026-10-03,0
VGZ,2025-03-31,0.0,-2708000.0,-0.02,edgar,2025-05-01,2026-10-03,2026-10-03,0
VGZ,2025-06-30,0.0,-2356000.0,-0.02,edgar,2025-08-12,2026-10-03,2026-10-03,0
VGZ,2025-09-30,0.0,-723000.0,-0.01,edgar,2025-11-12,2026-10-03,2026-10-03,0
VGZ,2025-12-31,0.0,-1712000.0,-0.009999999999999995,edgar,2026-03-11,2026-10-03,2026-10-03,0
VGZ,2026-03-31,0.0,-3145000.0,-0.02,edgar,2026-04-30,2026-10-03,2026-10-03,0
VGZ,2026-06-30,0.0,-2957000.0,-0.02,edgar,2026-07-29,2026-10-03,2026-10-03,0
VHI,2023-09-30,468900000.0,-5800000.0,-0.21,edgar,2023-11-06,2026-10-03,2026-10-03,0
VHI,2023-12-31,453000000.0,4000000.0,0.14,edgar,2024-03-07,2026-10-03,2026-10-03,0
VHI,2024-03-31,530600000.0,7800000.0,0.27,edgar,2024-05-09,2026-10-03,2026-10-03,0
VHI,2024-06-30,559700000.0,19900000.0,0.7,edgar,2024-08-08,2026-10-03,2026-10-03,0
VHI,2024-09-30,533600000.0,57500000.0,2.01,edgar,2024-11-07,2026-10-03,2026-10-03,0
VHI,2024-12-31,480900000.0,22800000.0,0.8100000000000005,edgar,2025-03-06,2026-10-03,2026-10-03,0
VHI,2025-03-31,538600000.0,16900000.0,0.59,edgar,2025-05-08,2026-10-03,2026-10-03,0
VHI,2025-06-30,540400000.0,900000.0,0.03,edgar,2025-08-07,2026-10-03,2026-10-03,0
VHI,2025-09-30,503500000.0,-22200000.0,-0.78,edgar,2025-11-06,2026-10-03,2026-10-03,0
VHI,2025-12-31,494500000.0,-53200000.0,-1.8599999999999999,edgar,2026-03-10,2026-10-03,2026-10-03,0
VHI,2026-03-31,560100000.0,2000000.0,0.07,edgar,2026-05-07,2026-10-03,2026-10-03,0
VHI,2026-06-30,606100000.0,22300000.0,0.78,edgar,2026-08-06,2026-10-03,2026-10-03,0
VIAV,2023-09-30,247900000.0,9800000.0,0.04,edgar,2023-11-03,2026-10-03,2026-10-03,0
VIAV,2023-12-30,254500000.0,10700000.0,0.05,edgar,2024-02-02,2026-10-03,2026-10-03,0
VIAV,2024-03-30,246000000.0,-24600000.0,-0.11,edgar,2024-05-03,2026-10-03,2026-10-03,0
VIAV,2024-06-29,252000000.0,-21700000.0,-0.1,edgar,2024-08-16,2026-10-03,2026-10-03,0
VIAV,2024-09-28,238200000.0,-1800000.0,-0.01,edgar,2024-11-01,2026-10-03,2026-10-03,0
VIAV,2024-12-28,270800000.0,9100000.0,0.04,edgar,2025-01-31,2026-10-03,2026-10-03,0
VIAV,2025-03-29,284800000.0,19500000.0,0.09,edgar,2025-05-02,2026-10-03,2026-10-03,0
VIAV,2025-06-28,290500000.0,8000000.0,0.03,edgar,2025-08-11,2026-10-03,2026-10-03,0
VIAV,2025-09-27,299100000.0,-21400000.0,-0.1,edgar,2025-10-30,2026-10-03,2026-10-03,0
VIAV,2025-12-27,369300000.0,-48100000.0,-0.21,edgar,2026-01-29,2026-10-03,2026-10-03,0
VIAV,2026-03-28,406800000.0,6400000.0,0.03,edgar,2026-04-30,2026-10-03,2026-10-03,0
VIAV,2026-06-27,443100000.0,32700000.0,0.15000000000000002,edgar,2026-08-13,2026-10-03,2026-10-03,0
VICR,2023-06-30,106747000.0,17101000.0,0.38,edgar,2023-08-04,2026-10-03,2026-10-03,0
VICR,2023-09-30,107844000.0,16582000.0,0.37,edgar,2023-11-03,2026-10-03,2026-10-03,0
VICR,2023-12-31,92652000.0,8668000.0,0.18999999999999995,edgar,2024-02-28,2026-10-03,2026-10-03,0
VICR,2024-03-31,83872000.0,-14473000.0,-0.33,edgar,2024-05-01,2026-10-03,2026-10-03,0
VICR,2024-06-30,85854000.0,-1196000.0,-0.03,edgar,2024-07-31,2026-10-03,2026-10-03,0
VICR,2024-09-30,93166000.0,11552000.0,0.26,edgar,2024-10-30,2026-10-03,2026-10-03,0
VICR,2024-12-31,96166000.0,10246000.0,0.24000000000000002,edgar,2025-03-03,2026-10-03,2026-10-03,0
VICR,2025-03-31,93968000.0,2539000.0,0.06,edgar,2025-04-30,2026-10-03,2026-10-03,0
VICR,2025-06-30,96046000.0,41192000.0,0.91,edgar,2025-08-01,2026-10-03,2026-10-03,0
VICR,2025-09-30,407701000.0,28292000.0,0.63,edgar,2025-10-29,2026-10-03,2026-10-03,0
VICR,2025-12-31,-190014000.0,46533000.0,1.0099999999999998,edgar,2026-03-02,2026-10-03,2026-10-03,0
VICR,2026-03-31,112969000.0,20664000.0,0.44,edgar,2026-04-30,2026-10-03,2026-10-03,0
VIR,2023-09-30,2639000.0,-163413000.0,-1.22,edgar,2023-11-03,2026-10-03,2026-10-03,0
VIR,2023-12-31,16787000.0,-115973000.0,-0.8599999999999999,edgar,2024-02-26,2026-10-03,2026-10-03,0
VIR,2024-03-31,56376000.0,-65276000.0,-0.48,edgar,2025-05-08,2026-10-03,2026-10-03,0
VIR,2024-06-30,3075000.0,-138378000.0,-1.02,edgar,2025-08-06,2026-10-03,2026-10-03,0
VIR,2024-09-30,2380000.0,-213717000.0,-1.56,edgar,2025-11-05,2026-10-03,2026-10-03,0
VIR,2024-12-31,12374000.0,-104589000.0,-0.77,edgar,2025-02-27,2026-10-03,2026-10-03,0
VIR,2025-03-31,3032000.0,-120965000.0,-0.88,edgar,2025-05-08,2026-10-03,2026-10-03,0
VIR,2025-06-30,1214000.0,-110958000.0,-0.8,edgar,2025-08-06,2026-10-03,2026-10-03,0
VIR,2025-09-30,240000.0,-163141000.0,-1.17,edgar,2025-11-05,2026-10-03,2026-10-03,0
VIR,2025-12-31,64070000.0,-42923000.0,-0.31000000000000005,edgar,2026-02-23,2026-10-03,2026-10-03,0
VIR,2026-03-31,-29000.0,-125695000.0,-0.85,edgar,2026-05-07,2026-10-03,2026-10-03,0
VIR,2026-06-30,238946000.0,80080000.0,0.47,edgar,2026-08-05,2026-10-03,2026-10-03,0
VIRT,2023-09-30,110276000.0,61915000.0,0.63,edgar,2023-11-02,2026-10-03,2026-10-03,0
VIRT,2023-12-31,114374000.0,-136234079.0,0.06999999999999984,edgar,2024-02-16,2026-10-03,2026-10-03,0
VIRT,2024-03-31,118611000.0,55817000.0,0.59,edgar,2024-04-26,2026-10-03,2026-10-03,0
VIRT,2024-06-30,126101000.0,66586000.0,0.71,edgar,2024-07-26,2026-10-03,2026-10-03,0
VIRT,2024-09-30,131621000.0,59952000.0,0.64,edgar,2024-10-28,2026-10-03,2026-10-03,0
VIRT,2024-12-31,140450000.0,-181820465.0,1.0300000000000002,edgar,2025-02-21,2026-10-03,2026-10-03,0
VIRT,2025-03-31,151307000.0,99681000.0,1.08,edgar,2025-04-29,2026-10-03,2026-10-03,0
VIRT,2025-06-30,153859000.0,151187000.0,1.65,edgar,2025-07-31,2026-10-03,2026-10-03,0
VIRT,2025-09-30,154483000.0,77628000.0,0.86,edgar,2025-10-30,2026-10-03,2026-10-03,0
VIRT,2025-12-31,157376000.0,-327583736.0,1.54,edgar,2026-02-20,2026-10-03,2026-10-03,0
VIRT,2026-03-31,186625000.0,182309000.0,1.99,edgar,2026-05-01,2026-10-03,2026-10-03,0
VIRT,2026-06-30,179545000.0,150899000.0,1.63,edgar,2026-07-31,2026-10-03,2026-10-03,0
VKTX,2023-09-30,0.0,-22534000.0,-0.23,edgar,2023-10-25,2026-10-03,2026-10-03,0
VKTX,2023-12-31,0.0,-24605000.0,-0.24,edgar,2024-02-07,2026-10-03,2026-10-03,0
VKTX,2024-03-31,0.0,-27356000.0,-0.26,edgar,2024-04-25,2026-10-03,2026-10-03,0
VKTX,2024-06-30,0.0,-22250000.0,-0.2,edgar,2024-07-24,2026-10-03,2026-10-03,0
VKTX,2024-09-30,0.0,-24940000.0,-0.22,edgar,2024-10-23,2026-10-03,2026-10-03,0
VKTX,2024-12-31,0.0,-35417000.0,-0.32999999999999996,edgar,2025-02-26,2026-10-03,2026-10-03,0
VKTX,2025-03-31,0.0,-45629000.0,-0.41,edgar,2025-04-24,2026-10-03,2026-10-03,0
VKTX,2025-06-30,0.0,-65561000.0,-0.58,edgar,2025-07-23,2026-10-03,2026-10-03,0
VKTX,2025-09-30,0.0,-90787000.0,-0.81,edgar,2025-10-23,2026-10-03,2026-10-03,0
VKTX,2025-12-31,0.0,-157662000.0,-1.39,edgar,2026-02-11,2026-10-03,2026-10-03,0
VKTX,2026-03-31,0.0,-158325000.0,-1.37,edgar,2026-04-30,2026-10-03,2026-10-03,0
VKTX,2026-06-30,0.0,-128022000.0,-1.1,edgar,2026-07-29,2026-10-03,2026-10-03,0
VLGEA,2023-07-29,553805000.0,15296000.0,,edgar,2023-10-11,2026-10-03,2026-10-03,0
VLGEA,2023-10-28,536354000.0,11585000.0,,edgar,2023-12-06,2026-10-03,2026-10-03,0
VLGEA,2024-01-27,575579000.0,14480000.0,,edgar,2024-03-06,2026-10-03,2026-10-03,0
VLGEA,2024-04-27,546396000.0,8966000.0,,edgar,2024-06-05,2026-10-03,2026-10-03,0
VLGEA,2024-07-27,578237000.0,15431000.0,,edgar,2024-10-10,2026-10-03,2026-10-03,0
VLGEA,2024-10-26,557697000.0,12803000.0,,edgar,2024-12-04,2026-10-03,2026-10-03,0
VLGEA,2025-01-25,599651000.0,16896000.0,,edgar,2025-03-05,2026-10-03,2026-10-03,0
VLGEA,2025-04-26,563669000.0,11161000.0,,edgar,2025-06-04,2026-10-03,2026-10-03,0
VLGEA,2025-07-26,599673000.0,15520000.0,,edgar,2025-10-09,2026-10-03,2026-10-03,0
VLGEA,2025-10-25,582593000.0,12002000.0,,edgar,2025-12-04,2026-10-03,2026-10-03,0
VLGEA,2026-01-24,640959000.0,17872000.0,,edgar,2026-03-04,2026-10-03,2026-10-03,0
VLGEA,2026-04-25,572587000.0,8964000.0,,edgar,2026-06-03,2026-10-03,2026-10-03,0
VLO,2023-09-30,38404000000.0,2622000000.0,7.49,edgar,2023-10-26,2026-10-03,2026-10-03,0
VLO,2023-12-31,35414000000.0,1202000000.0,3.740000000000002,edgar,2024-02-22,2026-10-03,2026-10-03,0
VLO,2024-03-31,31759000000.0,1245000000.0,3.75,edgar,2024-04-25,2026-10-03,2026-10-03,0
VLO,2024-06-30,34490000000.0,880000000.0,2.71,edgar,2024-07-25,2026-10-03,2026-10-03,0
VLO,2024-09-30,32876000000.0,364000000.0,1.14,edgar,2024-10-30,2026-10-03,2026-10-03,0
VLO,2024-12-31,30756000000.0,281000000.0,0.9800000000000004,edgar,2025-02-26,2026-10-03,2026-10-03,0
VLO,2025-03-31,30258000000.0,-595000000.0,-1.9,edgar,2025-04-24,2026-10-03,2026-10-03,0
VLO,2025-06-30,29889000000.0,714000000.0,2.28,edgar,2025-07-24,2026-10-03,2026-10-03,0
VLO,2025-09-30,32168000000.0,1095000000.0,3.53,edgar,2025-10-23,2026-10-03,2026-10-03,0
VLO,2025-12-31,30372000000.0,1134000000.0,3.6600000000000006,edgar,2026-02-25,2026-10-03,2026-10-03,0
VLO,2026-03-31,32381000000.0,1263000000.0,4.22,edgar,2026-04-30,2026-10-03,2026-10-03,0
VLO,2026-06-30,44476000000.0,3720000000.0,12.62,edgar,2026-07-30,2026-10-03,2026-10-03,0
VOYA,2023-09-30,491000000.0,262000000.0,2.29,edgar,2023-11-02,2026-10-03,2026-10-03,0
VOYA,2023-12-31,491000000.0,122000000.0,1.0899999999999999,edgar,2024-02-23,2026-10-03,2026-10-03,0
VOYA,2024-03-31,519000000.0,251000000.0,2.24,edgar,2024-05-06,2026-10-03,2026-10-03,0
VOYA,2024-06-30,528000000.0,205000000.0,1.96,edgar,2024-08-01,2026-10-03,2026-10-03,0
VOYA,2024-09-30,542000000.0,114000000.0,0.98,edgar,2024-11-06,2026-10-03,2026-10-03,0
VOYA,2024-12-31,561000000.0,97000000.0,0.9900000000000002,edgar,2025-02-21,2026-10-03,2026-10-03,0
VOYA,2025-03-31,538000000.0,156000000.0,1.42,edgar,2025-05-08,2026-10-03,2026-10-03,0
VOYA,2025-06-30,541000000.0,166000000.0,1.66,edgar,2025-08-07,2026-10-03,2026-10-03,0
VOYA,2025-09-30,572000000.0,192000000.0,1.8,edgar,2025-11-06,2026-10-03,2026-10-03,0
VOYA,2025-12-31,604000000.0,140000000.0,1.4100000000000001,edgar,2026-02-20,2026-10-03,2026-10-03,0
VOYA,2026-03-31,520000000.0,182000000.0,1.75,edgar,2026-05-07,2026-10-03,2026-10-03,0
VOYA,2026-06-30,531000000.0,94000000.0,0.97,edgar,2026-08-06,2026-10-03,2026-10-03,0
VOYG,2024-06-30,36653000.0,-23322000.0,-2.73,edgar,2025-08-05,2026-10-03,2026-10-03,0
VOYG,2024-09-30,39599000.0,-14967000.0,-1.61,edgar,2025-11-04,2026-10-03,2026-10-03,0
VOYG,2025-03-31,34507000.0,-26938000.0,-2.3,edgar,2026-05-05,2026-10-03,2026-10-03,0
VOYG,2025-06-30,45674000.0,-31382000.0,-1.23,edgar,2025-08-05,2026-10-03,2026-10-03,0
VOYG,2025-09-30,39587000.0,-16273000.0,-0.28,edgar,2025-11-04,2026-10-03,2026-10-03,0
VOYG,2025-12-31,46651000.0,-30221000.0,0.9199999999999995,edgar,2026-03-10,2026-10-03,2026-10-03,0
VOYG,2026-03-31,35246000.0,-43983000.0,-0.75,edgar,2026-05-05,2026-10-03,2026-10-03,0
VOYG,2026-06-30,52746000.0,-46490000.0,-0.79,edgar,2026-08-04,2026-10-03,2026-10-03,0
VREX,2023-09-29,227400000.0,31100000.0,0.68,edgar,2023-11-16,2026-10-03,2026-10-03,0
VREX,2023-12-29,190000000.0,-500000.0,-0.01,edgar,2024-02-06,2026-10-03,2026-10-03,0
VREX,2024-03-29,206200000.0,1400000.0,0.03,edgar,2024-05-02,2026-10-03,2026-10-03,0
VREX,2024-06-28,209100000.0,1400000.0,0.03,edgar,2024-08-01,2026-10-03,2026-10-03,0
VREX,2024-09-27,205700000.0,-51100000.0,-1.25,edgar,2024-11-19,2026-10-03,2026-10-03,0
VREX,2025-01-03,199800000.0,-300000.0,-0.01,edgar,2025-02-06,2026-10-03,2026-10-03,0
VREX,2025-04-04,212900000.0,6900000.0,0.17,edgar,2025-05-08,2026-10-03,2026-10-03,0
VREX,2025-07-04,203000000.0,-89100000.0,-2.15,edgar,2025-08-07,2026-10-03,2026-10-03,0
VREX,2025-10-03,228900000.0,12200000.0,0.29000000000000004,edgar,2025-11-18,2026-10-03,2026-10-03,0
VREX,2026-01-02,209600000.0,2300000.0,0.05,edgar,2026-02-10,2026-10-03,2026-10-03,0
VREX,2026-04-03,216000000.0,-8100000.0,-0.19,edgar,2026-05-07,2026-10-03,2026-10-03,0
VREX,2026-07-03,210500000.0,15700000.0,0.37,edgar,2026-08-10,2026-10-03,2026-10-03,0
VRNS,2023-09-30,122308000.0,-23017000.0,-0.21,edgar,2023-10-31,2026-10-03,2026-10-03,0
VRNS,2023-12-31,154099000.0,-898000.0,-0.01000000000000012,edgar,2024-02-06,2026-10-03,2026-10-03,0
VRNS,2024-03-31,114022000.0,-40490000.0,-0.37,edgar,2024-05-07,2026-10-03,2026-10-03,0
VRNS,2024-06-30,130346000.0,-23948000.0,-0.21,edgar,2024-07-30,2026-10-03,2026-10-03,0
VRNS,2024-09-30,148068000.0,-18333000.0,-0.16,edgar,2024-10-31,2026-10-03,2026-10-03,0
VRNS,2024-12-31,158514000.0,-12994000.0,-0.12,edgar,2025-02-06,2026-10-03,2026-10-03,0
VRNS,2025-03-31,136423000.0,-35783000.0,-0.32,edgar,2025-05-07,2026-10-03,2026-10-03,0
VRNS,2025-06-30,152163000.0,-35824000.0,-0.32,edgar,2025-07-30,2026-10-03,2026-10-03,0
VRNS,2025-09-30,161577000.0,-29942000.0,-0.26,edgar,2025-10-29,2026-10-03,2026-10-03,0
VRNS,2025-12-31,173369000.0,-27775000.0,-0.22999999999999987,edgar,2026-02-04,2026-10-03,2026-10-03,0
VRNS,2026-03-31,173126000.0,-36854000.0,-0.32,edgar,2026-04-29,2026-10-03,2026-10-03,0
VRNS,2026-06-30,180023000.0,-46809000.0,-0.41,edgar,2026-07-29,2026-10-03,2026-10-03,0
VSTM,2020-09-30,78647000.0,13138000.0,0.08,edgar,2020-11-09,2026-10-03,2026-10-03,0
VSTM,2020-12-31,506000.0,-19864000.0,-0.12,edgar,2021-03-18,2026-10-03,2026-10-03,0
VSTM,2021-03-31,1006000.0,-15031000.0,-0.09,edgar,2021-05-11,2026-10-03,2026-10-03,0
VSTM,2021-06-30,500000.0,-16902000.0,-0.1,edgar,2021-08-02,2026-10-03,2026-10-03,0
VSTM,2021-09-30,2000.0,-22786000.0,-0.13,edgar,2021-11-04,2026-10-03,2026-10-03,0
VSTM,2021-12-31,545000.0,-16481000.0,-4.58,edgar,2022-03-28,2026-10-03,2026-10-03,0
VSTM,2022-03-31,2596000.0,-16962000.0,-0.09,edgar,2022-05-09,2026-10-03,2026-10-03,0
VSTM,2024-06-30,10000000.0,-8256000.0,-0.31,edgar,2024-08-08,2026-10-03,2026-10-03,0
VSTM,2025-06-30,2137000.0,-25934000.0,-0.62,edgar,2025-08-07,2026-10-03,2026-10-03,0
VSTM,2025-09-30,11242000.0,-98518000.0,-1.35,edgar,2025-11-04,2026-10-03,2026-10-03,0
VSTM,2026-03-31,18671000.0,-36591000.0,-0.46,edgar,2026-05-07,2026-10-03,2026-10-03,0
VSTM,2026-06-30,40078000.0,-34673000.0,-0.35,edgar,2026-08-06,2026-10-03,2026-10-03,0
VSTS,2023-09-29,715901000.0,93972000.0,0.7199999999999999,edgar,2024-11-22,2026-10-03,2026-10-03,0
VSTS,2023-12-29,717923000.0,12266000.0,0.09,edgar,2024-02-09,2026-10-03,2026-10-03,0
VSTS,2024-03-29,705368000.0,5965000.0,0.05,edgar,2024-05-08,2026-10-03,2026-10-03,0
VSTS,2024-06-28,698248000.0,5037000.0,0.04,edgar,2024-08-07,2026-10-03,2026-10-03,0
VSTS,2024-09-27,684281000.0,-2298000.0,-0.01999999999999999,edgar,2024-11-22,2026-10-03,2026-10-03,0
VSTS,2024-12-27,683780000.0,832000.0,0.01,edgar,2025-02-05,2026-10-03,2026-10-03,0
VSTS,2025-03-28,665249000.0,-27830000.0,-0.21,edgar,2025-05-07,2026-10-03,2026-10-03,0
VSTS,2025-06-27,673799000.0,-676000.0,-0.01,edgar,2025-08-05,2026-10-03,2026-10-03,0
VSTS,2025-10-03,712011000.0,-12549000.0,-0.1,edgar,2025-12-02,2026-10-03,2026-10-03,0
VSTS,2026-01-02,663388000.0,-6391000.0,-0.05,edgar,2026-02-10,2026-10-03,2026-10-03,0
VSTS,2026-04-03,659437000.0,2596000.0,0.02,edgar,2026-05-12,2026-10-03,2026-10-03,0
VSTS,2026-07-03,661663000.0,11046000.0,0.08,edgar,2026-08-11,2026-10-03,2026-10-03,0
VSXY,2023-10-28,1265000000.0,-71000000.0,-0.92,edgar,2023-12-01,2026-10-03,2026-10-03,0
VSXY,2024-02-03,2083000000.0,180000000.0,2.32,edgar,2024-03-22,2026-10-03,2026-10-03,0
VSXY,2024-05-04,1359000000.0,-4000000.0,-0.05,edgar,2024-06-07,2026-10-03,2026-10-03,0
VSXY,2024-08-03,1417000000.0,32000000.0,0.4,edgar,2024-09-06,2026-10-03,2026-10-03,0
VSXY,2024-11-02,1347000000.0,-56000000.0,-0.71,edgar,2024-12-09,2026-10-03,2026-10-03,0
VSXY,2025-02-01,2107000000.0,193000000.0,2.4099999999999997,edgar,2025-03-21,2026-10-03,2026-10-03,0
VSXY,2025-05-03,1353000000.0,-2000000.0,-0.02,edgar,2025-06-12,2026-10-03,2026-10-03,0
VSXY,2025-08-02,1459000000.0,16000000.0,0.2,edgar,2025-09-05,2026-10-03,2026-10-03,0
VSXY,2025-11-01,1472000000.0,-37000000.0,-0.46,edgar,2025-12-05,2026-10-03,2026-10-03,0
VSXY,2026-01-31,2269000000.0,184000000.0,2.21,edgar,2026-03-20,2026-10-03,2026-10-03,0
VSXY,2026-05-02,1560000000.0,48000000.0,0.56,edgar,2026-06-05,2026-10-03,2026-10-03,0
VSXY,2026-08-01,1611000000.0,183000000.0,2.18,edgar,2026-09-04,2026-10-03,2026-10-03,0
VVX,2023-09-29,1001507000.0,-6400000.0,-0.21,edgar,2023-11-06,2026-10-03,2026-10-03,0
VVX,2023-12-31,1040307000.0,-492000.0,-0.010000000000000009,edgar,2024-03-05,2026-10-03,2026-10-03,0
VVX,2024-03-29,1010564000.0,1144000.0,0.04,edgar,2024-05-07,2026-10-03,2026-10-03,0
VVX,2024-06-28,1072183000.0,-6544000.0,-0.21,edgar,2024-08-06,2026-10-03,2026-10-03,0
VVX,2024-09-27,1081656000.0,15051000.0,0.47,edgar,2024-11-04,2026-10-03,2026-10-03,0
VVX,2024-12-31,1157752000.0,25033000.0,0.78,edgar,2025-02-24,2026-10-03,2026-10-03,0
VVX,2025-03-28,1015923000.0,8107000.0,0.25,edgar,2025-05-05,2026-10-03,2026-10-03,0
VVX,2025-06-27,1078330000.0,22391000.0,0.7,edgar,2025-08-04,2026-10-03,2026-10-03,0
VVX,2025-09-26,1167137000.0,24605000.0,0.77,edgar,2025-11-03,2026-10-03,2026-10-03,0
VVX,2025-12-31,1218648000.0,22779000.0,0.7300000000000002,edgar,2026-02-23,2026-10-03,2026-10-03,0
VVX,2026-04-03,1254128000.0,18925000.0,0.6,edgar,2026-05-04,2026-10-03,2026-10-03,0
VVX,2026-07-03,1256643000.0,25540000.0,0.81,edgar,2026-08-03,2026-10-03,2026-10-03,0
WBD,2023-09-30,9979000000.0,-417000000.0,-0.17,edgar,2023-11-08,2026-10-03,2026-10-03,0
WBD,2023-12-31,10284000000.0,-400000000.0,-0.15999999999999992,edgar,2024-02-23,2026-10-03,2026-10-03,0
WBD,2024-03-31,9958000000.0,-966000000.0,-0.4,edgar,2024-05-09,2026-10-03,2026-10-03,0
WBD,2024-06-30,9713000000.0,-9986000000.0,-4.07,edgar,2024-08-07,2026-10-03,2026-10-03,0
WBD,2024-09-30,9623000000.0,135000000.0,0.05,edgar,2024-11-07,2026-10-03,2026-10-03,0
WBD,2024-12-31,10027000000.0,-494000000.0,-0.20000000000000018,edgar,2025-02-27,2026-10-03,2026-10-03,0
WBD,2025-03-31,8979000000.0,-453000000.0,-0.18,edgar,2025-05-08,2026-10-03,2026-10-03,0
WBD,2025-06-30,9812000000.0,1580000000.0,0.63,edgar,2025-08-07,2026-10-03,2026-10-03,0
WBD,2025-09-30,9045000000.0,-148000000.0,-0.06,edgar,2025-11-06,2026-10-03,2026-10-03,0
WBD,2025-12-31,9460000000.0,-252000000.0,-0.10000000000000003,edgar,2026-02-27,2026-10-03,2026-10-03,0
WBD,2026-03-31,8893000000.0,-2916000000.0,-1.17,edgar,2026-05-06,2026-10-03,2026-10-03,0
WBD,2026-06-30,8717000000.0,149000000.0,0.06,edgar,2026-08-06,2026-10-03,2026-10-03,0
WDAY,2023-10-31,1866000000.0,114000000.0,0.43,edgar,2023-11-28,2026-10-03,2026-10-03,0
WDAY,2024-01-31,1922000000.0,1188000000.0,4.48,edgar,2024-03-08,2026-10-03,2026-10-03,0
WDAY,2024-04-30,1990000000.0,107000000.0,0.4,edgar,2024-05-29,2026-10-03,2026-10-03,0
WDAY,2024-07-31,2085000000.0,132000000.0,0.49,edgar,2024-08-28,2026-10-03,2026-10-03,0
WDAY,2024-10-31,2160000000.0,193000000.0,0.72,edgar,2024-12-05,2026-10-03,2026-10-03,0
WDAY,2025-01-31,2211000000.0,94000000.0,0.3400000000000001,edgar,2025-03-11,2026-10-03,2026-10-03,0
WDAY,2025-04-30,2240000000.0,68000000.0,0.25,edgar,2025-05-23,2026-10-03,2026-10-03,0
WDAY,2025-07-31,2348000000.0,228000000.0,0.84,edgar,2025-08-22,2026-10-03,2026-10-03,0
WDAY,2025-10-31,2432000000.0,252000000.0,0.94,edgar,2025-11-26,2026-10-03,2026-10-03,0
WDAY,2026-01-31,2532000000.0,145000000.0,0.56,edgar,2026-03-06,2026-10-03,2026-10-03,0
WDAY,2026-04-30,2542000000.0,222000000.0,0.87,edgar,2026-05-22,2026-10-03,2026-10-03,0
WDAY,2026-07-31,2649000000.0,632000000.0,2.57,edgar,2026-08-27,2026-10-03,2026-10-03,0
WEAV,2023-09-30,43544000.0,-7145000.0,-0.1,edgar,2023-11-08,2026-10-03,2026-10-03,0
WEAV,2023-12-31,45692000.0,-7039000.0,-0.11000000000000004,edgar,2025-03-13,2026-10-03,2026-10-03,0
WEAV,2024-03-31,47173000.0,-7203000.0,-0.1,edgar,2024-05-09,2026-10-03,2026-10-03,0
WEAV,2024-06-30,50586000.0,-8553000.0,-0.12,edgar,2024-08-07,2026-10-03,2026-10-03,0
WEAV,2024-09-30,52386000.0,-5879000.0,-0.08,edgar,2024-11-08,2026-10-03,2026-10-03,0
WEAV,2024-12-31,54169000.0,-6711000.0,-0.10000000000000003,edgar,2025-03-13,2026-10-03,2026-10-03,0
WEAV,2025-03-31,55809000.0,-8825000.0,-0.12,edgar,2025-05-09,2026-10-03,2026-10-03,0
WEAV,2025-06-30,58470000.0,-8711000.0,-0.11,edgar,2025-08-07,2026-10-03,2026-10-03,0
WEAV,2025-09-30,61342000.0,-8668000.0,-0.11,edgar,2025-11-06,2026-10-03,2026-10-03,0
WEAV,2025-12-31,63403000.0,-1848000.0,-0.030000000000000027,edgar,2026-03-05,2026-10-03,2026-10-03,0
WEAV,2026-03-31,65500000.0,-5770000.0,-0.07,edgar,2026-05-05,2026-10-03,2026-10-03,0
WEAV,2026-06-30,67542000.0,-4257000.0,-0.05,edgar,2026-08-06,2026-10-03,2026-10-03,0
WEN,2023-10-01,550555000.0,58049000.0,0.28,edgar,2023-11-02,2026-10-03,2026-10-03,0
WEN,2023-12-31,540651000.0,46938000.0,0.21999999999999997,edgar,2024-02-26,2026-10-03,2026-10-03,0
WEN,2024-03-31,534753000.0,41993000.0,0.2,edgar,2024-05-02,2026-10-03,2026-10-03,0
WEN,2024-06-30,570727000.0,54643000.0,0.27,edgar,2024-08-01,2026-10-03,2026-10-03,0
WEN,2024-09-29,566739000.0,50224000.0,0.25,edgar,2024-10-31,2026-10-03,2026-10-03,0
WEN,2024-12-29,574273000.0,47497000.0,0.22999999999999998,edgar,2025-02-21,2026-10-03,2026-10-03,0
WEN,2025-03-30,523472000.0,39232000.0,0.19,edgar,2025-05-02,2026-10-03,2026-10-03,0
WEN,2025-06-29,560929000.0,55110000.0,0.29,edgar,2025-08-08,2026-10-03,2026-10-03,0
WEN,2025-09-28,549516000.0,44252000.0,0.23,edgar,2025-11-07,2026-10-03,2026-10-03,0
WEN,2025-12-28,542974000.0,26481000.0,0.14,edgar,2026-02-23,2026-10-03,2026-10-03,0
WEN,2026-03-29,540637000.0,22712000.0,0.12,edgar,2026-05-08,2026-10-03,2026-10-03,0
WEN,2026-06-28,570571000.0,32616000.0,0.17,edgar,2026-08-07,2026-10-03,2026-10-03,0
WEYS,2023-09-30,84150000.0,9337000.0,0.98,edgar,2023-11-09,2026-10-03,2026-10-03,0
WEYS,2023-12-31,80590000.0,8542000.0,0.9100000000000001,edgar,2024-03-14,2026-10-03,2026-10-03,0
WEYS,2024-03-31,71558000.0,6650000.0,0.69,edgar,2024-05-09,2026-10-03,2026-10-03,0
WEYS,2024-06-30,63932000.0,5607000.0,0.59,edgar,2024-08-08,2026-10-03,2026-10-03,0
WEYS,2024-09-30,74329000.0,8063000.0,0.84,edgar,2024-11-08,2026-10-03,2026-10-03,0
WEYS,2024-12-31,80471000.0,10000000.0,1.04,edgar,2025-03-14,2026-10-03,2026-10-03,0
WEYS,2025-03-31,68030000.0,5543000.0,0.57,edgar,2025-05-09,2026-10-03,2026-10-03,0
WEYS,2025-06-30,58221000.0,2256000.0,0.24,edgar,2025-08-07,2026-10-03,2026-10-03,0
WEYS,2025-09-30,73121000.0,6586000.0,0.69,edgar,2025-11-07,2026-10-03,2026-10-03,0
WEYS,2025-12-31,76797000.0,8693000.0,0.9100000000000001,edgar,2026-03-13,2026-10-03,2026-10-03,0
WEYS,2026-03-31,68005000.0,6121000.0,0.64,edgar,2026-05-07,2026-10-03,2026-10-03,0
WEYS,2026-06-30,62216000.0,13315000.0,1.39,edgar,2026-08-07,2026-10-03,2026-10-03,0
WFRD,2023-09-30,1313000000.0,123000000.0,1.66,edgar,2023-10-25,2026-10-03,2026-10-03,0
WFRD,2023-12-31,1362000000.0,140000000.0,1.9100000000000001,edgar,2024-02-07,2026-10-03,2026-10-03,0
WFRD,2024-03-31,1358000000.0,112000000.0,1.5,edgar,2024-04-24,2026-10-03,2026-10-03,0
WFRD,2024-06-30,1405000000.0,125000000.0,1.66,edgar,2024-07-24,2026-10-03,2026-10-03,0
WFRD,2024-09-30,1409000000.0,157000000.0,2.06,edgar,2024-10-23,2026-10-03,2026-10-03,0
WFRD,2024-12-31,1341000000.0,112000000.0,1.5300000000000002,edgar,2025-02-06,2026-10-03,2026-10-03,0
WFRD,2025-03-31,1193000000.0,76000000.0,1.03,edgar,2025-04-23,2026-10-03,2026-10-03,0
WFRD,2025-06-30,1204000000.0,136000000.0,1.87,edgar,2025-07-23,2026-10-03,2026-10-03,0
WFRD,2025-09-30,1232000000.0,81000000.0,1.12,edgar,2025-10-22,2026-10-03,2026-10-03,0
WFRD,2025-12-31,1289000000.0,138000000.0,1.9099999999999993,edgar,2026-02-04,2026-10-03,2026-10-03,0
WFRD,2026-03-31,1152000000.0,108000000.0,1.49,edgar,2026-04-22,2026-10-03,2026-10-03,0
WFRD,2026-06-30,1105000000.0,39000000.0,0.55,edgar,2026-07-22,2026-10-03,2026-10-03,0
WHD,2023-09-30,287870000.0,52580000.0,,edgar,2023-11-09,2026-10-03,2026-10-03,0
WHD,2023-12-31,274866000.0,48947000.0,,edgar,2024-02-29,2026-10-03,2026-10-03,0
WHD,2024-03-31,274123000.0,38965000.0,,edgar,2024-05-02,2026-10-03,2026-10-03,0
WHD,2024-06-30,290389000.0,49828000.0,,edgar,2024-08-01,2026-10-03,2026-10-03,0
WHD,2024-09-30,293181000.0,49927000.0,,edgar,2024-10-31,2026-10-03,2026-10-03,0
WHD,2024-12-31,272121000.0,46687000.0,,edgar,2025-02-27,2026-10-03,2026-10-03,0
WHD,2025-03-31,280319000.0,44223000.0,,edgar,2025-05-01,2026-10-03,2026-10-03,0
WHD,2025-06-30,273575000.0,40329000.0,,edgar,2025-07-31,2026-10-03,2026-10-03,0
WHD,2025-09-30,263954000.0,41624000.0,,edgar,2025-10-30,2026-10-03,2026-10-03,0
WHD,2025-12-31,261203000.0,39838000.0,,edgar,2026-02-26,2026-10-03,2026-10-03,0
WHD,2026-03-31,388349000.0,32906000.0,,edgar,2026-05-08,2026-10-03,2026-10-03,0
WHD,2026-06-30,449528000.0,48996000.0,,edgar,2026-07-31,2026-10-03,2026-10-03,0
WKC,2023-09-30,12245300000.0,34900000.0,0.58,edgar,2023-10-27,2026-10-03,2026-10-03,0
WKC,2023-12-31,12003000000.0,-34700000.0,-0.5599999999999999,edgar,2024-02-23,2026-10-03,2026-10-03,0
WKC,2024-03-31,10951400000.0,27400000.0,0.45,edgar,2024-04-26,2026-10-03,2026-10-03,0
WKC,2024-06-30,10965200000.0,108300000.0,1.81,edgar,2024-07-26,2026-10-03,2026-10-03,0
WKC,2024-09-30,10490900000.0,33500000.0,0.57,edgar,2024-10-25,2026-10-03,2026-10-03,0
WKC,2024-12-31,9760500000.0,-101800000.0,-1.7000000000000002,edgar,2025-02-25,2026-10-03,2026-10-03,0
WKC,2025-03-31,9452500000.0,-21100000.0,-0.37,edgar,2025-04-25,2026-10-03,2026-10-03,0
WKC,2025-06-30,9043300000.0,-339400000.0,-6.06,edgar,2025-08-01,2026-10-03,2026-10-03,0
WKC,2025-09-30,9391800000.0,25700000.0,0.46,edgar,2025-10-24,2026-10-03,2026-10-03,0
WKC,2025-12-31,9029000000.0,-279600000.0,-5.0200000000000005,edgar,2026-02-24,2026-10-03,2026-10-03,0
WKC,2026-03-31,9685000000.0,26200000.0,0.5,edgar,2026-04-24,2026-10-03,2026-10-03,0
WKC,2026-06-30,13591200000.0,48400000.0,0.94,edgar,2026-07-24,2026-10-03,2026-10-03,0
WLYB,2023-10-31,492808000.0,-19445000.0,-0.35,edgar,2023-12-07,2026-10-03,2026-10-03,0
WLYB,2024-01-31,460705000.0,-113875000.0,-2.08,edgar,2024-03-08,2026-10-03,2026-10-03,0
WLYB,2024-04-30,468461000.0,25284000.0,0.44999999999999973,edgar,2024-06-26,2026-10-03,2026-10-03,0
WLYB,2024-07-31,403809000.0,-1436000.0,-0.03,edgar,2024-09-06,2026-10-03,2026-10-03,0
WLYB,2024-10-31,426595000.0,40458000.0,0.74,edgar,2024-12-06,2026-10-03,2026-10-03,0
WLYB,2025-01-31,404626000.0,-22954000.0,-0.43,edgar,2025-03-07,2026-10-03,2026-10-03,0
WLYB,2025-04-30,442579000.0,68132000.0,1.25,edgar,2025-06-25,2026-10-03,2026-10-03,0
WLYB,2025-07-31,396800000.0,11700000.0,0.22,edgar,2025-09-05,2026-10-03,2026-10-03,0
WLYB,2025-10-31,421751000.0,44891000.0,0.84,edgar,2025-12-05,2026-10-03,2026-10-03,0
WLYB,2026-01-31,410036000.0,29679000.0,0.56,edgar,2026-03-06,2026-10-03,2026-10-03,0
WLYB,2026-04-30,447941000.0,135330000.0,2.54,edgar,2026-06-24,2026-10-03,2026-10-03,0
WLYB,2026-07-31,386361000.0,-11727000.0,-0.23,edgar,2026-09-04,2026-10-03,2026-10-03,0
WMB,2023-09-30,3061000000.0,654000000.0,0.54,edgar,2023-11-01,2026-10-03,2026-10-03,0
WMB,2023-12-31,3021000000.0,1138000000.0,0.9199999999999999,edgar,2024-02-21,2026-10-03,2026-10-03,0
WMB,2024-03-31,3339000000.0,632000000.0,0.52,edgar,2024-05-06,2026-10-03,2026-10-03,0
WMB,2024-06-30,2847000000.0,401000000.0,0.33,edgar,2024-08-05,2026-10-03,2026-10-03,0
WMB,2024-09-30,3035000000.0,706000000.0,0.58,edgar,2024-11-06,2026-10-03,2026-10-03,0
WMB,2024-12-31,3411000000.0,486000000.0,0.3900000000000001,edgar,2025-02-25,2026-10-03,2026-10-03,0
WMB,2025-03-31,4187000000.0,691000000.0,0.56,edgar,2025-05-05,2026-10-03,2026-10-03,0
WMB,2025-06-30,3378000000.0,546000000.0,0.45,edgar,2025-08-04,2026-10-03,2026-10-03,0
WMB,2025-09-30,3491000000.0,647000000.0,0.53,edgar,2025-11-03,2026-10-03,2026-10-03,0
WMB,2025-12-31,3843000000.0,734000000.0,0.6000000000000001,edgar,2026-02-24,2026-10-03,2026-10-03,0
WMB,2026-03-31,4718000000.0,865000000.0,0.7,edgar,2026-05-04,2026-10-03,2026-10-03,0
WMB,2026-06-30,3379000000.0,827000000.0,0.68,edgar,2026-08-03,2026-10-03,2026-10-03,0
WNC,2023-06-30,686620000.0,74328000.0,1.54,edgar,2023-07-26,2026-10-03,2026-10-03,0
WNC,2023-09-30,632828000.0,55329000.0,1.16,edgar,2023-10-25,2026-10-03,2026-10-03,0
WNC,2023-12-31,596100000.0,50382000.0,1.07,edgar,2024-02-22,2026-10-03,2026-10-03,0
WNC,2024-03-31,515276000.0,18167000.0,0.39,edgar,2024-04-24,2026-10-03,2026-10-03,0
WNC,2024-06-30,550610000.0,28958000.0,0.64,edgar,2024-07-24,2026-10-03,2026-10-03,0
WNC,2024-09-30,464040000.0,-330166000.0,-7.53,edgar,2024-10-24,2026-10-03,2026-10-03,0
WNC,2024-12-31,416814000.0,-1030000.0,-0.02,edgar,2025-02-18,2026-10-03,2026-10-03,0
WNC,2025-03-31,380890000.0,230941000.0,5.36,edgar,2025-04-30,2026-10-03,2026-10-03,0
WNC,2025-06-30,458816000.0,-9589000.0,-0.23,edgar,2025-07-25,2026-10-03,2026-10-03,0
WNC,2025-09-30,381595000.0,39977000.0,0.97,edgar,2025-10-30,2026-10-03,2026-10-03,0
WNC,2025-12-31,321453000.0,-49878000.0,-1.23,edgar,2026-02-18,2026-10-03,2026-10-03,0
WNC,2026-03-31,303229000.0,-45171000.0,-1.11,edgar,2026-05-01,2026-10-03,2026-10-03,0
WOLF,2023-09-24,197400000.0,-395700000.0,-3.16,edgar,2023-11-02,2026-10-03,2026-10-03,0
WOLF,2023-12-31,208400000.0,-144700000.0,-1.15,edgar,2024-02-01,2026-10-03,2026-10-03,0
WOLF,2024-03-31,200700000.0,-148900000.0,-1.18,edgar,2024-05-02,2026-10-03,2026-10-03,0
WOLF,2024-06-30,200700000.0,-174900000.0,-1.3899999999999997,edgar,2024-08-22,2026-10-03,2026-10-03,0
WOLF,2024-09-29,194700000.0,-282200000.0,-2.23,edgar,2024-11-07,2026-10-03,2026-10-03,0
WOLF,2024-12-29,180500000.0,-372200000.0,-2.88,edgar,2025-01-30,2026-10-03,2026-10-03,0
WOLF,2025-03-30,185400000.0,-285500000.0,-1.86,edgar,2025-05-09,2026-10-03,2026-10-03,0
WOLF,2025-06-29,197000000.0,-669300000.0,-4.420000000000001,edgar,2025-08-26,2026-10-03,2026-10-03,0
WOLF,2025-09-29,196800000.0,-643600000.0,-4.12,edgar,2025-11-07,2026-10-03,2026-10-03,0
WOLF,2025-12-28,168500000.0,-150600000.0,-5.78,edgar,2026-02-06,2026-10-03,2026-10-03,0
WOLF,2026-03-29,150200000.0,-119900000.0,-3.05,edgar,2026-05-07,2026-10-03,2026-10-03,0
WOR,2023-08-31,1193256000.0,96106000.0,1.93,edgar,2023-10-04,2026-10-03,2026-10-03,0
WOR,2023-11-30,1086918000.0,24302000.0,0.49,edgar,2024-01-09,2026-10-03,2026-10-03,0
WOR,2024-02-29,316755000.0,22000000.0,0.44,edgar,2024-04-09,2026-10-03,2026-10-03,0
WOR,2024-05-31,318801000.0,-31784000.0,-0.6599999999999997,edgar,2024-07-30,2026-10-03,2026-10-03,0
WOR,2024-08-31,257308000.0,24253000.0,0.48,edgar,2024-10-07,2026-10-03,2026-10-03,0
WOR,2024-11-30,274046000.0,28260000.0,0.56,edgar,2025-01-10,2026-10-03,2026-10-03,0
WOR,2025-02-28,304524000.0,39663000.0,0.79,edgar,2025-04-09,2026-10-03,2026-10-03,0
WOR,2025-05-31,317884000.0,3877000.0,0.08999999999999986,edgar,2025-07-30,2026-10-03,2026-10-03,0
WOR,2025-08-31,303707000.0,35148000.0,0.7,edgar,2025-10-08,2026-10-03,2026-10-03,0
WOR,2025-11-30,327452000.0,27328000.0,0.55,edgar,2026-01-09,2026-10-03,2026-10-03,0
WOR,2026-02-28,378677000.0,45463000.0,0.92,edgar,2026-04-09,2026-10-03,2026-10-03,0
WOR,2026-05-31,371456000.0,48146000.0,0.9700000000000002,edgar,2026-07-30,2026-10-03,2026-10-03,0
WRBY,2023-09-30,169849000.0,-17413000.0,-0.15,edgar,2023-11-08,2026-10-03,2026-10-03,0
WRBY,2023-12-31,161855000.0,-19047000.0,-0.16000000000000003,edgar,2024-02-29,2026-10-03,2026-10-03,0
WRBY,2024-03-31,200003000.0,-2679000.0,-0.02,edgar,2024-05-09,2026-10-03,2026-10-03,0
WRBY,2024-06-30,188222000.0,-6762000.0,-0.06,edgar,2024-08-08,2026-10-03,2026-10-03,0
WRBY,2024-09-30,192447000.0,-4072000.0,-0.03,edgar,2024-11-07,2026-10-03,2026-10-03,0
WRBY,2024-12-31,190643000.0,-6877000.0,-0.06000000000000001,edgar,2025-02-27,2026-10-03,2026-10-03,0
WRBY,2025-03-31,223782000.0,3472000.0,0.03,edgar,2025-05-08,2026-10-03,2026-10-03,0
WRBY,2025-06-30,214475000.0,-1752000.0,-0.01,edgar,2025-08-08,2026-10-03,2026-10-03,0
WRBY,2025-09-30,221680000.0,5874000.0,0.05,edgar,2025-11-06,2026-10-03,2026-10-03,0
WRBY,2025-12-31,211968000.0,-5953000.0,-0.060000000000000005,edgar,2026-02-26,2026-10-03,2026-10-03,0
WRBY,2026-03-31,242447000.0,3177000.0,0.03,edgar,2026-05-07,2026-10-03,2026-10-03,0
WRBY,2026-06-30,235511000.0,4644000.0,0.04,edgar,2026-08-06,2026-10-03,2026-10-03,0
WSFS,2020-09-30,172541000.0,51145000.0,1.01,edgar,2020-11-04,2026-10-03,2026-10-03,0
WSFS,2020-12-31,177929000.0,59813000.0,1.2,edgar,2021-03-01,2026-10-03,2026-10-03,0
WSFS,2021-03-31,169103000.0,65082000.0,1.36,edgar,2021-05-07,2026-10-03,2026-10-03,0
WSFS,2021-06-30,161920000.0,95667000.0,2.01,edgar,2021-08-06,2026-10-03,2026-10-03,0
WSFS,2021-09-30,152064000.0,54406000.0,1.14,edgar,2021-11-05,2026-10-03,2026-10-03,0
WSFS,2021-12-31,158762000.0,56287000.0,1.1800000000000006,edgar,2022-03-01,2026-10-03,2026-10-03,0
WSFS,2022-03-31,204711000.0,3804000.0,0.06,edgar,2022-05-10,2026-10-03,2026-10-03,0
WSFS,2022-06-30,250713000.0,60740000.0,0.94,edgar,2022-08-04,2026-10-03,2026-10-03,0
WSFS,2022-09-30,249216000.0,73382000.0,1.16,edgar,2022-11-04,2026-10-03,2026-10-03,0
WSFS,2022-12-31,259309000.0,84449000.0,1.3300000000000005,edgar,2023-02-28,2026-10-03,2026-10-03,0
WSFS,2023-03-31,289510000.0,62404000.0,1.01,edgar,2023-05-05,2026-10-03,2026-10-03,0
WSFS,2023-06-30,348486000.0,68678000.0,1.12,edgar,2023-08-03,2026-10-03,2026-10-03,0
WSM,2023-10-29,1853650000.0,237285000.0,1.83,edgar,2023-11-28,2026-10-03,2026-10-03,0
WSM,2024-01-28,2278937000.0,354677000.0,1.54,edgar,2024-03-20,2026-10-03,2026-10-03,0
WSM,2024-04-28,1660348000.0,260416000.0,1.99,edgar,2024-05-24,2026-10-03,2026-10-03,0
WSM,2024-07-28,1788307000.0,216855000.0,1.67,edgar,2024-08-23,2026-10-03,2026-10-03,0
WSM,2024-10-27,1800668000.0,237262000.0,1.87,edgar,2024-11-22,2026-10-03,2026-10-03,0
WSM,2025-02-02,2462218000.0,410467000.0,3.259999999999999,edgar,2025-03-27,2026-10-03,2026-10-03,0
WSM,2025-05-04,1730113000.0,231263000.0,1.85,edgar,2025-05-28,2026-10-03,2026-10-03,0
WSM,2025-08-03,1836760000.0,247562000.0,2.0,edgar,2025-08-29,2026-10-03,2026-10-03,0
WSM,2025-11-02,1882814000.0,241592000.0,1.96,edgar,2025-11-25,2026-10-03,2026-10-03,0
WSM,2026-02-01,2357129000.0,367583000.0,3.0299999999999994,edgar,2026-03-26,2026-10-03,2026-10-03,0
WSM,2026-05-03,1805456000.0,231362000.0,1.93,edgar,2026-05-22,2026-10-03,2026-10-03,0
WSM,2026-08-02,1959757000.0,338109000.0,2.84,edgar,2026-08-28,2026-10-03,2026-10-03,0
WST,2023-09-30,747400000.0,161300000.0,2.14,edgar,2023-10-26,2026-10-03,2026-10-03,0
WST,2023-12-31,732000000.0,137000000.0,1.8299999999999992,edgar,2024-02-20,2026-10-03,2026-10-03,0
WST,2024-03-31,695400000.0,115300000.0,1.55,edgar,2024-04-25,2026-10-03,2026-10-03,0
WST,2024-06-30,702100000.0,111300000.0,1.51,edgar,2024-07-25,2026-10-03,2026-10-03,0
WST,2024-09-30,746900000.0,136000000.0,1.85,edgar,2024-10-24,2026-10-03,2026-10-03,0
WST,2024-12-31,748800000.0,130100000.0,1.7800000000000002,edgar,2025-02-18,2026-10-03,2026-10-03,0
WST,2025-03-31,698000000.0,89800000.0,1.23,edgar,2025-04-24,2026-10-03,2026-10-03,0
WST,2025-06-30,766500000.0,131800000.0,1.82,edgar,2025-07-24,2026-10-03,2026-10-03,0
WST,2025-09-30,804600000.0,140000000.0,1.92,edgar,2025-10-23,2026-10-03,2026-10-03,0
WST,2025-12-31,805000000.0,132100000.0,1.8200000000000003,edgar,2026-02-17,2026-10-03,2026-10-03,0
WST,2026-03-31,844900000.0,138800000.0,1.92,edgar,2026-04-23,2026-10-03,2026-10-03,0
WST,2026-06-30,872300000.0,154000000.0,2.15,edgar,2026-07-23,2026-10-03,2026-10-03,0
WT,2023-09-30,90423000.0,12984000.0,0.07,edgar,2023-11-08,2026-10-03,2026-10-03,0
WT,2023-12-31,90844000.0,19077000.0,0.15000000000000002,edgar,2024-02-23,2026-10-03,2026-10-03,0
WT,2024-03-31,96838000.0,22111000.0,0.13,edgar,2024-05-07,2026-10-03,2026-10-03,0
WT,2024-06-30,107034000.0,21759000.0,0.13,edgar,2024-08-02,2026-10-03,2026-10-03,0
WT,2024-09-30,113168000.0,-4485000.0,-0.13,edgar,2024-11-07,2026-10-03,2026-10-03,0
WT,2024-12-31,110697000.0,27308000.0,0.2,edgar,2025-02-26,2026-10-03,2026-10-03,0
WT,2025-03-31,108082000.0,24629000.0,0.17,edgar,2025-05-09,2026-10-03,2026-10-03,0
WT,2025-06-30,112621000.0,24777000.0,0.17,edgar,2025-08-06,2026-10-03,2026-10-03,0
WT,2025-09-30,125616000.0,19701000.0,0.13,edgar,2025-11-06,2026-10-03,2026-10-03,0
WT,2025-12-31,147434000.0,43860000.0,0.27999999999999997,edgar,2026-02-25,2026-10-03,2026-10-03,0
WT,2026-03-31,159470000.0,-23131000.0,-0.17,edgar,2026-05-06,2026-10-03,2026-10-03,0
WT,2026-06-30,177160000.0,44284000.0,0.28,edgar,2026-08-05,2026-10-03,2026-10-03,0
WTI,2023-09-30,142411000.0,2145000.0,0.01,edgar,2023-11-08,2026-10-03,2026-10-03,0
WTI,2023-12-31,132339000.0,-443000.0,0.009999999999999995,edgar,2024-03-06,2026-10-03,2026-10-03,0
WTI,2024-03-31,140787000.0,-11474000.0,-0.08,edgar,2024-05-10,2026-10-03,2026-10-03,0
WTI,2024-06-30,142757000.0,-15388000.0,-0.1,edgar,2024-08-07,2026-10-03,2026-10-03,0
WTI,2024-09-30,121372000.0,-36921000.0,-0.25,edgar,2024-11-08,2026-10-03,2026-10-03,0
WTI,2024-12-31,120345000.0,-23362000.0,-0.15999999999999998,edgar,2025-03-04,2026-10-03,2026-10-03,0
WTI,2025-03-31,129867000.0,-30577000.0,-0.21,edgar,2025-05-07,2026-10-03,2026-10-03,0
WTI,2025-06-30,122367000.0,-20884000.0,-0.14,edgar,2025-08-05,2026-10-03,2026-10-03,0
WTI,2025-09-30,127515000.0,-71474000.0,-0.48,edgar,2025-11-06,2026-10-03,2026-10-03,0
WTI,2025-12-31,121713000.0,-27127000.0,-0.18000000000000005,edgar,2026-03-16,2026-10-03,2026-10-03,0
WTI,2026-03-31,150019000.0,-22530000.0,-0.15,edgar,2026-05-07,2026-10-03,2026-10-03,0
WTI,2026-06-30,162619000.0,12561000.0,0.08,edgar,2026-08-05,2026-10-03,2026-10-03,0
WTTR,2023-09-30,389273000.0,14346000.0,,edgar,2023-11-01,2026-10-03,2026-10-03,0
WTTR,2023-12-31,374860000.0,27595000.0,,edgar,2024-02-21,2026-10-03,2026-10-03,0
WTTR,2024-03-31,366548000.0,3625000.0,,edgar,2024-05-01,2026-10-03,2026-10-03,0
WTTR,2024-06-30,365131000.0,12868000.0,,edgar,2024-07-31,2026-10-03,2026-10-03,0
WTTR,2024-09-30,371349000.0,15791000.0,,edgar,2024-11-06,2026-10-03,2026-10-03,0
WTTR,2024-12-31,349047000.0,-1640000.0,,edgar,2025-02-19,2026-10-03,2026-10-03,0
WTTR,2025-03-31,374384000.0,8239000.0,,edgar,2025-05-07,2026-10-03,2026-10-03,0
WTTR,2025-06-30,364215000.0,10647000.0,,edgar,2025-08-06,2026-10-03,2026-10-03,0
WTTR,2025-09-30,322243000.0,2683000.0,,edgar,2025-11-05,2026-10-03,2026-10-03,0
WTTR,2025-12-31,346502000.0,-346000.0,,edgar,2026-02-18,2026-10-03,2026-10-03,0
WTTR,2026-03-31,365958000.0,8606000.0,,edgar,2026-05-06,2026-10-03,2026-10-03,0
WTTR,2026-06-30,395807000.0,21035000.0,,edgar,2026-08-05,2026-10-03,2026-10-03,0
XERS,2023-09-30,48320000.0,-12189000.0,-0.09,edgar,2023-11-09,2026-10-03,2026-10-03,0
XERS,2023-12-31,44390000.0,-13390000.0,-0.10000000000000003,edgar,2024-03-06,2026-10-03,2026-10-03,0
XERS,2024-03-31,40638000.0,-18980000.0,-0.14,edgar,2024-05-09,2026-10-03,2026-10-03,0
XERS,2024-06-30,48065000.0,-15005000.0,-0.1,edgar,2024-08-08,2026-10-03,2026-10-03,0
XERS,2024-09-30,54268000.0,-15738000.0,-0.11,edgar,2024-11-08,2026-10-03,2026-10-03,0
XERS,2024-12-31,60099000.0,-5113000.0,-0.019999999999999962,edgar,2025-03-06,2026-10-03,2026-10-03,0
XERS,2025-03-31,60119000.0,-9220000.0,-0.06,edgar,2025-05-08,2026-10-03,2026-10-03,0
XERS,2025-06-30,71539000.0,-1928000.0,-0.01,edgar,2025-08-07,2026-10-03,2026-10-03,0
XERS,2025-09-30,74380000.0,621000.0,0.0,edgar,2025-11-06,2026-10-03,2026-10-03,0
XERS,2025-12-31,85807000.0,11081000.0,0.06999999999999999,edgar,2026-03-02,2026-10-03,2026-10-03,0
XERS,2026-03-31,83127000.0,2234000.0,0.01,edgar,2026-05-07,2026-10-03,2026-10-03,0
XERS,2026-06-30,92100000.0,-31101000.0,-0.18,edgar,2026-08-06,2026-10-03,2026-10-03,0
XFOR,2023-06-30,0.0,-55712000.0,-0.33,edgar,2024-08-08,2026-10-03,2026-10-03,0
XFOR,2023-09-30,0.0,-2305000.0,-0.01,edgar,2024-11-13,2026-10-03,2026-10-03,0
XFOR,2024-03-31,0.0,-51766000.0,-7.77,edgar,2025-05-01,2026-10-03,2026-10-03,0
XFOR,2024-06-30,563000.0,90833000.0,13.57,edgar,2024-08-08,2026-10-03,2026-10-03,0
XFOR,2024-09-30,560000.0,-36696000.0,-5.48,edgar,2025-11-05,2026-10-03,2026-10-03,0
XFOR,2024-12-31,1434000.0,-39821000.0,-5.91,edgar,2025-03-26,2026-10-03,2026-10-03,0
XFOR,2025-03-31,28807000.0,282000.0,0.04,edgar,2025-05-01,2026-10-03,2026-10-03,0
XFOR,2025-06-30,1973000.0,-25741000.0,-3.47,edgar,2025-08-08,2026-10-03,2026-10-03,0
XFOR,2025-09-30,1765000.0,-29815000.0,-0.69,edgar,2025-11-05,2026-10-03,2026-10-03,0
XFOR,2025-12-31,2568000.0,-23925000.0,2.25,edgar,2026-03-17,2026-10-03,2026-10-03,0
XFOR,2026-03-31,2708000.0,-20241000.0,-0.16,edgar,2026-05-06,2026-10-03,2026-10-03,0
XFOR,2026-06-30,8806000.0,-16157000.0,-0.13,edgar,2026-08-06,2026-10-03,2026-10-03,0
XHR,2023-09-30,232024000.0,-8529000.0,-0.08,edgar,2023-11-01,2026-10-03,2026-10-03,0
XHR,2023-12-31,253380000.0,7599000.0,0.07000000000000002,edgar,2024-02-27,2026-10-03,2026-10-03,0
XHR,2024-03-31,267488000.0,8534000.0,0.08,edgar,2024-05-03,2026-10-03,2026-10-03,0
XHR,2024-06-30,272904000.0,15338000.0,0.15,edgar,2024-08-02,2026-10-03,2026-10-03,0
XHR,2024-09-30,236806000.0,-7091000.0,-0.07,edgar,2024-11-07,2026-10-03,2026-10-03,0
XHR,2024-12-31,261849000.0,-638000.0,-0.009999999999999981,edgar,2025-02-25,2026-10-03,2026-10-03,0
XHR,2025-03-31,288927000.0,15585000.0,0.15,edgar,2025-05-02,2026-10-03,2026-10-03,0
XHR,2025-06-30,287579000.0,55157000.0,0.56,edgar,2025-08-01,2026-10-03,2026-10-03,0
XHR,2025-09-30,236417000.0,-13738000.0,-0.14,edgar,2025-10-31,2026-10-03,2026-10-03,0
XHR,2025-12-31,265577000.0,6084000.0,0.06999999999999995,edgar,2026-02-24,2026-10-03,2026-10-03,0
XHR,2026-03-31,295408000.0,19771000.0,0.21,edgar,2026-05-01,2026-10-03,2026-10-03,0
XHR,2026-06-30,295492000.0,-19338000.0,-0.21,edgar,2026-07-30,2026-10-03,2026-10-03,0
XMAX,2023-09-30,2476134.0,-1288629.0,-0.83,edgar,2023-11-14,2026-10-03,2026-10-03,0
XMAX,2023-12-31,2274331.0,-4673732.0,-2.91,edgar,2024-04-15,2026-10-03,2026-10-03,0
XMAX,2024-03-31,2376393.0,-1462756.0,-0.65,edgar,2024-05-15,2026-10-03,2026-10-03,0
XMAX,2024-06-30,2688533.0,-563489.0,-0.22,edgar,2024-08-14,2026-10-03,2026-10-03,0
XMAX,2024-09-30,2615807.0,-2466064.0,-0.72,edgar,2024-11-14,2026-10-03,2026-10-03,0
XMAX,2024-12-31,2006242.0,-1069396.0,0.1100000000000001,edgar,2025-03-31,2026-10-03,2026-10-03,0
XMAX,2025-03-31,2635718.0,-338871.0,-0.03,edgar,2025-05-15,2026-10-03,2026-10-03,0
XMAX,2025-06-30,2556223.0,-289907.0,-0.02,edgar,2025-08-14,2026-10-03,2026-10-03,0
XMAX,2025-09-30,9761091.0,-1126394.0,-0.06,edgar,2025-11-14,2026-10-03,2026-10-03,0
XMAX,2025-12-31,1769671.0,-1663406.0,-0.06000000000000001,edgar,2026-04-15,2026-10-03,2026-10-03,0
XMAX,2026-03-31,1781721.0,191514.0,0.0,edgar,2026-05-15,2026-10-03,2026-10-03,0
XMAX,2026-06-30,2736721.0,32428369.0,0.53,edgar,2026-08-14,2026-10-03,2026-10-03,0
XMTR,2023-09-30,118927000.0,-12023000.0,,edgar,2023-11-09,2026-10-03,2026-10-03,0
XMTR,2023-12-31,128145000.0,-10579000.0,,edgar,2024-02-29,2026-10-03,2026-10-03,0
XMTR,2024-03-31,122690000.0,-16616000.0,,edgar,2024-05-09,2026-10-03,2026-10-03,0
XMTR,2024-06-30,132595000.0,-13697000.0,,edgar,2024-08-08,2026-10-03,2026-10-03,0
XMTR,2024-09-30,141698000.0,-10199000.0,,edgar,2024-11-05,2026-10-03,2026-10-03,0
XMTR,2024-12-31,148546000.0,-9888000.0,,edgar,2025-02-25,2026-10-03,2026-10-03,0
XMTR,2025-03-31,150971000.0,-15076000.0,,edgar,2025-05-06,2026-10-03,2026-10-03,0
XMTR,2025-06-30,162547000.0,-26437000.0,,edgar,2025-08-05,2026-10-03,2026-10-03,0
XMTR,2025-09-30,180715000.0,-11597000.0,,edgar,2025-11-04,2026-10-03,2026-10-03,0
XMTR,2025-12-31,192398000.0,-8638000.0,,edgar,2026-02-24,2026-10-03,2026-10-03,0
XMTR,2026-03-31,205138000.0,-5259000.0,,edgar,2026-05-07,2026-10-03,2026-10-03,0
XMTR,2026-06-30,229280000.0,-5314000.0,,edgar,2026-08-04,2026-10-03,2026-10-03,0
XNCR,2023-09-30,59164000.0,-24269000.0,-0.4,edgar,2023-11-08,2026-10-03,2026-10-03,0
XNCR,2023-12-31,50966000.0,-26147000.0,-0.41000000000000014,edgar,2024-02-29,2026-10-03,2026-10-03,0
XNCR,2024-03-31,15997000.0,-73440000.0,-1.2,edgar,2024-05-09,2026-10-03,2026-10-03,0
XNCR,2024-06-30,23907000.0,-67337000.0,-1.09,edgar,2024-08-05,2026-10-03,2026-10-03,0
XNCR,2024-09-30,17796000.0,-46288000.0,-0.72,edgar,2024-11-06,2026-10-03,2026-10-03,0
XNCR,2024-12-31,52793000.0,-45553000.0,-0.5700000000000003,edgar,2025-02-27,2026-10-03,2026-10-03,0
XNCR,2025-03-31,32732000.0,-48418000.0,-0.66,edgar,2025-05-07,2026-10-03,2026-10-03,0
XNCR,2025-06-30,43608000.0,-30825000.0,-0.41,edgar,2025-08-06,2026-10-03,2026-10-03,0
XNCR,2025-09-30,20999000.0,-6027000.0,-0.08,edgar,2025-11-05,2026-10-03,2026-10-03,0
XNCR,2025-12-31,28237000.0,-6653000.0,-0.09000000000000008,edgar,2026-02-25,2026-10-03,2026-10-03,0
XNCR,2026-03-31,4516000.0,-128916000.0,-1.71,edgar,2026-05-06,2026-10-03,2026-10-03,0
XNCR,2026-06-30,51221000.0,-21729000.0,-0.29,edgar,2026-08-05,2026-10-03,2026-10-03,0
XRN,2023-09-30,35507000.0,4833000.0,0.05,edgar,2023-11-07,2026-10-03,2026-10-03,0
XRN,2023-12-31,32961000.0,551000.0,0.8899999999999999,edgar,2024-02-28,2026-10-03,2026-10-03,0
XRN,2024-03-31,35118000.0,2314000.0,0.01,edgar,2024-05-08,2026-10-03,2026-10-03,0
XRN,2024-06-30,34241000.0,-1952000.0,-0.05,edgar,2024-08-07,2026-10-03,2026-10-03,0
XRN,2024-09-30,34264000.0,3391000.0,0.14,edgar,2024-11-07,2026-10-03,2026-10-03,0
XRN,2024-12-31,35157000.0,2939000.0,-0.04000000000000001,edgar,2025-02-28,2026-10-03,2026-10-03,0
XRN,2025-03-31,34618000.0,3737000.0,0.16,edgar,2025-05-08,2026-10-03,2026-10-03,0
XRN,2025-06-30,37969000.0,585000.0,-0.06,edgar,2025-08-06,2026-10-03,2026-10-03,0
XRN,2025-09-30,37229000.0,-5058000.0,-0.45,edgar,2025-11-05,2026-10-03,2026-10-03,0
XRN,2025-12-31,38392000.0,-6147000.0,-0.56,edgar,2026-03-02,2026-10-03,2026-10-03,0
XRN,2026-03-31,38064000.0,1654000.0,-0.06,edgar,2026-05-07,2026-10-03,2026-10-03,0
XRN,2026-06-30,39747000.0,72281000.0,4.78,edgar,2026-08-10,2026-10-03,2026-10-03,0
XRX,2023-09-30,1652000000.0,49000000.0,0.28,edgar,2023-10-30,2026-10-03,2026-10-03,0
XRX,2023-12-31,1765000000.0,-58000000.0,-0.39,edgar,2024-02-23,2026-10-03,2026-10-03,0
XRX,2024-03-31,1502000000.0,-113000000.0,-0.94,edgar,2024-05-01,2026-10-03,2026-10-03,0
XRX,2024-06-30,1578000000.0,18000000.0,0.11,edgar,2024-08-01,2026-10-03,2026-10-03,0
XRX,2024-09-30,1528000000.0,-1205000000.0,-9.71,edgar,2024-11-04,2026-10-03,2026-10-03,0
XRX,2024-12-31,1613000000.0,-21000000.0,-0.20999999999999908,edgar,2025-02-24,2026-10-03,2026-10-03,0
XRX,2025-03-31,1457000000.0,-90000000.0,-0.75,edgar,2025-05-12,2026-10-03,2026-10-03,0
XRX,2025-06-30,1576000000.0,-106000000.0,-0.87,edgar,2025-08-07,2026-10-03,2026-10-03,0
XRX,2025-09-30,1961000000.0,-760000000.0,-6.01,edgar,2025-11-10,2026-10-03,2026-10-03,0
XRX,2025-12-31,2028000000.0,-73000000.0,-0.6200000000000001,edgar,2026-03-17,2026-10-03,2026-10-03,0
XRX,2026-03-31,1846000000.0,-105000000.0,-0.84,edgar,2026-05-07,2026-10-03,2026-10-03,0
XRX,2026-06-30,1922000000.0,13000000.0,0.07,edgar,2026-08-06,2026-10-03,2026-10-03,0
ZBH,2023-09-30,1753600000.0,162700000.0,0.77,edgar,2023-11-07,2026-10-03,2026-10-03,0
ZBH,2023-12-31,1940000000.0,419200000.0,2.0,edgar,2024-02-23,2026-10-03,2026-10-03,0
ZBH,2024-03-31,1889200000.0,172400000.0,0.84,edgar,2024-05-02,2026-10-03,2026-10-03,0
ZBH,2024-06-30,1942000000.0,242800000.0,1.18,edgar,2024-08-07,2026-10-03,2026-10-03,0
ZBH,2024-09-30,1824200000.0,249100000.0,1.23,edgar,2024-10-30,2026-10-03,2026-10-03,0
ZBH,2024-12-31,2023200000.0,239500000.0,1.1799999999999997,edgar,2025-02-25,2026-10-03,2026-10-03,0
ZBH,2025-03-31,1909100000.0,182000000.0,0.91,edgar,2025-05-05,2026-10-03,2026-10-03,0
ZBH,2025-06-30,2077300000.0,152800000.0,0.77,edgar,2025-08-07,2026-10-03,2026-10-03,0
ZBH,2025-09-30,2001400000.0,230900000.0,1.16,edgar,2025-11-05,2026-10-03,2026-10-03,0
ZBH,2025-12-31,2243700000.0,139400000.0,0.71,edgar,2026-02-20,2026-10-03,2026-10-03,0
ZBH,2026-03-31,2086700000.0,238100000.0,1.22,edgar,2026-05-01,2026-10-03,2026-10-03,0
ZBH,2026-06-30,2177000000.0,198300000.0,1.03,edgar,2026-08-05,2026-10-03,2026-10-03,0
ZD,2023-09-30,340985000.0,-30971000.0,-0.67,edgar,2024-11-08,2026-10-03,2026-10-03,0
ZD,2023-12-31,389885000.0,63422000.0,1.36,edgar,2025-02-25,2026-10-03,2026-10-03,0
ZD,2024-03-31,314485000.0,10627000.0,0.23,edgar,2024-05-09,2026-10-03,2026-10-03,0
ZD,2024-06-30,320800000.0,36910000.0,0.77,edgar,2024-08-08,2026-10-03,2026-10-03,0
ZD,2024-09-30,353580000.0,-48577000.0,-1.11,edgar,2024-11-08,2026-10-03,2026-10-03,0
ZD,2024-12-31,412823000.0,64087000.0,1.53,edgar,2025-02-25,2026-10-03,2026-10-03,0
ZD,2025-03-31,272816000.0,24239000.0,0.57,edgar,2025-05-09,2026-10-03,2026-10-03,0
ZD,2025-06-30,294803000.0,26343000.0,0.63,edgar,2025-08-07,2026-10-03,2026-10-03,0
ZD,2025-09-30,363711000.0,-3598000.0,-0.09,edgar,2025-11-07,2026-10-03,2026-10-03,0
ZD,2025-12-31,519938000.0,370000.0,0.040000000000000036,edgar,2026-02-24,2026-10-03,2026-10-03,0
ZD,2026-03-31,267641000.0,22261000.0,0.59,edgar,2026-05-08,2026-10-03,2026-10-03,0
ZD,2026-06-30,286738000.0,624461000.0,17.16,edgar,2026-08-07,2026-10-03,2026-10-03,0
ZETA,2023-09-30,188984000.0,-43086000.0,-0.27,edgar,2023-11-02,2026-10-03,2026-10-03,0
ZETA,2023-12-31,210320000.0,-35281000.0,-0.20999999999999996,edgar,2024-02-28,2026-10-03,2026-10-03,0
ZETA,2024-03-31,194947000.0,-39566000.0,-0.23,edgar,2024-05-07,2026-10-03,2026-10-03,0
ZETA,2024-06-30,227839000.0,-28066000.0,-0.16,edgar,2024-08-01,2026-10-03,2026-10-03,0
ZETA,2024-09-30,268295000.0,-17375000.0,-0.09,edgar,2024-11-12,2026-10-03,2026-10-03,0
ZETA,2024-12-31,314673000.0,15236000.0,0.09999999999999998,edgar,2025-02-26,2026-10-03,2026-10-03,0
ZETA,2025-03-31,264419000.0,-21600000.0,-0.1,edgar,2025-05-02,2026-10-03,2026-10-03,0
ZETA,2025-06-30,308442000.0,-12814000.0,-0.06,edgar,2025-08-06,2026-10-03,2026-10-03,0
ZETA,2025-09-30,337169000.0,-3634000.0,-0.02,edgar,2025-11-05,2026-10-03,2026-10-03,0
ZETA,2025-12-31,394638000.0,6539000.0,0.03999999999999998,edgar,2026-02-25,2026-10-03,2026-10-03,0
ZETA,2026-03-31,396304000.0,-13247000.0,-0.06,edgar,2026-05-01,2026-10-03,2026-10-03,0
ZETA,2026-06-30,442766000.0,8173000.0,0.03,edgar,2026-08-05,2026-10-03,2026-10-03,0
ZLAB,2023-09-30,69228000.0,-69152000.0,-0.07,edgar,2023-11-07,2026-10-03,2026-10-03,0
ZLAB,2023-12-31,65830000.0,-95409000.0,-0.09999999999999998,edgar,2024-02-27,2026-10-03,2026-10-03,0
ZLAB,2024-03-31,87149000.0,-53471000.0,-0.05,edgar,2024-05-08,2026-10-03,2026-10-03,0
ZLAB,2024-06-30,100106000.0,-80277000.0,-0.08,edgar,2024-08-06,2026-10-03,2026-10-03,0
ZLAB,2024-09-30,101847000.0,-41671000.0,-0.04,edgar,2024-11-12,2026-10-03,2026-10-03,0
ZLAB,2024-12-31,108512000.0,-81681000.0,-0.09,edgar,2025-02-27,2026-10-03,2026-10-03,0
ZLAB,2025-03-31,105650000.0,-48438000.0,-0.04,edgar,2025-05-08,2026-10-03,2026-10-03,0
ZLAB,2025-06-30,109085000.0,-40727000.0,-0.04,edgar,2025-08-07,2026-10-03,2026-10-03,0
ZLAB,2025-09-30,115361000.0,-35963000.0,-0.03,edgar,2025-11-06,2026-10-03,2026-10-03,0
ZLAB,2025-12-31,127086000.0,-50372000.0,-0.05,edgar,2026-02-26,2026-10-03,2026-10-03,0
ZLAB,2026-03-31,95556000.0,-51016000.0,-0.05,edgar,2026-05-07,2026-10-03,2026-10-03,0
ZLAB,2026-06-30,105751000.0,-50825000.0,-0.05,edgar,2026-08-06,2026-10-03,2026-10-03,0
ZM,2023-10-31,1136727000.0,141212000.0,0.45,edgar,2023-11-21,2026-10-03,2026-10-03,0
ZM,2024-01-31,1146457000.0,298832000.0,0.9799999999999998,edgar,2024-03-04,2026-10-03,2026-10-03,0
ZM,2024-04-30,1141234000.0,216308000.0,0.69,edgar,2024-05-22,2026-10-03,2026-10-03,0
ZM,2024-07-31,1162520000.0,219015000.0,0.7,edgar,2024-08-23,2026-10-03,2026-10-03,0
ZM,2024-10-31,1177541000.0,207050000.0,0.66,edgar,2024-11-26,2026-10-03,2026-10-03,0
ZM,2025-01-31,1184138000.0,367865000.0,1.1600000000000001,edgar,2025-02-28,2026-10-03,2026-10-03,0
ZM,2025-04-30,1174715000.0,254603000.0,0.81,edgar,2025-05-23,2026-10-03,2026-10-03,0
ZM,2025-07-31,1217227000.0,358592000.0,1.16,edgar,2025-08-22,2026-10-03,2026-10-03,0
ZM,2025-10-31,1229835000.0,612873000.0,2.01,edgar,2025-11-25,2026-10-03,2026-10-03,0
ZM,2026-01-31,1246992000.0,674080000.0,2.2,edgar,2026-02-27,2026-10-03,2026-10-03,0
ZM,2026-04-30,1239006000.0,425677000.0,1.42,edgar,2026-05-22,2026-10-03,2026-10-03,0
ZM,2026-07-31,1277217000.0,1542445000.0,5.15,edgar,2026-08-26,2026-10-03,2026-10-03,0
ZYME,2023-09-30,16506000.0,-28687000.0,-0.41,edgar,2023-11-07,2026-10-03,2026-10-03,0
ZYME,2023-12-31,16926000.0,-14482000.0,-0.17999999999999994,edgar,2024-03-06,2026-10-03,2026-10-03,0
ZYME,2024-03-31,10030000.0,-31653000.0,-0.42,edgar,2024-05-02,2026-10-03,2026-10-03,0
ZYME,2024-06-30,19243000.0,-37686000.0,-0.49,edgar,2024-08-01,2026-10-03,2026-10-03,0
ZYME,2024-09-30,16000000.0,-29850000.0,-0.39,edgar,2024-10-31,2026-10-03,2026-10-03,0
ZYME,2024-12-31,31031000.0,-23506000.0,-0.32000000000000006,edgar,2025-03-05,2026-10-03,2026-10-03,0
ZYME,2025-03-31,27110000.0,-22636000.0,-0.3,edgar,2025-05-08,2026-10-03,2026-10-03,0
ZYME,2025-06-30,48726000.0,2317000.0,0.03,edgar,2025-08-07,2026-10-03,2026-10-03,0
ZYME,2025-09-30,27614000.0,-19602000.0,-0.26,edgar,2025-11-06,2026-10-03,2026-10-03,0
ZYME,2025-12-31,2515000.0,-41209000.0,-0.55,edgar,2026-03-02,2026-10-03,2026-10-03,0
ZYME,2026-03-31,2408000.0,-44162000.0,-0.59,edgar,2026-05-07,2026-10-03,2026-10-03,0
ZYME,2026-06-30,4590000.0,-45019000.0,-0.62,edgar,2026-08-06,2026-10-03,2026-10-03,0
